episodio,fecha_emision,guion,arte,animacion,direccion,tv_rating,rank
1,20 de octubre de 1999,Junki Takegami,Tomoko Yoshida,Kazuya Hisada,Kōnosuke Uda,12.4%,6
2,17 de noviembre de 1999,Michiru Shimada,Miyuki Sato,Eisaku Inoue,Tetsuji Nakamura,11.7%,9
3,24 de noviembre de 1999,Michiru Shimada,Tomoko Yoshida,Kenji Yokoyama,Hidehiko Kadota,13.3%,7
4,8 de diciembre de 1999,Junki Takegami,Kunihiro Senda,Masayuki Takagi,Munehisa Sakai,12.9%,9
5,15 de diciembre 1999,Junki Takegami,Tomoko Yoshida,Yuji Hakamada,Junichi Fujise‎,13.5%,8
6,29 de diciembre de 1999,Michiru Shimada,Miyuki Sato,Takeo Ide,Shigeyasu Yamauchi,12.3%,1
7,29 de diciembre de 1999,Michiru  Shimada,Tomoko Yoshida,Kazuya Hisada,Tetsuji Nakamura,12.3%,1
8,29 de diciembre de 1999,Michiru Shimada,Kunihiro Senda,Kenji Yokoyama,Kōnosuke Uda,12.3%,1
9,12 de enero del 2000,Junki Takegami,Tomoko Yoshida,Eisaku Inoue,Hidehiko Kadota,11.4%,8
10,19 de enero del 2000,Junki Takegami,Miyuki Sato,Masayuki Takagi,Munehisa Sakai,12.7%,9
11,26 de enero del 2000,Junki Takegami,Tomoko Yoshida,Yuji Hakamada,Shigeyasu Yamauchi,12.1%,9
12,2 de febrero del 2000,Junki Takegami,Kunihiro Senda,Takeo Ide,Junichi Fujise,13.2%,9
13,9 de febrero del 2000,Junki Takegami,Tomoko Yoshida,Kenji Yokoyama,Hidehiko Kadota,14.7%,7
14,16 de febrero del 2000,Junki Takegami,Miyuki Sato,Eisaku Inoue,Yukio Kaizawa,12.8%,10
15,23 de febrero del 2000,Junki Takegami,Yuri Sanami,Masayuki Takagi,Kōnosuke Uda,14.4%,6
16,1 de marzo del 2000,Junki Takegami,Kunihiro Senda,Noboru Koizumi,Munehisa Sakai,13.9%,8
17,8 de marzo del 2000,Junki Takegami,Tomoko Yoshida,Yuji Hakamada,Hidehiko Kadota,14.1%,9
18,15 de marzo del 2000,Michiru Shimada,Miyuki Sato,Tadayoshi Yamamuro,Junichi Fujise,12.0%,9
19,22 de marzo del 2000,Junki Takegami,Makoto Suwada,Eisaku Inoue,Kōnosuke Uda,14.3%,4
20,12 de abril del 2000,Junki Takegami,Yuri Sanami,Kenji Yokoyama,Yukio Kaizawa,15.0%,3
21,12 de abril del 2000,Junki Takegami,Kunihiro Senda,Masayuki Takagi,Hidehiko Kadota,15.0%,3
22,26 de abril del 2000,Junki Takegami,Tomoko Yoshida,Kazuya Hisada,Yoko Ikeda,12.2%,8
23,3 de mayo del 2000,Junki Takegami,Miyuki Sato,Noboru Koizumi,Munehisa Sakai,10.6%,N/A
24,10 de mayo del 2000,Michiru Shimada,Yuri Sanami,Yuji Hakamada,Hidehiko Kadota,11.9%,8
25,17 de mayo del 2000,Michiru Shimada,Kunihiro Senda,Takeo Ide,Yuji Endo,13.7%,5
26,24 de mayo del 2000,Michiru Shimada,Tomoko Yoshida,Eisaku Inoue,Munehisa Sakai,13.1%,7
27,31 de mayo del 2000,Junki Takegami,Miyuki Sato,Kenji Yokoyama,Kōnosuke Uda,14.2%,3
28,7 de junio del 2000,Junki Takegami,Yuri Sanami,Masayuki Takagi,Junji Shimizu,12.1%,9
29,21 de junio del 2000,Junki Takegami,Iwamitsu Itō,Kazuya Hisada,Junichi Fujise,10.6%,10
30,28 de junio del 2000,Junki Takegami,Tomoko Yoshida,Noboru Koizumi,Hidehiko Kadota,13.2%,6
31,12 de julio 2000,Michiru Shimada,Miyuki Sato,Yuji Hakamada,Yuji Endo,11.5%,8
32,19 de julio del 2000,Michiru Shimada,Yuri Sanami,Takeo Ide,Munehisa Sakai,13.1%,2
33,19 de julio del 2000,Michiru Shimada,Kunihiro Senda,Eisaku Inoue,Yukio Kaizawa,13.1%,2
34,26 de julio del 2000,Michiru Shimada,Tomoko Yoshida,Kenji Yokoyama,Junji Shimizu,12.7%,5
35,2 de agosto del 2000,Michiru Shimada,Kunihiro Senda,Masayuki Takagi,Hidehiko Kadota,11.5%,6
36,9 de agosto del 2000,Michiru Shimada,Yuri Sanami,Kazuya Hisada,Kōnosuke Uda,12.2%,5
37,16 de agosto del 2000,Michiru Shimada,Miyuki Sato,Hideaki Naniwa,Junichi Fujise,11.4%,5
38,23 de agosto del 2000,Michiru Shimada,Tomoko Yoshida,Yuji Hakamada,Yuji Endo,13.6%,3
39,30 de agosto del 2000,Michiru Shimada,Miyuki Sato,Kenji Yokoyama,Junji Shimizu,14.4%,5
40,6 de septiembre 2000,Michiru Shimada,Yuri Sanami,Tadayoshi Yamamuro,Yoko Ikeda,13.6%,8
41,13 de septiembre 2000,Michiru Shimada,Kunihiro Senda,Eisaku Inoue,Munehisa Sakai,13.6%,4
42,27 de septiembre del 2000,Michiru Shimada,Tomoko Yoshida,Masayuki Takagi,Hidehiko Kadota,15.0%,2
43,27 de septiembre de 2000,Michiru Shimada,Miyuki Sato,Kazuya Hisada,Junji Shimizu,15.0%,2
44,11 de octubre del 2000,Michiru Shimada,Yuri Sanami,Yuji Hakamada,Kōnosuke Uda,13.2%,5
45,25 de octubre del 2000,Junki Takegami,Kunihiro Senda,Hideaki Naniwa,Yoko Ikeda,13.6%,6
46,1 de noviembre del 2000,Junki Takegami,Tomoko Yoshida,Kenji Yokoyama,Munehisa Sakai,14.4%,6
47,8 de noviembre 2000,Junki Takegami,Miyuki Sato,Kazuo Takigawa,Hidehiko Kadota,13.5%,8
48,22 de noviembre del 2000,Michiru Shimada,Yuri Sanami,Eisaku Inoue,Junichi Fujise,15.7%,5
49,22 de noviembre del 2000,Michiru Shimada,Kunihiro Senda,Tadayoshi Yamamuro,Yoshihiro Ueda,15.7%,5
50,29 de noviembre del 2000,Michiru Shimada,Tomoko Yoshida,Masayuki Takagi,Katsumi Tokoro,15.2%,5
51,6 de diciembre 2000,Michiru Shimada,Miyuki Sato,Kazuya Hisada,Munehisa Sakai,14.0%,6
52,13 de diciembre 2000,Michiru Shimada,Yuri Sanami,Yuji Hakamada,Hidehiko Kadota,14.7%,5
53,10 de enero 2001,Michiru Shimada,Kunihiro Senda,Hideaki Naniwa,Ken Koyama,14.1%,6
54,17 de enero de 2001,Junki Takegami,Tomoko Yoshida,Kenji Yokoyama,Kōnosuke Uda,14.1%,8
55,24 de enero 2001,Junki Takegami,Miyuki Sato,Masayuki Takagi,Harume Kosaka,15.3%,7
56,31 de enero 2001,Junki Takegami,Yuri Sanami,Kazuya Hisada,Hidehiko Kadota,14.7%,6
57,7 de febrero 2001,Junki Takegami,Kunihiro Senda,Kazuo Takigawa,Yoko Ikeda,14.6%,8
58,21 de febrero de 2001,Junki Takegami,Tomoko Yoshida,Tadayoshi Yamamuro,Munehisa Sakai,16.6%,5
59,21 de febrero de 2001,Junki Takegami,Miyuki Sato,Yuji Hakamada,Junichi Fujise,16.6%,5
60,28 de febrero 2001,Junki Takegami,Yuri Sanami,Hideaki Naniwa,Yoshihiro Ueda,16.3%,4
61,7 de marzo 2001,Junki Takegami,Kunihiro Senda,Kenji Yokoyama,Hidehiko Kadota,16.0%,4
62,21 de marzo 2001,Michiru Shimada,Tomoko Yoshida,Masayuki Takagi,Kōnosuke Uda,13.7%,6
63,21 de marzo 2001,Michiru Shimada,Seiichiro Sugiura,Kazuya Hisada,Harume Kosaka,13.7%,6
64,15 de abril 2001,Michiru Shimada,Miyuki Sato,Kazuo Takigawa,Yoko Ikeda,17.2%,2
65,15 de abril 2001,Michiru Shimada,Yuri Sanami,Tadayoshi Yamamuro,Yoshihiro Ueda,17.2%,2
66,22 de abril 2001,Michiru Shimada,Kunihiro Senda,Yuji Hakamada,Hidehiko Kadota,14.1%,6
67,29 de abril 2001,Michiru Shimada,Tomoko Yoshida,Hideaki Naniwa,Kōnosuke Uda,15.0%,4
68,13 de mayo de  2001,Michiru Shimada,Miyuki Sato,Kenji Yokoyama,Harume Kosaka,14.6%,3
69,20 de mayo de 2001,Michiru Shimada,Yuri Sanami,Masayuki Takagi,Munehisa Sakai,15.8%,3
70,27 de mayo 2001,Junki Takegami,Seiichiro Sugiura,Kazuya Hisada,Yuji Endo,13.1%,6
71,3 de junio 2001,Junki Takegami,Fumihiro Uchikawa,Takeo Ide,Hidehiko Kadota,14.7%,3
72,17 de junio 2001,Junki Takegami,Tomoko Yoshida,Eisaku Inoue,Yoko Ikeda,12.5%,8
73,24 de junio 2001,Junki Takegami,Kunihiro Senda,Yuji Hakamada,Yoshihiro Ueda,15.3%,4
74,15 de julio 2001,Junki Takegami,Yuri Sanami,Hideaki Naniwa,Kōnosuke Uda,15.6%,3
75,12 de agosto 2001,Junki Takegami,Miyuki Sato,Kenji Yokoyama,Junichi Fujise,12.8%,6
76,19 de agosto 2001,Junki Takegami,Tomoko Yoshida,Masayuki Takagi,Harume Kosaka,14.9%,2
77,19 de agosto 2001,Junki Takegami,Fumihiro Uchikawa,Kazuya Hisada,Yuji Endo,14.9%,2
78,26 de agosto 2001,Junki Takegami,Yuri Sanami,Noboru Koizumi,Yoshihiro Ueda,15.6%,3
79,2 de septiembre 2001,Junki Takegami,Miyuki Sato,Eisaku Inoue,Junji Shimizu,13.1%,5
80,9 de septiembre  2001,Michiru Shimada,Seiichiro Sugiura,Yuji Hakamada,Munehisa Sakai,16.1%,4
81,16 de septiembre 2001,Michiru Shimada,Tomoko Yoshida,Hideaki Naniwa,Kōnosuke Uda,15.5%,5
82,7 de octubre 2001,Michiru Shimada,Kunihiro Senda,Kenji Yokoyama,Harume Kosaka,13.5%,2
83,7 de octubre 2001,Michiru Shimada,Yuri Sanami,Masayuki Takagi,Hidehiko Kadota,13.5%,2
84,21 de octubre  2001,Michiru Shimada,Miyuki Sato,Kazuya Hisada,Daisuke Nishio,14.5%,6
85,28 de octubre 2001,Michiru Shimada,Tomoko Yoshida,Noboru Koizumi,Yoshihiro Ueda,15.2%,5
86,4 de noviembre 2001,Michiru Shimada,Kunihiro Senda,Eisaku Inoue,Kōnosuke Uda,16.0%,5
87,11 de noviembre 2001,Michiru Shimada,Yuri Sanami,Takeo Ide,Junji Shimizu,14.8%,6
88,18 de noviembre 2001,Michiru Shimada,Miyuki Sato,Hideaki Naniwa,Hidehiko Kadota,15.3%,5
89,25 de noviembre 2001,Michiru Shimada,Tomoko Yoshida,Kenji Yokoyama,Junichi Fujise,15.8%,4
90,2 de diciembre 2001,Michiru Shimada,Kunihiro Senda,Masayuki Takagi,Munehisa Sakai,15.6%,3
91,9 de diciembre 2001,Michiru Shimada,Yuri Sanami,Kazuya Hisada,Harume Kosaka,13.3%,3
92,9 de diciembre 2001,Junki Takegami,Fumihiro Uchikawa,Noboru Koizumi,Yuji Endo,16.3%,3
93,16 de diciembre 2001,Junki Takegami,Tomoko Yoshida,Eisaku Inoue,Kōnosuke Uda,14.3%,4
94,23 de diciembre 2001,Michiru Shimada,Miyuki Sato,Takeo Ide,Junji Shimizu,14.0%,4
95,6 de enero 2002,Michiru Shimada,Miyuki SatoMichiyo Kawasaki,Hideaki Naniwa,Hidehiko Kadota,19.1%,1
96,13 de enero 2002,Michiru Shimada,Miyuki SatoMakoto Suwada,Kenji Yokoyama,Yoko Ikeda,15.6%,3
97,20 de enero 2002,Junki Takegami,Miyuki SatoFumihiro Uchikawa,Kazuya Hisada,Harume Kosaka,14.6%,4
98,27 de enero 2002,Junki Takegami,Miyuki SatoMichiyo Kawasaki,Masayuki Takagi,Daisuke Nishio,15.7%,6
99,3 de febrero 2002,Junki Takegami,Miyuki SatoMakoto Suwada,Eisaku Inoue,Munehisa Sakai,16.7%,5
100,10 de febrero 2002,Junki Takegami,Miyuki SatoFumihiro Uchikawa,Takeo Ide,Yuji Endo,13.6%,5
101,17 de febrero 2002,Michiru Shimada,Miyuki SatoMichiyo Kawasaki,Kenji Yokoyama,Hidehiko Kadota,13.9%,7
102,24 de febrero 2002,Michiru Shimada,Miyuki SatoMakoto Suwada,Hideaki Naniwa,Kōnosuke Uda,16.4%,3
103,3 de marzo 2002,Junki Takegami,Miyuki SatoFumihiro Uchikawa,Masayuki Takagi,Harume Kosaka,15.2%,2
104,10 de marzo 2002,Junki Takegami,Miyuki SatoMichiyo Kawasaki,Eisaku Inoue,Ken Koyama,13.8%,8
105,17 de marzo 2002,Michiru Shimada,Miyuki SatoMakoto Suwada,Naoki TateMasahiro  Shimanuki,Yuji Endo,14.3%,5
106,24 de marzo 2002,Michiru Shimada,Miyuki SatoFumihiro Uchikawa,Takeo Ide,Hidehiko Kadota,14.2%,6
107,14 de abril 2002,Michiru Shimada,Miyuki SatoMichiyo Kawasaki,Kenji Yokoyama,Kōnosuke Uda,14.3%,4
108,21 de abril 2002,Michiru Shimada,Miyuki SatoMakoto Suwada,Hideaki  Naniwa,Ken Koyama,14.6%,5
109,28 de abril 2002,Junki Takegami,Miyuki SatoFumihiro Uchikawa,Masayuki Takagi,Daisuke Nishio,14.4%,5
110,5 de mayo 2002,Junki Takegami,Yuri Sanami,Eisaku Inoue,Yuji Endo,11.4%,4
111,12 de mayo 2002,Junki Takegami,Miyuki SatoFumihiro Uchikawa,Natsuko Makiyo,Junichi Fujise,13.7%,6
112,19 de mayo 2002,Michiru Shimada,Miyuki SatoMichiyo Kawasaki,Naoki TateMasahiro Shimanuki,Munehisa Sakai,14.4%,4
113,2 de junio 2002,Michiru Shimada,Miyuki SatoKunihiro Senda,Kazuya Hisada,Hidehiko Kadota,13.4%,3
114,9 de junio 2002,Junki Takegami,Miyuki SatoFumihiro Uchikawa,Noboru Koizumi,Kōji Tanaka,16.0%,3
115,16 de junio 2002,Junki Takegami,Miyuki SatoMichiyo Kawasaki,Takeo Ide,Harume Kosaka,11.3%,6
116,23 de junio 2002,Michiru Shimada,Miyuki SatoKunihiro Senda,Kenji Yokoyama,Ken Koyama,13.6%,3
117,30 de junio 2002,Michiru Shimada,Miyuki SatoFumihiro Uchikawa,Hideaki Naniwa,Yoko Ikeda,11.7%,6
118,14 de julio 2002,Michiru Shimada,Miyuki SatoMichiyo Kawasaki,Masayuki Takagi,Yuji Endo,14.1%,3
119,21 de julio 2002,Junki Takegami,Miyuki SatoToshiaki Marumori,Eisaku Inoue,Munehisa Sakai,12.6%,5
120,4 de agosto 2002,Junki Takegami,Miyuki SatoKunihiro Senda,Kazuya Hisada,Hidehiko Kadota,13.3%,4
121,11 de agosto 2002,Junki Takegami,Miyuki SatoMichiyo Kawasaki,Natsuko Makiyo,Harume Kosaka,11.2%,7
122,18 de agosto 2002,Michiru Shimada,Miyuki SatoToshiaki Marumori,Takeo Ide,Junichi Fujise,12.9%,3
123,25 de agosto 2002,Michiru Shimada,Miyuki SatoFumihiro Uchikawa,Kenji Yokoyama,Junji Shimizu,12.4%,6
124,1 de septiembre 2002,Michiru Shimada,Miyuki SatoMichiyo Kawasaki,Takayuki Shimura,Yuji Endo,11.5%,8
125,8 de septiembre 2002,Yoshiyuki Suga,Miyuki SatoToshiaki Marumori,Hideaki Naniwa,Hidehiko Kadota,13.4%,3
126,15 de septiembre 2002,Michiru Shimada,Miyuki SatoKunihiro Senda,Eisaku Inoue,Munehisa Sakai,13.2%,5
127,6 de octubre 2002,Yoshiyuki Suga,Miyuki SatoMichiyo Kawasaki,Masayuki Takagi,Harume Kosaka,14.1%,3
128,6 de octubre 2002,Yoshiyuki Suga,Miyuki SatoToshiaki Marumori,Noboru Koizumi,Junji Shimizu,14.1%,3
129,20 de octubre 2002,Yoshiyuki Suga,Miyuki SatoFumihiro Uchikawa,Kazuya Hisada,Daisuke Nishio,12.6%,5
130,27 de octubre 2002,Yoshiyuki Suga,Miyuki SatoMichiyo Kawasaki,Takayuki Shimura,Yoko Ikeda,13.8%,3
131,3 de noviembre del 2002,Michiru Shimada,Miyuki SatoToshiaki Marumori,Kenji Yokoyama,Yuji Endo,11.6%,8
132,10 de noviembre del 2002,Ryōta Yamaguchi,Miyuki SatoKunihiro Senda,Takeo Ide,Harume Kosaka,13.5%,5
133,17 de noviembre del 2002,Junki Takegami,Miyuki SatoMichiyo Kawasaki,Masayuki Takagi,Hidehiko Kadota,14.2%,4
134,24 de noviembre del 2002,Junki Takegami,Miyuki SatoToshiaki Marumori,Hideaki Naniwa,Munehisa Sakai,12.8%,4
135,1 de dicembre del 2002,Junki Takegami,Miyuki SatoFumihiro Uchikawa,Naoki Tate,Junji Shimizu,11.8%,8
136,8 de diciembre del 2002,Yoshiyuki Suga,Miyuki SatoMichiyo Kawasaki,Kazuya Hisada,Junichi Fujise,13.8%,4
137,15 de diciembre del 2002,Yoshiyuki Suga,Miyuki SatoHiromitsu Shiozaki,Kenji Yokoyama,Yuji Endo,12.4%,5
138,22 de diciembre del 2002,Yoshiyuki Suga,Miyuki SatoKunihiro Senda,Takeo Ide,Yoko Ikeda,12.1%,4
139,5 de enero del 2003,Ryōta Yamaguchi,Tomoko Yoshida,Masayuki Takagi,Hidehiko Kadota,16.2%,1
140,12 de enero del 2003,Ryōta Yamaguchi,Miyuki SatoMichiyo Kawasaki,Hideaki Naniwa,Munehisa Sakai,10.7%,4
141,19 de enero del 2003,Ryōta Yamaguchi,Miyuki SatoFumihiro Uchikawa,Naoki Tate,Ken Koyama,13.3%,5
142,26 de enero del 2003,Ryōta Yamaguchi,Miyuki SatoMakoto Suwada,Kazuya Hisada,Yuji Endo,14.0%,5
143,2 de febrero del 2003,Ryōta Yamaguchi,Miyuki SatoToshiaki Marumori,Kenji Yokoyama,Junichi Fujise,14.3%,5
144,9 de febrero del 2003,Yoshiyuki Suga,Miyuki SatoMichiyo Kawasaki,Takeo Ide,Hidehiko Kadota,13.9%,4
145,16 de febrero del 2003,Yoshiyuki Suga,Miyuki SatoKunihiro Senda,Masayuki Takagi,Hiroyuki Kakudō,13.6%,4
146,23 de febrero 2003,Yoshiyuki Suga,Miyuki SatoToshiaki Marumori,Hideaki Naniwa,Yoko Ikeda,19.1%,1
147,9 de marzo del 2003,Yoshiyuki Suga,Miyuki SatoMichiyo Kawasaki,Naoki Tate,Junichi Fujise,13.8%,5
148,16 de marzo del 2003,Yoshiyuki Suga,Miyuki SatoKunihiro Senda,Kazuya Hisada,Junji Shimizu,11.9%,7
149,23 de marzo del 2003,Yoshiyuki Suga,Miyuki SatoFumihiro Uchikawa,Yūki Kinoshita,Yuji Endo,14.1%,4
150,13 de abril del 2003,Yoshiyuki Suga,Miyuki SatoKumiko Fukuzawa,Kenji Yokoyama,Hidehiko Kadota,13.4%,6
151,20 de abril del 2003,Yoshiyuki Suga,Miyuki SatoMichiyo Kawasaki,Masayuki  Takagi,Ken Koyama,14.2%,5
152,27 de abril del 2003,Michiru Shimada,Miyuki SatoFumihiro Uchikawa,Hideaki Naniwa,Hiroyuki Kakudō,13.9%,5
153,4 de mayo del 2003,Michiru Shimada,Miyuki SatoKumiko Fukuzawa,Naoki Tate,Junji Shimizu,12.1%,4
154,11 de mayo del 2003,Ryōta Yamaguchi,Miyuki SatoKunihiro Senda,Kazuya Hisada,Yoko Ikeda,12.6%,5
155,18 de mayo del 2003,Michiru Shimada,Miyuki SatoMichiyo Kawasaki,Yūki Kinoshita,Hidehiko Kadota,13.6%,6
156,8 de junio del 2003,Yoshiyuki Suga,Miyuki SatoFumihiro Uchikawa,Kenji Yokoyama,Junichi Fujise,12.8%,4
157,15 de junio del 2003,Junki Takegami,Miyuki SatoKumiko Fukuzawa,Masayuki Takagi,Ken Koyama,11.9%,6
158,22 de junio del 2003,Junki Takegami,Miyuki SatoMichiyo Kawasaki,Hideaki Naniwa,Hiroyuki Kakudō,12.9%,5
159,6 de julio del 2003,Yoshiyuki Suga,Miyuki SatoKunihiro Senda,Takeo Ide,Junji Shimizu,12.4%,7
160,13 de julio del 2003,Yoshiyuki Suga,Miyuki SatoKumiko Fukuzawa,Naoki Tate,Hidehiko Kadota,12.6%,6
161,20 de julio del 2003,Junki Takegami,Miyuki SatoMichiyo Kawasaki,Kazuya Hisada,Katsumi Tokoro,10.1%,8
162,3 de agosto del 2003,Junki Takegami,Miyuki SatoFumihiro Uchikawa,Noboru Koizumi,Munehisa Sakai,10.0%,9
163,10 de agosto del 2003,Yoshiyuki Suga,Miyuki SatoKumiko Fukuzawa,Yūki Kinoshita,Ken Koyama,10.2%,6
164,17 de agosto del 2003,Yoshiyuki Suga,Miyuki SatoMichiyo Kawasaki,Kenji Yokoyama,Kōnosuke Uda,12.9%,5
165,24 de agosto del  2003,Junki Takegami,Miyuki SatoKunihiro Senda,Masayuki Takagi,Junichi Fujise,10.7%,5
166,7 de septiembre del 2003,Junki Takegami,Miyuki SatoKumiko Fukuzawa,Hideaki Naniwa,Yoko Ikeda,12.4%,5
167,21 de septiembre del 2003,Yoshiyuki Suga,Miyuki SatoMichiyo Kawasaki,Takeo Ide,Shigeyasu Yamauchi,13.2%,4
168,12 de octubre del 2003,Yoshiyuki Suga,Miyuki SatoFumihiro Uchikawa,Eisaku Inoue,Hiroyuki Kakudō,8.9%,7
169,19 de octubre del 2003,Junki Takegami,Miyuki SatoKumiko Fukuzawa,Yūki Kinoshita,Munehisa Sakai,12.4%,3
170,19 de octubre del 2003,Junki Takegami,Miyuki SatoMichiyo Kawasaki,Kazuya Hisada,Ken Koyama,12.4%,3
171,26 de octubre del 2003,Yoshiyuki Suga,Miyuki SatoKunihiro Senda,Noboru Koizumi,Katsumi Tokoro,10.4%,8
172,2 de noviembre del 2003,Yoshiyuki Suga,Miyuki SatoKumiko Fukuzawa,Kenji Yokoyama,Hidehiko Kadota,12.4%,3
173,9 de noviembre del 2003,Junki Takegami,Miyuki SatoFumihiro Uchikawa,Masayuki Takagi,Kōnosuke Uda,14.3%,2
174,16 de noviembre del 2003,Junki Takegami,Miyuki SatoMichiyo Kawasaki,Naoki Tate,Yoko Ikeda,13.8%,2
175,21 de diciembre del 2003,Junki Takegami,Miyuki SatoKumiko Fukuzawa,Eisaku Inoue,Junichi Fujise,11.6%,5
176,11 de enero del 2004,Michiru Shimada,Miyuki SatoMichiyo Kawasaki,Takeo Ide,Munehisa Sakai,10.7%,4
177,18 de enero del 2004,Michiru Shimada,Miyuki SatoKunihiro Senda,Kazuya Hisada,Ken Koyama,12.4%,5
178,25 de enero del 2004,Michiru Shimada,Miyuki SatoKumiko Fukuzawa,Yūki Kinoshita,Hidehiko Kadota,11.6%,6
179,1 de febrero del 2004,Michiru Shimada,Miyuki SatoMichiyo Kawasaki,Kenji Yokoyama,Katsumi Tokoro,12.4%,7
180,8 de febrero del 2004,Junki Takegami,Miyuki SatoFumihiro Uchikawa,Masayuki Takagi,Yukio Kaizawa,12.8%,5
181,15 de febrero del 2004,Junki Takegami,Miyuki SatoKumiko Fukuzawa,Naoki Tate,Yoko Ikeda,11.8%,7
182,22 de febrero del 2004,Junki Takegami,Miyuki SatoMichiyo Kawasaki,Takeo Ide,Kōnosuke Uda,11.9%,6
183,29 de febrero del 2004,Michiru Shimada,Miyuki SatoKunihiro Senda,Kazuya Hisada,Takahiro Imamura,11.4%,7
184,7 de marzo del 2004,Michiru Shimada,Miyuki SatoKumiko Fukuzawa,Yūki Kinoshita,Ken Koyama,11.9%,5
185,14 de marzo del 2004,Michiru Shimada,Miyuki SatoMichiyo Kawasaki,Kenji Yokoyama,Munehisa Sakai,9.9%,7
186,21 de marzo del 2004,Hirohiko Kamisaka,Miyuki SatoFumihiro Uchikawa,Masayuki Takagi,Hidehiko Kadota,11.3%,6
187,28 de marzo del 2004,Hirohiko Kamisaka,Miyuki  SatoKumiko Fukuzawa,Takeo Ide,Hiroyuki Kakudō,13.7%,1
188,28 de marzo del 2004,Hirohiko Kamisaka,Miyuki SatoMichiyo Kawasaki,Yūki Kinoshita,Takahiro Imamura,13.7%,1
189,4 de abril del 2004,Hirohiko Kamisaka,Miyuki SatoKunihiro Senda,Kazuya Hisada,Katsumi Tokoro,12.3%,4
190,25 de abril del 2004,Hirohiko Kamisaka,Miyuki SatoKumiko Fukuzawa,Naoki Tate,Ken Koyama,9.8%,7
191,2 de mayo del 2004,Hirohiko Kamisaka,Miyuki SatoMichiyo Kawasaki,Masayuki Takagi,Yoko Ikeda,10.2%,5
192,9 de mayo del 2004,Hirohiko Kamisaka,Tomoko Yoshida,Kazuya Hisada,Hidehiko Kadota,11.0%,5
193,23 de mayo del 2004,Hirohiko Kamisaka,Miyuki SatoFumihiro Uchikawa,Hideaki Naniwa,Hiroyuki Kakudō,12.0%,4
194,6 de junio del 2004,Hirohiko Kamisaka,Miyuki SatoKumiko Fukuzawa,Kenji Yokoyama,Junichi Fujise,11.7%,4
195,13 de junio del 2004,Hirohiko Kamisaka,Miyuki SatoMichiyo Kawasaki,Kenji Yokoyama,Munehisa Sakai,10.0%,7
196,20 de junio del 2004,Hirohiko Kamisaka,Miyuki SatoKunihiro Senda,Noboru Koizumi,Takahiro Imamura,12.2%,3
197,4 de julio de 2004,Michiru Shimada,Miyuki SatoKumiko Fukuzawa,Naoki Tate,Ken Koyama,10.4%,6
198,11 de julio del 2004,Junki Takegami,Miyuki SatoMichiyo Kawasaki,Masayuki Takagi,Hiroyuki Kakudō,11.7%,4
199,18 de julio del 2004,Yoshiyuki Suga,Miyuki SatoFumihiro Uchikawa,Hideaki Naniwa,Mamoru Hosoda,9.9%,8
200,8 de agosto del 2004,Hirohiko Kamisaka,Miyuki SatoKumiko Fukuzawa,Kazuya Hisada,Munehisa Sakai,9.2%,7
201,5 de septiembre del 2004,Michiru Shimada,Miyuki SatoMichiyo Kawasaki,Kenji Yokoyama,Hidehiko Kadota,9.4%,8
202,12 de septiembre de 2004,Yoshiyuki Suga,Miyuki SatoKunihiro Senda,Noboru Koizumi,Kōnosuke Uda,11.1%,6
203,19 de septiembre del 2004,Junki Takegami,Miyuki SatoKumiko Fukuzawa,Takeo Ide,Hiroyuki Kakudō,11.2%,5
204,3 de octubre del 2004,Hirohiko Kamisaka,Miyuki SatoMichiyo Kawasaki,Masayuki Takagi,Katsumi Tokoro,15.2%,1
205,3 de octubre del 2004,Yoshiyuki Suga,Miyuki SatoFumihiro Uchikawa,Hideaki Naniwa,Ken Koyama,15.2%,1
206,10 de octubre del 2004,Junki Takegami,Miyuki SatoKumiko Fukuzawa,Naoki Tate,Takahiro Imamura,10.8%,4
207,31 de octubre del 2004,Hirohiko Kamisaka,Miyuki SatoMichiyo Kawasaki,Takeo Ide,Junichi Fujise,10.8%,7
208,7 de noviembre del 2004,Hirohiko Kamisaka,Miyuki SatoKunihiro Senda,Kazuya Hisada,Hiroyuki Kakudō,11.7%,5
209,14 de noviembre del 2004,Hirohiko Kamisaka,Miyuki SatoKumiko Fukuzawa,Kenji Yokoyama,Hidehiko Kadota,13.2%,5
210,21 de noviembre del 2004,Hirohiko Kamisaka,Miyuki SatoMichiyo Kawasaki,Masayuki Takagi,Ken Koyama,11.0%,7
211,28 de noviembre del 2004,Junki Takegami,Miyuki SatoFumihiro Uchikawa,Hideaki Naniwa,Takahiro Imamura,12.4%,6
212,5 de diciembre del 2004,Junki Takegami,Miyuki SatoKumiko Fukuzawa,Naoki Tate,Katsumi Tokoro,12.0%,6
213,12 de diciembre del 2004,Hirohiko Kamisaka,Miyuki SatoMichiyo Kawasaki,Takeo Ide,Munehisa Sakai,11.4%,7
214,19 de diciembre del 2004,Hirohiko Kamisaka,Miyuki SatoKunihiro Senda,Noboru Koizumi,Hiroyuki Kakudō,13.8%,1
215,9 de enero del 2005,Hirohiko Kamisaka,Miyuki SatoKumiko Fukuzawa,Kazuya Hisada,Ken Koyama,11.0%,4
216,9 de enero del 2005,Yoshiyuki Suga,Miyuki SatoMichiyo Kawasaki,Masayuki Takagi,Hidehiko Kadota,11.0%,4
217,16 de enero del 2005,Hirohiko Kamisaka,Miyuki SatoFumihiro Uchikawa,Kenji Yokoyama,Yoko Ikeda,11.8%,3
218,23 de enero del 2005,Hirohiko Kamisaka,Miyuki SatoKumiko Fukuzawa,Hideaki Naniwa,Hiroyuki Kakudō,11.9%,5
219,30 de enero del 2005,Hirohiko Kamisaka,Miyuki SatoMichiyo Kawasaki,Naoki Tate,Takahiro Imamura,10.9%,7
220,6 de febrero del 200521 noviembre del 2011 (castellano),Junki TakegamiHito Koyama (asistente),Miyuki SatoKunihiro Senda,Eisaku Inoue,Munehisa Sakai,11.2%,6
221,13 de febrero del 200524 noviembre del 2011 (castellano),Hirohiko KamisakaHito Koyama (asistente),Miyuki SatoKumiko Fukuzawa,Takeo Ide,Katsumi Tokoro,10.6%,6
222,20 de febrero del 200525 noviembre del 2011 (castellano),Yoshiyuki SugaHito Koyama (asistente),Miyuki SatoMichiyo Kawasaki,Masayuki Takagi,Ken Koyama,10.9%,6
223,27 de febrero del 200526 noviembre del 2011 (castellano),Junki TakegamiHito Koyama (asistente),Miyuki SatoFumihiro Uchikawa,Kenji Yokoyama,Hidehiko Kadota,10.9%,5
224,6 de marzo del 2005,Hirohiko KamisakaHito Koyama (asistente),Miyuki SatoKumiko Fukuzawa,Kazuya Hisada,Takahiro Imamura,11.5%,6
225,13 de marzo del 2005,Yoshiyuki Suga,Miyuki SatoTadami Shimokawa,Naoki Tate,Yoko Ikeda,10.5%,7
226,20 de marzo del 2005,Yoshiyuki Suga,Miyuki SatoMichiyo Kawasaki,Masayuki Takagi,Katsumi Tokoro,10.5%,6
227,27 de marzo del 2005,Yoshiyuki Suga,Miyuki SatoKunihiro Senda,Kazuya Hisada,Hidehiko Kadota,10.4%,4
228,27 de marzo del 2005,Hirohiko Kamisaka,Miyuki SatoKumiko Fukuzawa,Naoki Tate,Yoko Ikeda,10.4%,4
229,17 de abril del 2005,Hirohiko Kamisaka,Miyuki SatoTadami Shimokawa,Masayuki Takagi,Munehisa Sakai,12.5%,4
230,24 de abril del 2005,Hirohiko Kamisaka,Miyuki SatoMichiyo Kawasaki,Takeo Ide,Kōnosuke Uda,13.2%,4
231,1 de mayo del 2005,Hirohiko Kamisaka,Miyuki SatoFumihiro Uchikawa,Yuji Kondou,Yoshio Mukainakano,11.0%,6
232,15 de mayo del 2005,Hirohiko Kamisaka,Miyuki SatoKumiko Fukuzawa,Kazuya Hisada,Kōnosuke Uda,11.4%,5
233,22 de mayo del 2005,Hirohiko Kamisaka,Miyuki SatoTadami Shimokawa,Naoki Tate,Hiroaki Miyamoto,12.2%,4
234,5 de junio del 2005,Hirohiko Kamisaka,Miyuki SatoKunihiro Senda,Kenji Yokoyama,Hidehiko Kadota,10.0%,6
235,12 de junio del 2005,Hirohiko Kamisaka,Miyuki SatoKumiko Fukuzawa,Masayuki Takagi,Katsumi Tokoro,12.0%,2
236,19 de junio del 2005,Hirohiko Kamisaka,Miyuki SatoMichiyo Kawasaki,Takeo Ide,Munehisa Sakai,11.9%,4
237,3 de julio del 2005,Hirohiko Kamisaka,Miyuki SatoTadami Shimokawa,Eisaku Inoue,Yoko Ikeda,11.6%,4
238,10 de julio del 2005,Hirohiko Kamisaka,Miyuki SatoFumihiro Uchikawa,Yuji Kondou,Yoshio Mukainakano,10.2%,7
239,31 de julio del 2005,Hirohiko Kamisaka,Miyuki SatoKumiko Fukuzawa,Naoki Tate,Morio Hatano,9.1%,5
240,7 de agosto del 2005,Hirohiko Kamisaka,Miyuki SatoMichiyo Kawasaki,Kazuya Hisada,Hiroaki Miyamoto,8.7%,5
241,14 de agosto del 2005,Hirohiko Kamisaka,Miyuki SatoTadami Shimokawa,Masayuki Takagi,Hidehiko Kadota,9.9%,4
242,21 de agosto del 2005,Hirohiko Kamisaka,Miyuki SatoKunihiro Senda,Kenji Yokoyama,Katsumi Tokoro,10.4%,3
243,4 de septiembre del 2005,Hirohiko Kamisaka,Miyuki SatoKumiko Fukuzawa,Kazuya Hisada,Kōnosuke Uda,10.2%,5
244,11 de septiembre del 2005,Hirohiko Kamisaka,Miyuki SatoMichiyo Kawasaki,Eisaku Inoue,Munehisa Sakai,12.6%,3
245,18 de septiembre del 2005,Hirohiko Kamisaka,Miyuki SatoTadami Shimokawa,Kouji SugimotoKiyoshi Matsushita,Hidehiko Kadota,10.0%,6
246,23 de octubre del 2005,Hirohiko Kamisaka,Miyuki SatoFumihiro Uchikawa,Masayuki Takagi,Yoko Ikeda,16.4%,1
247,30 de octubre del 2005,Hirohiko Kamisaka,Miyuki SatoKumiko Fukuzawa,Takeo Ide,Morio Hatano,13.3%,3
248,6 de noviembre del 2005,Hirohiko Kamisaka,Miyuki SatoMichiyo Kawasaki,Kazuya Hisada,Hiroaki Miyamoto,11.2%,3
249,13 de noviembre del 2005,Hirohiko Kamisaka,Miyuki SatoKunihiro Senda,Naoki Tate,Katsumi Tokoro,11.7%,5
250,27 de noviembre del 2005,Hirohiko Kamisaka,Miyuki SatoTadami Shimokawa,Kenji Yokoyama,Ken Koyama,9.8%,6
251,27 de noviembre del 2005,Hirohiko Kamisaka,Miyuki SatoKumiko Fukuzawa,Takeo Ide,Munehisa Sakai,9.8%,6
252,4 de diciembre del 2005,Hirohiko Kamisaka,Miyuki SatoMichiyo Kawasaki,Masayuki Takagi,Yukihiko Nakao,10.3%,3
253,11 de diciembre del 2005,Hirohiko Kamisaka,Miyuki SatoFumihiro Uchikawa,Kazuya Hisada,Yoko Ikeda,10.0%,6
254,22 de enero del 2006,Hirohiko Kamisaka,Miyuki SatoTadami Shimokawa,Naoki Tate,Morio Hatano,10.7%,3
255,29 de enero del 2006,Hirohiko Kamisaka,Miyuki SatoKumiko Fukuzawa,Kenji Yokoyama,Ken Koyama,11.3%,3
256,5 de febrero del 2006,Hirohiko Kamisaka,Miyuki SatoMichiyo Kawasaki,Takeo Ide,Hiroaki Miyamoto,11.3%,3
257,26 de febrero del 2006,Hirohiko Kamisaka,Miyuki SatoKunihiro Senda,Masayuki Takagi,Yukihiko Nakao,10.9%,3
258,5 de marzo del 2006,Hirohiko Kamisaka,Miyuki SatoFumihiro Uchikawa,Kazuya Hisada,Munehisa Sakai,11.4%,5
259,12 de marzo del 2006,Hirohiko Kamisaka,Miyuki SatoKumiko Fukuzawa,Noboru Koizumi,Ken Koyama,9.7%,6
260,19 de marzo del 2006,Hirohiko Kamisaka,Miyuki SatoMichiyo Kawasaki,Masayuki Takagi,Yoko Ikeda,8.7%,6
261,2 de abril del 2006,Hirohiko Kamisaka,Miyuki SatoKunihiro Senda,Kazuya Hisada,Morio Hatano,13.9%,1
262,16 de abril del 2006,Hirohiko Kamisaka,Miyuki SatoFumihiro Uchikawa,Kenji Yokoyama,Yukihiko Nakao,9.9%,4
263,30 de abril del 2006,Hirohiko Kamisaka,Miyuki SatoKumiko Fukuzawa,Katsumi Ishizuka,Hiroaki Miyamoto,11.1%,5
264,21 de mayo del 2006,Hirohiko Kamisaka,Miyuki SatoMichiyo Kawasaki,Takeo Ide,Munehisa Sakai,9.2%,6
265,4 de junio del 2006,Hirohiko Kamisaka,Miho ShiraishiFumihiro Uchikawa,Masayuki Takagi,Hiroyuki Kakudō,10.5%,5
266,11 de junio del 2006,Hirohiko Kamisaka,Miyuki SatoKunihiro Senda,Noboru Koizumi,Yoko Ikeda,10.2%,5
267,18 de junio del 2006,Hirohiko Kamisaka,Miyuki SatoKumiko Fukuzawa,Kenji Yokoyama,Yoshihiro Ueda,10.6%,4
268,25 de junio del 2006,Hirohiko Kamisaka,Miho ShiraishiFumihiro Uchikawa,Kazuya Hisada,Hiroaki Miyamoto,10.2%,4
269,25 de junio del 2006,Hirohiko Kamisaka,Miyuki SatoKunihiro Senda,Masayuki Takagi,Katsumi Tokoro,10.2%,4
270,2 de julio del 2006,Hirohiko Kamisaka,Miyuki SatoMichiyo Kawasaki,Takeo Ide,Takahiro Imamura,11.1%,3
271,9 de julio del 2006,Hirohiko Kamisaka,Miyuki SatoKumiko Fukuzawa,Naoki Tate,Yoshihiro Ueda,11.5%,3
272,23 de julio del 2006,Hirohiko Kamisaka,Miho ShiraishiKunihiro Senda,Kenji Yokoyama,Hiroyuki Kakudō,9.4%,4
273,30 de julio del 2006,Hirohiko Kamisaka,Miyuki SatoMichiyo Kawasaki,Katsumi Ishizuka,Munehisa Sakai,9.1%,4
274,6 de agosto del 2006,Hirohiko Kamisaka,Miyuki SatoKumiko Fukuzawa,Kazuya Hisada,Yoko Ikeda,10.1%,3
275,13 de agosto del 2006,Hirohiko Kamisaka,Miyuki SatoKunihiro Senda,Noboru Koizumi,Hiroaki Miyamoto,8.4%,5
276,10 de septiembre del 2006,Hirohiko Kamisaka,Miho ShiraishiMichiyo Kawasaki,Masayuki Takagi,Toru Yamada,10.3%,6
277,24 de septiembre del 2006,Hirohiko Kamisaka,Miyuki SatoKumiko Fukuzawa,Takeo Ide,Takahiro Imamura,13.2%,1
278,24 de septiembre del 2006,Hirohiko Kamisaka,Miyuki SatoKunihiro Senda,Naoki Tate,Yoshihiro Ueda,13.2%,1
279,1 de octubre del 2006,N/A,Miho ShiraishiRyūji Yoshiike,Kazuya Hisada,Munehisa Sakai,6.7%,4
280,8 de octubre del 2006,N/A,Miho ShiraishiRyūji Yoshiike,Naoki Tate,Munehisa SakaiYoko Ikeda,6.2%,5
281,15 de octubre del 2006,N/A,Miho ShiraishiRyūji Yoshiike,Takeo Ide,Munehisa SakaiYoko Ikeda,6.6%,3
282,22 de octubre del 2006,N/A,Miyuki SatoRyūji Yoshiike,Noboru Koizumi,Munehisa SakaiYoko Ikeda,6.5%,4
283,29 de octubre del 2006,N/A,Miyuki Sato,Takeo Ide,Munehisa SakaiYoko Ikeda,6.4%,9
284,5 de noviembre del 2006,Hirohiko Kamisaka,Miyuki SatoFumihiro Uchikawa,Eisaku Inoue,Hiroyuki Kakudō,6.9%,6
285,12 de noviembre del 2006,Koga Naoki,Miyuki SatoKumiko Fukuzawa,Kazuya Hisada,Takahiro Imamura,6.3%,8
286,19 de noviembre del 2006,Hirohiko Kamisaka,Miyuki SatoMichiyo Kawasaki,Kenji Yokoyama,Yoshihiro Ueda,5.6%,8
287,26 de noviembre del 2006,Yoshiyuki Suga,Miyuki SatoKunihiro Senda,Masayuki Takagi,Hiroaki Miyamoto,8.1%,6
288,3 de diciembre del 2006,Koga Naoki,Miyuki SatoMichiyo Kawasaki,Takeo Ide,Yoko Ikeda,5.1%,9
289,10 de diciembre del 2006,Yoshiyuki Suga,Miyuki SatoKumiko Fukuzawa,Naoki Tate,Hiroyuki Kakudō,7.4%,8
290,17 de diciembre del 2006,Koga Naoki,Miyuki SatoKunihiro Senda,Katsumi Ishizuka,Yoshihiro Ueda,7.3%,4
291,24 de diciembre del 2006,Yoshiyuki Suga,Miho ShiraishiMichiyo Kawasaki,Kazuya Hisada,Munehisa Sakai,5.7%,6
292,7 de enero del 2007,Koga Naoki,Miyuki SatoKumiko Fukuzawa,Naoki Tate,Yoko Ikeda,6.2%,5
293,14 de enero del 2007,Yoshiyuki Suga,Miho ShiraishiFumihiro Uchikawa,Kenji Yokoyama,Hiroaki Miyamoto,7.4%,6
294,21 de enero del 2007,Koga Naoki,Miyuki SatoMichiyo Kawasaki,Masayuki Takagi,Hiroyuki Kakudō,7.9%,6
295,28 de enero del 2007,Yoshiyuki Suga,Miyuki SatoKunihiro Senda,Noboru Koizumi,Yoshihiro Ueda,7.8%,6
296,4 de febrero del 2007,Koga Naoki,Miyuki SatoKumiko Fukuzawa,Takeo Ide,Masahiro Hosoda,6.8%,10
297,11 de febrero del 2007,Yoshiyuki Suga,Miyuki SatoMichiyo Kawasaki,Kazuya Hisada,Katsumi Tokoro,7.9%,7
298,25 de febrero del 2007,Koga Naoki,Miyuki SatoKunihiro Senda,Katsumi Ishizuka,Hiroyuki Kakudō,7.4%,9
299,4 de marzo del 2007,Yoshiyuki Suga,Miyuki SatoKumiko Fukuzawa,Kenji Yokoyama,Hiroaki Miyamoto,7.7%,7
300,11 de marzo del 2007,Koga Naoki,Miyuki SatoMichiyo Kawasaki,Takeo Ide,Yoko Ikeda,8.1%,6
301,18 de marzo del 2007,Yoshiyuki Suga,Miyuki SatoFumihiro Uchikawa,Masayuki Takagi,Yoshihiro Ueda,8.0%,6
302,25 de marzo del 2007,Koga Naoki,Miyuki SatoKunihiro Senda,Shinichi SuzukiYukari Kobayashi,Akira Shimizu,7.4%,5
303,1 de abril del 2007,Hirohiko Kamisaka,Miho ShiraishiKumiko FukuzawaMichiyo Kawasaki,Kazuya Hisada,Munehisa Sakai,7.8%,4
304,8 de abril del 2007,Yoshiyuki Suga,Miyuki SatoFumihiro  Uchikawa,Naoki Tate,Makoto Sonoda,8.2%,4
305,15 de abril del 2007,Koga Naoki,Miyuki SatoKunihiro Senda,Kenji Yokoyama,Katsumi Tokoro,8.9%,4
306,22 de abril del 2007,Yoshiyuki Suga,Miho ShiraishiKumiko Fukuzawa,Kazuyuki Igai,Keisuke Ōnishi,9.7%,4
307,29 de abril del 2007,Koga Naoki,Miyuki SatoMichiyo Kawasaki,Takeo Ide,Hiroyuki Kakudō,10.5%,5
308,6 de mayo del 2007,Yoshiyuki Suga,Miyuki SatoHiromitsu Shiozaki,Masayuki Takagi,Hiroyuki Satō,10.5%,4
309,13 de mayo del 2007,Koga Naoki,Miho ShiraishiKumiko Fukuzawa,Naoki TateKatsumi Ishizuka,Makoto Sonoda,7.7%,8
310,20 de mayo del 2007,Yoshiyuki Suga,Miyuki SatoMichiyo Kawasaki,Kazuya Hisada,Yoshihiro Ueda,9.5%,5
311,27 de mayo del 2007,Koga Naoki,Miyuki SatoHiromitsu Shiozaki,Naoki Tate,Hiroyuki Satō,9.3%,5
312,3 de junio del 2007,Yoshiyuki Suga,Miho ShiraishiMichiyo Kawasaki,Eisaku Inoue,Katsumi Tokoro,10.1%,3
313,10 de junio del 2007,Koga Naoki,Miyuki SatoKumiko Fukuzawa,Kenji Yokoyama,Hiroaki Miyamoto,9.9%,4
314,17 de junio del 2007,Yoshiyuki Suga,Miyuki SatoHiromitsu Shiozaki,Takeo Ide,Hiroyuki Kakudō,8.8%,4
315,24 de junio del 2007,Koga Naoki,Miho ShiraishiMichiyo Kawasaki,Masahiro Shimanuki,Yoko Ikeda,10.4%,5
316,1 de julio del 2007,Hirohiko Kamisaka,Miyuki SatoKumiko  Fukuzawa,Masayuki Takagi,Takahiro Imamura,9.1%,6
317,8 de julio del 2007,Hirohiko Kamisaka,Miyuki SatoHiromitsu Shiozaki,Kenji YokoyamaTakeo IdeMasahiro ShimanukiKatsumi Ishizuka,Yoshihiro Ueda,8.4%,7
318,15 de julio del 2007,Koga Naoki,Miho ShiraishiMichiyo Kawasaki,Kazuyuki Igai,Keisuke Ōnishi,10.2%,4
319,22 de julio del 2007,Yoshiyuki Suga,Miyuki SatoKumiko Fukuzawa,Naoki Tate,Makoto Sonoda,9.0%,6
320,19 de agosto del 2007,Yoshiyuki Suga,Miho ShiraishiMichiyo Kawasaki,Kenji Yokoyama,Hiroyuki Kakudō,7.6%,6
321,26 de agosto del 2007,Hirohiko Kamisaka,Miyuki SatoHiromitsu Shiozaki,Kazuya Hisada,Naoyuki Itō,9.8%,5
322,2 de septiembre del 2007,Yoshiyuki Suga,Miyuki SatoMichiyo Kawasaki,Takeo Ide,Yoshihiro Ueda,7.3%,8
323,9 de septiembre del 2007,Yoshiyuki Suga,Miho ShiraishiKumiko Fukuzawa,Masahiro Shimanuki,Katsumi Tokoro,8.4%,5
324,16 de septiembre del 2007,Koga Naoki,Miyuki SatoHiromitsu Shiozaki,Masayuki Takagi,Tetsuya Endō,9.9%,6
325,23 de septiembre del 2007,Hirohiko Kamisaka,Miyuki SatoMichiyo Kawasaki,Eisaku Inoue,Yoko Ikeda,8.8%,6
326,14 de octubre del 2007,Hirohiko Kamisaka,Miho ShiraishiKumiko Fukuzawa,Naoki TateNaoki Murakami,Munehisa Sakai,8.3%,3
327,21 de octubre del 2007,Yoshiyuki Suga,Miyuki SatoHiromitsu Shiozaki,Kenji Yokoyama,Hiroaki Miyamoto,8.7%,4
328,28 de octubre del 2007,Koga Naoki,Miyuki SatoMichiyo  Kawasaki,Kazuya Hisada,Takahiro Imamura,6.5%,8
329,4 de noviembre del 2007,Takuya Masumoto,Miho ShiraishiKumiko Fukuzawa,Takeo Ide,Hiroyuki Satō,7.0%,6
330,11 de noviembre del 2007,Tsuyoshi Sakurai,Miyuki SatoHiromitsu Shiozaki,Masayuki Fujita,Sumio Watanabe,8.2%,5
331,18 de noviembre del 2007,Isao Murayama,Miyuki SatoShouji Tokiwa,Masahiro Shimanuki,Hiroyuki Satō,8.5%,6
332,25 de noviembre del 2007,Yōichi Takahashi,Miho ShiraishiMichiyo Kawasaki,Masayuki Takagi,Katsumi Tokoro,9.1%,4
333,2 de diciembre del 2007,Yoshiyuki Suga,Miyuki SatoKumiko Fukuzawa,Naoki Murakami,Tetsuya Endō,7.3%,7
334,9 de diciembre del 2007,Yoshiyuki Suga,Miyuki SatoHiromitsu Shiozaki,Masayuki Fujita,Sumio Watanabe,7.5%,6
335,16 de diciembre del 2007,Koga Naoki,Miyuki SatoShouji Tokiwa,Kenji Yokoyama,Hiroaki Miyamoto,9.8%,4
336,23 de diciembre del 2007,Takuya Masumoto,Miho ShiraishiRyūji Yoshiike,Eisaku Inoue,Gou Koga,8.9%,5
337,6 de enero del 2008,Hirohiko Kamisaka,Miyuki SatoHiromitsu Shiozaki,Takeo Ide,Yoshihiro Ueda,6.5%,4
338,13 de enero del 2008,Tsuyoshi Sakurai,Miyuki SatoKumiko Fukuzawa,Kazuya Hisada,Hiroyuki Satō,7.9%,6
339,20 de enero del 2008,Takuya Masumoto,Miyuki SatoShouji Tokiwa,Masayuki Fujita,Sumio Watanabe,8.8%,7
340,27 de enero del 2008,Yoshiyuki Suga,Miyuki SatoHiromitsu Shiozaki,Masayuki Takagi,Katsumi Tokoro,7.8%,7
341,3 de febrero del 2008,Isao Murayama,Miho ShiraishiMichiyo Kawasaki,Naoki Murakami,Tetsuya Endō,7.2%,9
342,10 de febrero del 2008,Tsuyoshi Sakurai,Miyuki SatoKumiko Fukuzawa,Katsumi Ishizuka,Hiroshi Matsuzaka,8.7%,7
343,17 de febrero del 2008,Koga Naoki,Miyuki SatoShouji Tokiwa,Kenji Yokoyama,Yoshihiro Ueda,7.2%,9
344,24 de febrero del 2008,Hirohiko Kamisaka,Miho ShiraishiHiromitsu Shiozaki,Takeo Ide,Hiroyuki Satō,9.0%,4
345,2 de marzo del 2008,Yoshiyuki Suga,Miyuki SatoMichiyo Kawasaki,Masayuki Fujita,Sumio Watanabe,7.8%,7
346,9 de marzo del 2008,Takuya Masumoto,Miyuki SatoKumiko Fukuzawa,Masayuki Takagi,Katsumi Tokoro,9.4%,6
347,16 de marzo del 2008,Koga Naoki,Miho ShiraishiShouji Tokiwa,Eisaku Inoue,Hiroaki Miyamoto,8.5%,8
348,23 de marzo del 2008,Isao Murayama,Miyuki SatoHiromitsu Shiozaki,Kazuya Hisada,Hiroyuki Satō,8.5%,4
349,30 de marzo del 2008,Yoshiyuki Suga,Miho ShiraishiMichiyo Kawasaki,Naoki Murakami,Yutaka Nakashima,8.0%,4
350,20 de abril del 2008,Tsuyoshi Sakurai,Miyuki SatoShouji Tokiwa,Kenji Yokoyama,Tetsuya Endō,8.7%,4
351,27 de abril del 2008,Takuya Masumoto,Miyuki SatoKumiko Fukuzawa,Takeo Ide,Yoshihiro Ueda,6.4%,8
352,4 de mayo del 2008,Yoshiyuki Suga,Shouji TokiwaRyūji Yoshiike,Masayuki Fujita,Sumio Watanabe,5.9%,8
353,11 de mayo del 2008,Hirohiko Kamisaka,Miyuki SatoHiromitsu Shiozaki,Katsumi IshizukaKazuya HisadaKenji Matsuoka,Hiroshi Matsuzaka,8.7%,4
354,18 de mayo del 2008,Hirohiko Kamisaka,Miho Shiraishi,Kenji Yokoyama,Takahiro Imamura,8.4%,7
355,25 de mayo del 2008,Koga Naoki,Miyuki SatoMichiyo Kawasaki,Masayuki Takagi,Katsumi Tokoro,8.1%,7
356,1 de junio del 2008,Takuya Masumoto,Ryūji YoshiikeShouji Tokiwa,Kazuya Hisada,Yutaka Nakashima,6.4%,6
357,8 de junio del 2008,Tsuyoshi Sakurai,Miyuki SatoKumiko Fukuzawa,Eisaku Inoue,Tetsuya Endō,9.3%,4
358,15 de junio del 2008,Yoshiyuki Suga,Ryūji YoshiikeHiromitsu Shiozaki,Masayuki Fujita,Sumio Watanabe,6.3%,5
359,22 de junio del 2008,Takuya Masumoto,Ryūji YoshiikeShouji Tokiwa,Masahiro Shimanuki,Yoshihiro Ueda,8.4%,6
360,29 de junio del 2008,Hirohiko Kamisaka,Miho ShiraishiMichiyo Kawasaki,Kenji Yokoyama,Makoto Sonoda,8.8%,4
361,6 de julio del 2008,Koga Naoki,Miyuki SatoKumiko Fukuzawa,Naoki Tate,Tetsuya Endō,8.3%,3
362,13 de julio del 2008,Yoshiyuki Suga,Ryūji YoshiikeHiromitsu Shiozaki,Takeo Ide,Yoshihiro Ueda,7.8%,6
363,20 de julio del 2008,Hirohiko Kamisaka,Miyuki SatoShouji Tokiwa,Masayuki Takagi,Yutaka Nakashima,6.0%,8
364,3 de agosto del 2008,Takuya Masumoto,Ryūji YoshiikeMichiyo Kawasaki,Naoki Murakami,Yukihiko Nakao,6.9%,7
365,10 de agosto del 2008,Koga Naoki,Miyuki SatoKumiko Fukuzawa,Masayuki Fujita,Sumio Watanabe,5.6%,7
366,17 de agosto del 2008,Tsuyoshi Sakurai,Ryūji YoshiikeHiromitsu Shiozaki,Kazuya Hisada,Tetsuya Endō,6.6%,8
367,24 de agosto del 2008,Takuya Masumoto,Ryūji YoshiikeHidenori Nakahara,Eisaku Inoue,Hiroyuki Satō,8.4%,7
368,31 de agosto del 2008,Yoshiyuki Suga,Miyuki SatoShouji Tokiwa,Kenji Yokoyama,Hiroshi Matsuzaka,7.2%,5
369,7 de septiembre del 2008,Hirohiko Kamisaka,Ryūji YoshiikeMichiyo Kawasaki,Naoki Tate,Makoto Sonoda,7.8%,6
370,14 de septiembre del 2008,Koga Naoki,Miyuki SatoKumiko Fukuzawa,Masayuki Takagi,Tetsuya Endō,9.3%,5
371,21 de septiembre del 2008,Takuya Masumoto,Miyuki SatoHiromitsu Shiozaki,Naoki Murakami,Yukihiko Nakao,8.1%,5
372,28 de septiembre del 2008,Yoshiyuki Suga,Ryūji YoshiikeHidenori Nakahara,Masayuki Fujita,Sumio Watanabe,7.3%,4
373,5 de octubre del 2008,Tsuyoshi Sakurai,Miyuki Sato,Takeo Ide,Yutaka Nakashima,8.2%,3
374,12 de octubre del 2008,Hirohiko Kamisaka,Ryūji Yoshiike,Kazuya Hisada,Naoyuki Itō,6.5%,3
375,19 de octubre del 2008,Koga Naoki,Miyuki Sato,Masayuki Fujita,Kiichi Suzuno,8.2%,5
376,9 de noviembre del 2008,Takuya Masumoto,Ryūji Yoshiike,Kenji Yokoyama,Hiroyuki Satō,8.4%,6
377,16 de noviembre del 2008,Takuya Masumoto,Miyuki Sato,Eisaku Inoue,Tetsuya Endō,9.8%,4
378,23 de noviembre del 2008,Yoshiyuki Suga,Ryūji Yoshiike,Naoki Tate,Makoto Sonoda,8.0%,6
379,30 de noviembre del 2008,Isao Murayama,Miyuki Sato,Naoki Murakami,Hiroshi Matsuzaka,10.2%,3
380,7 de diciembre del 2008,Tsuyoshi Sakurai,Miho Shiraishi,Masayuki Takagi,Hiroyuki Satō,9.2%,5
381,14 de diciembre del 2008,Koga Naoki,Miyuki Sato,Masahiro Shimanuki,Yutaka Nakashima,7.1%,7
382,21 de diciembre del 2008,Takuya Masumoto,Ryūji Yoshiike,Takeo Ide,Tetsuya Endō,7.0%,7
383,28 de diciembre del 2008,Takuya Masumoto,Ryūji Yoshiike,Yukiko Nakatani,Makoto Sonoda,6.8%,4
384,11 de enero del 2009,Yoshiyuki Suga,Miho Shiraishi,Kenji Yokoyama,Naoyuki Itō,7.7%,5
385,18 de enero del 2009,Isao Murayama,Miyuki SatoShouji  Tokiwa,Kazuya Hisada,Yutaka Nakashima,9.0%,4
386,25 de enero del 2009,Koga Naoki,Ryūji Yoshiike,Masayuki Fujita,Sumio Watanabe,7.7%,7
387,1 de febrero del 2009,Tsuyoshi Sakurai,Miyuki Sato,Shigefumi Shingaki,Yukihiko Nakao,8.7%,5
388,8 de febrero del 2009,Yoshiyuki Suga,Ryūji YoshiikeMiho Shiraishi,Naoki Tate,Yoshihiro Ueda,7.2%,6
389,15 de febrero del 2009,Yoshiyuki Suga,Miho Shiraishi,Masayuki Takagi,Katsumi Tokoro,8.4%,5
390,22 de febrero del 2009,Hirohiko Kamisaka,Ryūji Yoshiike,Masahiro Shimanuki,Hiroaki Miyamoto,8.7%,7
391,1 de marzo del 2009,Jin Tanaka,Miyuki Sato,Kenji Yokoyama,Yukihiko Nakao,9.4%,5
392,8 de marzo del 2009,Hirohiko Kamisaka,Ryūji Yoshiike,Takeo Ide,Hiroyuki Satō,9.1%,4
393,15 de marzo del 2009,Yoshiyuki Suga,Miho Shiraishi,Kazuya Hisada,Tetsuya Endō,9.5%,5
394,29 de marzo del 2009,Jin Tanaka,Ryūji Yoshiike,Yukiko Nakatani,Makoto Sonoda,8.1%,5
395,5 de abril del 2009,Yoshiyuki Suga,Miho Shiraishi,Shigefumi Shingaki,Yutaka Nakashima,9.5%,5
396,12 de abril del 2009,Hirohiko Kamisaka,Ryūji Yoshiike,Naoki Tate,Katsumi Tokoro,8.8%,4
397,19 de abril del 2009,Jin Tanaka,Miho Shiraishi,Masayuki Takagi,Yoshihiro Ueda,10.1%,3
398,26 de abril del 2009,Yoshiyuki Suga,Ryūji Yoshiike,Masayuki Fujita,Sumio Watanabe,11.7%,3
399,3 de mayo del 2009,Hirohiko Kamisaka,Miyuki Sato,Masahiro Shimanuki,Yukihiko Nakao,9.4%,4
400,10 de mayo del 2009,Yoshiyuki Suga,Miho Shiraishi,Kenji Yokoyama,Katsumi Tokoro,10.4%,4
401,17 de mayo del 2009,Jin Tanaka,Ryūji Yoshiike,Katsumi Ishizuka,Yutaka Nakashima,10.6%,4
402,24 de mayo del 2009,Yoshiyuki Suga,Miho Shiraishi,Takeo Ide,Tetsuya Endō,9.8%,5
403,31 de mayo del 2009,Yoshiyuki Suga,Miyuki Sato,Shigefumi Shingaki,Yoshihiro Ueda,9.3%,6
404,7 de junio del 2009,Hirohiko Kamisaka,Ryūji Yoshiike,Naoki Tate,Makoto Sonoda,10.0%,5
405,14 de junio del 2009,Hirohiko Kamisaka,Miho Shiraishi,Masayuki Takagi,Hiroaki Miyamoto,10.0%,5
406,21 de junio del 2009,Jin Tanaka,Miyuki Sato,Kenji Yokoyama,Tetsuya Endō,10.4%,5
407,28 de junio del 2009,Jin Tanaka,Miyuki Sato,Masahiro Shimanuki,Naoyuki Itō,9.4%,5
408,5 de julio del 2009,Hirohiko Kamisaka,Miho Shiraishi,Toshio Deguchi,Yoshihiro Ueda,10.6%,4
409,12 de julio del 2009,Jin Tanaka,Ryūji Yoshiike,Takeo Ide,Katsumi Tokoro,11.7%,2
410,19 de julio del 2009,Yoshiyuki Suga,Miyuki Sato,Shigefumi Shingaki,Yutaka Nakashima,10.6%,4
411,2 de agosto del 2009,Jin Tanaka,Miho Shiraishi,Naoki Tate,Yukihiko Nakao,10.1%,5
412,9 de agosto del 2009,Yoshiyuki Suga,Ryūji Yoshiike,Kazuya Hisada,Gou Koga,8.6%,5
413,16 de agosto del 2009,Jin Tanaka,Miyuki Sato,Yukiko Nakatani,Sumio Watanabe,9.7%,2
414,23 de agosto del 2009,Yoshiyuki Suga,Miho Shiraishi,Kenji Yokoyama,Yutaka Nakashima,11.0%,4
415,30 de agosto del 2009,Jin Tanaka,Ryūji Yoshiike,Masayuki Takagi,Yoshihiro Ueda,8.9%,5
416,6 de septiembre del 2009,Yoshiyuki Suga,Miyuki Sato,Toshio Deguchi,Katsumi Tokoro,11.1%,6
417,13 de septiembre del 2009,Yoshiyuki Suga,Miho Shiraishi,Shigefumi Shingaki,Naoyuki Itō,11.2%,4
418,20 de septiembre del 2009,Jin Tanaka,Ryūji Yoshiike,Kazuya Hisada,Tetsuya Endō,9.2%,4
419,27 de septiembre del 2009,Yoshiyuki Suga,Miyuki Sato,Katsumi Ishizuka,Yutaka Nakashima,9.7%,4
420,4 de octubre del 2009,Jin Tanaka,Miho Shiraishi,Naoki Tate,Gou Koga,9.3%,3
421,11 de octubre del 2009,Yoshiyuki Suga,Miyuki Sato,Kenji Yokoyama,Katsumi Tokoro,12.0%,2
422,18 de octubre del 2009,Yoshiyuki Suga,Ryūji Yoshiike,Toshio Deguchi,Yoshihiro Ueda,9.7%,6
423,25 de octubre del 2009,Jin Tanaka,Miho Shiraishi,Masayuki Takagi,Yutaka Nakashima,10.4%,4
424,1 de noviembre del 2009,Jin Tanaka,Miyuki Sato,Atsuko Kawamura,Tetsuya Endō,10.3%,2
425,8 de noviembre del 2009,Yoshiyuki Suga,Ryūji Yoshiike,Yukiko Nakatani,Sumio Watanabe,10.3%,6
426,15 de noviembre del 2009,Hirohiko Kamisaka,Miho Shiraishi,Shigefumi Shingaki,Hiroaki Miyamoto,11.9%,2
427,22 de noviembre del 2009,Hirohiko Kamisaka,Miyuki Sato,Kenji Yokoyama,Tetsuya Endō,11.3%,4
428,29 de noviembre del 2009,Hirohiko Kamisaka,Ryūji Yoshiike,Toshio Deguchi,Katsumi Tokoro,12.2%,3
429,6 de diciembre del 2009,Hirohiko Kamisaka,Miho Shiraishi,Naoki Tate,Naoyuki Itō,10.4%,5
430,13 de diciembre del 2009,Yoshiyuki Suga,Miyuki Sato,Megumi Yamashita,Yoshihiro Ueda,4%,10.9
431,20 de diciembre del 2009,Jin Tanaka,Ryūji Yoshiike,Yukiko Nakatani,Sumio Watanabe,10.4%,3
432,27 de diciembre del 2009,Hirohiko Kamisaka,Miho Shiraishi,Masayuki Takagi,Yutaka Nakashima,10.5%,3
433,10 de enero del 2010,Hirohiko Kamisaka,Miyuki Sato,Atsuko Kawamura,Tetsuya Endō,10.2%,5
434,17 de enero del 2010,Jin Tanaka,Ryūji Yoshiike,Katsumi Tokoro,Takeo Ide,10.3%,3
435,24 de enero del 2010,Yoshiyuki Suga,Miho Shiraishi,Kenji Yokoyama,Takahiro Imamura,10.6%,4
436,31 de enero del 2010,Jin Tanaka,Miyuki Sato,Shigefumi Shingaki,Hiroaki Miyamoto,10.7%,3
437,7 de febrero del 2010,Yoshiyuki Suga,Ryūji Yoshiike,Katsumi Ishizuka,Yoshihiro Ueda,10.7%,4
438,14 de febrero del 2010,Hirohiko Kamisaka,Miho Shiraishi,Toshio Deguchi,Yoshihiro Ueda,11.6%,5
439,21 de febrero del 2010,Hirohiko Kamisaka,Miyuki Sato,Naoki Tate,Tetsuya Endō,11.9%,3
440,28 de febrero del 2010,Yoshiyuki Suga,Ryūji Yoshiike,Megumi Yamashita,Yutaka Nakashima,11.9%,3
441,7 de marzo del 2010,Jin Tanaka,Miho Shiraishi,Masayuki Takagi,Katsumi Tokoro,13.0%,3
442,14 de marzo del 2010,Jin Tanaka,Miyuki Sato,Yukiko Nakatani,Sumio Watanabe,12.0%,3
443,21 de marzo del 2010,Yoshiyuki Suga,Ryūji Yoshiike,Kenji Yokoyama,Tetsuya Endō,12.1%,3
444,28 de marzo del 2010,Hirohiko Kamisaka,Miho Shiraishi,Atsuko Kawamura,Takahiro Imamura,12.2%,2
445,4 de abril del 2010,Yoshiyuki Suga,Miyuki Sato,Takeo Ide,Yoshihiro Ueda,11.9%,3
446,11 de abril del 2010,Jin Tanaka,Ryūji Yoshiike,Toshio Deguchi,Yutaka Nakashima,13.8%,3
447,18 de abril del 2010,Yoshiyuki Suga,Miho Shiraishi,Katsumi Ishizuka,Makoto Sonoda,12.9%,2
448,25 de abril del 2010,Yoshiyuki Suga,Miyuki Sato,Naoki Tate,Tetsuya Endō,13.5%,2
449,2 de mayo del 2010,Jin Tanaka,Ryūji Yoshiike,Masayuki Takagi,Hiroyuki Satō,11.0%,2
450,9 de mayo del 2010,Hirohiko Kamisaka,Miho Shiraishi,Kenji Yokoyama,Katsumi Tokoro,12.5%,2
451,16 de mayo del 2010,Yoshiyuki Suga,Miyuki Sato,Megumi Yamashita,Takahiro Imamura,13.9%,2
452,23 de mayo del 2010,Jin Tanaka,Ryūji Yoshiike,Toshio Deguchi,Yoshihiro Ueda,13.0%,3
453,30 de mayo del 2010,Jin Tanaka,Miho Shiraishi,Takeo Ide,Aya Komaki,13.8%,2
454,6 de junio del 2010,Yoshiyuki Suga,Miyuki Sato,Atsuko Kawamura,Yutaka Nakashima,11.8%,3
455,13 de junio del 2010,Hirohiko Kamisaka,Miho Shiraishi,Naoki Tate,Gou Koga,11.1%,3
456,20 de junio del 2010,Hirohiko Kamisaka,Miyuki Sato,Shigefumi Shingaki,Katsumi Tokoro,12.7%,2
457,27 de junio del 2010,Hirohiko Kamisaka,Ryūji Yoshiike,Katsumi Ishizuka,Makoto Sonoda,10.5%,3
458,11 de julio del 2010,Hirohiko Kamisaka,Miho Shiraishi,Masayuki Takagi,Hiroyuki Satō,12.0%,3
459,18 de julio del 2010,Yoshiyuki Suga,Ryūji Yoshiike,Kenji Yokoyama,Hiroaki Miyamoto,10.7%,3
460,1 de agosto del 2010,Jin Tanaka,Miyuki Sato,Toshio Deguchi,Takahiro Imamura,10.4%,3
461,8 de agosto del 2010,Jin Tanaka,Miho Shiraishi,Yukiko Nakatani,Sumio Watanabe,10.2%,2
462,15 de agosto del 2010,Yoshiyuki Suga,Ryūji Yoshiike,Megumi Yamashita,Yoshihiro Ueda,10.4%,2
463,22 de agosto del 2010,Hirohiko Kamisaka,Miyuki Sato,Masahiro Shimanuki,Yutaka Nakashima,10.8%,3
464,29 de agosto del 2010,Jin Tanaka,Miho Shiraishi,Katsumi Ishizuka,Katsumi Tokoro,9.4%,3
465,5 de septiembre del 2010,Yoshiyuki Suga,Ryūji Yoshiike,Takeo Ide,Aya Komaki,10.1%,3
466,12 de septiembre del 2010,Hirohiko Kamisaka,Miyuki Sato,Kenji Yokoyama,Gou Koga,10.9%,3
467,19 de septiembre del 2010,Jin Tanaka,Miho Shiraishi,Atsuko Kawamura,Naoyuki Itō,10.6%,3
468,26 de septiembre del 2010,Yoshiyuki Suga,Ryūji Yoshiike,Shigefumi Shingaki,Makoto Sonoda,9.0%,4
469,3 de octubre del 2010,Hirohiko Kamisaka,Miyuki Sato,Masayuki Takagi,Yoshihiro Ueda,11.7%,3
470,10 de octubre del 2010,Yoshiyuki Suga,Miho Shiraishi,Megumi Yamashita,Takahiro Imamura,12.4%,3
471,17 de octubre del 2010,Jin Tanaka,Ryūji Yoshiike,Toshio Deguchi,Yutaka Nakashima,9.8 %,3
472,24 de octubre del 2010,Hirohiko Kamisaka,Miyuki Sato,Yukiko Nakatani,Sumio Watanabe,11.9%,3
473,31 de octubre del 2010,Jin Tanaka,Miho Shiraishi,Kazuya Hisada,Hiroaki Miyamoto,10.3%,4
474,7 de noviembre del 2010,Yoshiyuki Suga,Ryūji Yoshiike,Eisaku Inoue,Aya Komaki,10.5%,1
475,14 de noviembre del 2010,Hirohiko Kamisaka,Miyuki Sato,Kenji Yokoyama,Katsumi Tokoro,11.9%,3
476,21 de noviembre del 2010,Jin Tanaka,Miho Shiraishi,Katsumi Ishizuka,Yoshihiro Ueda,9.8%,5
477,28 de noviembre del 2010,Yoshiyuki Suga,Ryūji Yoshiike,Shigefumi Shingaki,Naoyuki Itō,13.0%,3
478,5 de diciembre del 2010,Hirohiko Kamisaka,Miyuki Sato,Atsuko Kawamura,Gou Koga,10.7%,4
479,12 de diciembre del 2010,Jin Tanaka,Miho Shiraishi,Masahiro Shimanuki,Makoto Sonoda,11.6%,3
480,19 de diciembre del 2010,Yoshiyuki Suga,Ryūji Yoshiike,Masayuki Takagi,Takahiro Imamura,13.8%,3
481,26 de diciembre del 2010,Hirohiko Kamisaka,Miyuki Sato,Megumi Yamashita,Yutaka Nakashima,10.8%,3
482,9 de enero del 2011,Yoshiyuki Suga,Ryūji Yoshiike,Toshio Deguchi,Yoshihiro Ueda,9.2%,4
483,16 de enero del 2011,Hirohiko Kamisaka,Miho Shiraishi,Kazuya Hisada,Hiroaki Miyamoto,11.2%,3
484,23 de enero del 2011,Jin Tanaka,Miyuki Sato,Eisaku Inoue,Aya Komaki,11.4%,3
485,30 de enero del 2011,Hirohiko Kamisaka,Ryūji Yoshiike,Kenji Yokoyama,Katsumi Tokoro,10.4%,3
486,6 de febrero del 2011,Yoshiyuki Suga,Miho Shiraishi,Katsumi Ishizuka,Naoyuki Itō,12.0%,3
487,13 de febrero del 2011,Jin Tanaka,Miyuki Sato,Takeo Ide,Gou Koga,11.1%,3
488,20 de febrero del 2011,Yoshiyuki Suga,Ryūji Yoshiike,Shigefumi Shingaki,Yoshihiro Ueda,10.6%,3
489,6 de marzo del 2011,Jin Tanaka,Miho Shiraishi,Atsuko Kawamura,Yutaka Nakashima,11.7%,3
490,20 de marzo del 2011,Hirohiko Kamisaka,Miyuki Sato,Toshio Deguchi,Takahiro Imamura,12.2%,3
491,27 de marzo del 2011,Yoshiyuki Suga,Miho Shiraishi,Masayuki Takagi,Makoto Sonoda,11.5%,3
492,3 de  abril de 2011,Isao Murayama,Masanobu Nomura,Takeo IdeYukiko NakataniHisashi Kagaya,Naoyuki Itō,10.8%,3
493,10 de abril del 2011,Jin Tanaka,Ryūji Yoshiike,Eisaku Inoue,Aya Komaki,9.7%,5
494,17 de abril del 2011,Jin Tanaka,Miho Shiraishi,Kenji Yokoyama,Katsumi Tokoro,10.2%,3
495,24 de abril del 2011,Hirohiko Kamisaka,Ryūji Yoshiike,Megumi Yamashita,Yoshihiro Ueda,10.3%,3
496,1 de mayo del 2011,Yoshiyuki Suga,Miho Shiraishi,Masahiro Shimanuki,Yutaka Nakashima,9.5%,3
497,8 de mayo del 2011,Jin Tanaka,Ryūji Yoshiike,Katsumi Ishizuka,Gou Koga,8.0%,5
498,15 de mayo del 2011,Hirohiko Kamisaka,Miho Shiraishi,Shigefumi Shingaki,Takahiro Imamura,9.4%,5
499,22 de mayo del 2011,Hirohiko Kamisaka,Ryūji Yoshiike,Masayuki Takagi,Hiroaki Miyamoto,9.3%,5
500,29 de mayo del 2011,Yoshiyuki Suga,Miho Shiraishi,Eisaku Inoue,Makoto Sonoda,9.8%,4
501,5 de junio del 2011,Jin Tanaka,Ryūji Yoshiike,Atsuko Kawamura,Yoshihiro Ueda,9.6%,5
502,12 de junio del 2011,Hirohiko Kamisaka,Miho Shiraishi,Kenji Yokoyama,Katsumi Tokoro,9.0%,5
503,19 de junio del 2011,Yoshiyuki Suga,Ryūji Yoshiike,Toshio Deguchi,Aya Komaki,10.2%,4
504,26 de junio del 2011,Jin Tanaka,Miho Shiraishi,Yukiko Nakatani,Yutaka Nakashima,8.9%,5
505,3 de julio del 2011,Yoshiyuki Suga,Ryūji Yoshiike,Takeo Ide,Yoshihiro Ueda,8.3%,5
506,10 de julio del 2011,Jin Tanaka,Miho Shiraishi,Megumi Yamashita,Gou Koga,8.9%,6
507,17 de julio del 2011,Tomohiro Nakayama,Ryūji Yoshiike,Masahiro Shimanuki,Takahiro Imamura,9.4%,5
508,31 de julio del 2011,Hirohiko Kamisaka,Miho Shiraishi,Shigefumi Shingak,Katsumi Tokoro,9.5%,2
509,7 de agosto del 2011,Yoshiyuki Suga,Ryūji Yoshiike,Kenji Yokoyama,Yoshihiro Ueda,9.0%,6
510,14 de agosto del 2011,Tomohiro Nakayama,Miho Shiraishi,Masayuki Takagi,Yoshihiro Ueda,9.4%,3
511,21 de agosto del 2011,Jin Tanaka,Ryūji Yoshiike,Katsumi Ishizuka,Makoto Sonoda,8.4%,4
512,28 de agosto del 2011,Hirohiko Kamisaka,Miho Shiraishi,Eisaku Inoue,Yutaka Nakashima,11.0%,3
513,4 de septiembre del 2011,Yoshiyuki Suga,Ryūji Yoshiike,Toshio Deguchi,Hiroyuki Satō,9.8%,6
514,11 de septiembre del 2011,Jin Tanaka,Miho Shiraishi,Atsuko Kawamura,Aya Komaki,10.0%,4
515,18 de septiembre del 2011,Tomohiro Nakayama,Miho Shiraishi,Takeo Ide,Yoshihiro Ueda,8.7%,4
516,25 de septiembre del 2011,Hirohiko Kamisaka,Miho Shiraishi,Yukiko Nakatani,Katsumi Tokoro,9.0%,4
517,2 de octubre del 2011,Hirohiko Kamisaka,Ryūji Yoshiike,Kazuya Hisada,Hiroaki Miyamoto,11.1%,2
518,9 de octubre del 2011,Yoshiyuki Suga,Miho Shiraishi,Masahiro Shimanuki,Naoyuki Itō,10.2%,3
519,16 de octubre del 2011,Tomohiro Nakayama,Ryūji Yoshiike,Kenji Yokoyama,Yutaka Nakashima,10.1%,4
520,23 de octubre del 2011,Jin Tanaka,Miho Shiraishi,Shigefumi Shingaki,Gou Koga,12.6%,2
521,30 de octubre del 2011,Hirohiko Kamisaka,Ryūji Yoshiike,Masayuki Takagi,Takashi Ōtsuka,10.8%,4
522,6 de noviembre del 2011,Jin Tanaka,Miho Shiraishi,Toshio Deguchi,Hiroyuki Satō,10.9%,3
523,13 de noviembre del 2011,Yoshiyuki Suga,Ryūji Yoshiike,Megumi Yamashita,Yoshihiro Ueda,10.5%,5
524,20 de noviembre del 2011,Tomohiro Nakayama,Miho Shiraishi,Eisaku Inoue,Aya Komaki,10.3%,3
525,27 de noviembre del 2011,Tomohiro Nakayama,Ryūji Yoshiike,Katsumi Ishizuka,Katsumi Tokoro,12.9%,2
526,4 de diciembre del 2011,Yoshiyuki Suga,Miho Shiraishi,Atsuko Kawamura,Takahiro Imamura,11.2%,6
527,11 de diciembre del 2011,Hirohiko Kamisaka,Ryūji Yoshiike,Kenji Yokoyama,Yutaka Nakashima,10.0 %,3
528,18 de diciembre del 2011,Jin Tanaka,Miho Shiraishi,Yukiko Nakatani,Naoyuki Itō,9.5%,4
529,25 de diciembre del 2011,Hirohiko Kamisaka,Ryūji Yoshiike,Masahiro Shimanuki,Yoshihiro Ueda,10.5%,3
530,8 de enero del 2012,Yoshiyuki Suga,Miho Shiraishi,Shigefumi Shingaki,Ayako Hiraike,8.2%,5
531,15 de enero del 2012,Jin Tanaka,Ryūji Yoshiike,Masayuki Takagi,Gou Koga,9.9%,4
532,22 de enero del 2012,Tomohiro Nakayama,Miho Shiraishi,Toshio Deguchi,Aya Komaki,11.1%,3
533,29 de enero del 2012,Hirohiko Kamisaka,Ryūji Yoshiike,Megumi Yamashita,Hiroyuki Satō,10.6%,4
534,5 de febrero del 2012,Yoshiyuki Suga,Miho Shiraishi,Kenji Yokoyama,Takahiro Imamura,10.2%,5
535,12 de febrero del 2012,Tomohiro Nakayama,Ryūji Yoshiike,Eisaku Inoue,Katsumi Tokoro,10.1%,5
536,19 de febrero del 2012,Jin Tanaka,Miho Shiraishi,Atsuko Kawamura,Yoshihiro Ueda,9.8%,6
537,26 de febrero del 2012,Yoshiyuki Suga,Ryūji Yoshiike,Kazuya Hisada,Yutaka Nakashima,10.4%,5
538,4 de marzo del 2012,Hirohiko Kamisaka,Miho Shiraishi,Katsumi Ishizuka,Naoyuki Itō,10.7%,4
539,18 de marzo del 2012,Tomohiro Nakayama,Ryūji Yoshiike,Takeo Ide,Aya Komaki,8.4%,5
540,25 de marzo del 2012,Jin Tanaka,Miho Shiraishi,Yūsuke Isōchi,Hiroyuki Satō,8.8%,7
541,1 de abril del 2012,Tomohiro Nakayama,Ryūji Yoshiike,Masahiro Shimanuki,Yoshihiro Ueda,9.6%,3
542,8 de abril del 2012,Isao Murayama,Masanobu Nomura,Hisashi KagayaKazuya HisadaNaoki TateKenji Yokoyama,Yutaka NakashimaTetsuya Endō,10.0%,3
543,15 de abril del 2012,Yoshiyuki Suga,Miho Shiraishi,Shigefumi Shingaki,Yoshihiro Ueda,8.1%,4
544,22 de abril del 2012,Jin Tanaka,Ryūji Yoshiike,Toshio Deguchi,Takahiro Imamura,9.0%,4
545,29 de abril del 2012,Yoshiyuki Suga,Miho Shiraishi,Atsuko Kawamura,Naoyuki Itō,7.9%,5
546,6 de mayo del 2012,Tomohiro Nakayama,Ryūji Yoshiike,Masayuki Takagi,Aya Komaki,8.2%,6
547,13 de mayo del 2012,Hirohiko Kamisaka,Miho Shiraishi,Takeo Ide,Tetsuya Endō,8.3%,6
548,20 de mayo del 2012,Jin Tanaka,Ryūji Yoshiike,Megumi Yamashita,Yoshihiro Ueda,8.4%,6
549,27 de mayo del 2012,Tomohiro Nakayama,Miho Shiraishi,Masahiro Shimanuki,Yutaka Nakashima,8.8%,6
550,3 de junio del 2012,Hirohiko Kamisaka,Ryūji Yoshiike,Kenji Yokoyama,Gou Koga,8.8%,6
551,10 de junio del 2012,Jin Tanaka,Miho Shiraishi,Katsumi Ishizuka,Tetsuya Endō,8.7%,3
552,17 de junio del 2012,Yoshiyuki Suga,Ryūji Yoshiike,Shigefumi Shingaki,Aya Komaki,9.1%,6
553,24 de junio del 2012,Hirohiko Kamisaka,Miho Shiraishi,Kazuya Hisada,Hiroaki Miyamoto,9.4%,4
554,1 de julio del 2012,Yoshiyuki Suga,Ryūji Yoshiike,Toshio Deguchi,Yoshihiro Ueda,10.7%,3
555,8 de julio del 2012,Tomohiro Nakayama,Miho Shiraishi,Atsuko Kawamura,Takahiro Imamura,9.3%,6
556,15 de julio del 2012,Jin Tanaka,Ryūji Yoshiike,Masayuki Takagi,Naoyuki Itō,8.9%,6
557,29 de julio del 2012,Hirohiko Kamisaka,Miho Shiraishi,Masahiro Shimanuki,Yutaka Nakashima,8.8%,5
558,5 de agosto del 2012,Tomohiro Nakayama,Ryūji Yoshiike,Kenji Yokoyama,Tetsuya Endō,8.1%,1
559,12 de agosto del 2012,Yoshiyuki Suga,Miho Shiraishi,Megumi Yamashita,Gou Koga,8.1%,5
560,19 de agosto del 2012,Jin Tanaka,Ryūji Yoshiike,Shigefumi Shingaki,Yoshihiro Ueda,8.7%,5
561,26 de agosto del 2012,Tomohiro Nakayama,Miho Shiraishi,Katsumi Ishizuka,Aya Komaki,7.7%,5
562,2 de septiembre del 2012,Yoshiyuki Suga,Ryūji  Yoshiike,Toshio Deguchi,Takahiro Imamura,8.8%,6
563,9 de septiembre del 2012,Jin Tanaka,Miho Shiraishi,Atsuko Kawamura,Naoyuki Itō,9.5%,5
564,16 de septiembre del 2012,Hirohiko Kamisaka,Ryūji Yoshiike,Masayuki Takagi,Tetsuya Endō,7.5%,6
565,23 de septiembre del 2012,Hirohiko Kamisaka,Miho Shiraishi,Kenji Yokoyama,Yutaka Nakashima,9.3%,3
566,30 de septiembre del 2012,Yoshiyuki Suga,Ryūji  Yoshiike,Megumi Yamashita,Hiroaki Miyamoto,8.8%,4
567,7 de octubre del 2012,Jin Tanaka,Miho Shiraishi,Naoki Murakami,Takahiro Imamura,8.0%,3
568,14 de octubre  del 2012,Tomohiro Nakayama,Ryūji  Yoshiike,Toshio Deguchi,Aya Komaki,8.8%,3
569,21 de octubre del 2012,Tomohiro Nakayama,Miho Shiraishi,Shigefumi Shingaki,Yoshihiro Ueda,9.1%,6
570,28 de octubre del 2012,Jin Tanaka,Ryūji Yoshiike,Yukiko Nakatani,Tetsuya Endō,9.5%,6
571,4 de noviembre del 2012,Yoshiyuki Suga,Miho Shiraishi,Atsuko Kawamura,Tetsuya Endō,6.7%,6
572,11 de noviembre del 2012,Tomohiro Nakayama,Ryūji Yoshiike,Katsumi Ishizuka,Ayako Hiraike,9.6%,5
573,18 de noviembre del 2012,Jin Tanaka,Miho Shiraishi,Kenji Yokoyama,Yutaka Nakashima,10.2%,5
574,25 de noviembre del 2012,Yoshiyuki Suga,Ryūji Yoshiike,Masayuki Takagi,Katsumi Tokoro,9.2%,6
575,2 de diciembre del 2012,Hirohiko Kamisaka,Miho Shiraishi,Kazuya HisadaKazuyuki IgaiNatsuki  WatanabeYūsuke Isōchi,Aya Komaki,10.6%,6
576,9 de diciembre del 2012,Hirohiko Kamisaka,Ryūji Yoshiike,Toshio Deguchi,Yoshihiro Ueda,8.4%,6
577,16 de diciembre del 2012,Hirohiko Kamisaka,Miho Shiraishi,Naoki Murakami,Takahiro Imamura,9.4%,3
578,23 de diciembre del 2012,Hirohiko Kamisaka,Ryūji Yoshiike,Megumi Yamashita,Tetsuya Endō,8.9%,3
579,6 de enero del 2013,Tomohiro Nakayama,Miho Shiraishi,Shigefumi Shingaki,Ayako Hiraike,7.2%,4
580,13 de enero del 2013,Jin Tanaka,Ryūji Yoshiike,Kenji Yokoyama,Yutaka Nakashima,7.9%,6
581,20 de enero del 2013,Yoshiyuki Suga,Miho Shiraishi,Masayuki Takagi,Hiroaki Miyamoto,7.5%,6
582,27 de enero del 2013,Tomohiro Nakayama,Ryūji Yoshiike,Atsuko Kawamura,Yoshihiro Ueda,7.1%,6
583,3 de febrero del 2013,Yoshiyuki Suga,Miho Shiraishi,Katsumi Ishizuka,Aya Komaki,9.0%,6
584,10 de febrero del 2013,Jin Tanaka,Ryūji Yoshiike,Toshio Deguchi,Tetsuya Endō,9.3%,4
585,17 de febrero del 2013,Tomohiro Nakayama,Miho Shiraishi,Yukiko Nakatani,Takahiro Imamura,9.0%,6
586,3 de marzo del 2013,Jin Tanaka,Ryūji Yoshiike,Naoki Murakami,Katsumi Tokoro,9.1%,6
587,17 de marzo del 2013,Yoshiyuki Suga,Miho Shiraishi,Megumi Yamashita,Naoyuki Itō,8.0%,5
588,24 de marzo del 2013,Tomohiro Nakayama,Ryūji Yoshiike,Shigefumi Shingaki,Yoshihiro Ueda,7.3%,4
589,31 de marzo del 2013,Hirohiko Kamisaka,Miho Shiraishi,Masayuki Takagi,Tetsuya Endō,6.8%,4
590,7 de abril del 2013,Isao Murayama,Shinichi Konno,Kenji Yokoyama,Yutaka Nakashima,8.3%,3
591,14 de abril del 2013,Yoshiyuki Suga,Ryūji Yoshiike,Yukiko Nakatani,Aya Komaki,8.0%,4
592,21 de abril del 2013,Jin Tanaka,Miho Shiraishi,Atsuko Kawamura,Takahiro Imamura,8.3%,4
593,28 de abril del 2013,Jin Tanaka,Ryūji Yoshiike,Toshio Deguchi,Yoshihiro Ueda,7.2%,6
594,5 de mayo del 2013,Tomohiro Nakayama,Miho Shiraishi,Katsumi Ishizuka,Ayako Hiraike,6.5%,6
595,12 de mayo del 2013,Yoshiyuki Suga,Ryūji Yoshiike,Masahiro Shimanuki,Tetsuya Endō,7.6%,6
596,19 de mayo del 2013,Shōji Yonemura,Miho Shiraishi,Naoki Murakami,Takahiro Imamura,8.7%,3
597,26 de mayo del 2013,Yoshiyuki Suga,Ryūji Yoshiike,Yukiko NakataniShingo Fujisaki,Aya Komaki,8.6%,6
598,2 de junio del 2013,Tomohiro Nakayama,Miho Shiraishi,Masayuki Takagi,Tetsuya Endō,8.0%,6
599,9 de junio del 2013,Jin Tanaka,Ryūji Yoshiike,Toshio Deguchi,Yoshihiro Ueda,7.9%,5
600,16 de junio del 2013,Shōji Yonemura,Miho Shiraishi,Kenji Yokoyama,Ayako Hiraike,8.0%,5
601,23 de junio del 2013,Tomohiro Nakayama,Ryūji Yoshiike,Shigefumi Shingaki,Takahiro Imamura,7.5%,5
602,30 de junio del 2013,Yoshiyuki Suga,Miho Shiraishi,Kazuya Hisada,Takashi Ōtsuka,7.8%,3
603,7 de julio del 2013,Jin Tanaka,Ryūji Yoshiike,Yūsuke Isōchi,Aya Komaki,8.1%,4
604,14 de julio del 2013,Jin Tanaka,Miho Shiraishi,Atsuko Kawamura,Tetsuya Endō,7.2%,6
605,21 de julio del 2013,Tomohiro Nakayama,Ryūji Yoshiike,Masayuki Takagi,Yoshihiro Ueda,8.5%,3
606,28 de julio del 2013,Shōji Yonemura,Miho Shiraishi,Masahiro Shimanuki,Takahiro Imamura,7.7%,5
607,11 de agosto del 2013,Yoshiyuki Suga,Ryūji Yoshiike,Megumi YamashitaKazuya Hisada,Takashi Ōtsuka,7.3%,5
608,18 de agosto del 2013,Shōji Yonemura,Miho Shiraishi,Toshio Deguchi,Masahiro Hosoda,7.0%,4
609,25 de agosto del 2013,Tomohiro Nakayama,Ryūji Yoshiike,Takeo Ide,Aya Komaki,6.2%,7
610,1 de septiembre del 2013,Jin Tanaka,Miho Shiraishi,Yukiko Nakatani,Yoshihiro Ueda,7.7%,6
611,8 de septiembre del 2013,Yoshiyuki Suga,Ryūji Yoshiike,Shigefumi Shingaki,Takahiro Imamura,7.6%,6
612,15 de septiembre del 2013,Jin Tanaka,Miho Shiraishi,Kenji Yokoyama,Ayako Hiraike,8.6%,4
613,22 de septiembre del 2013,Tomohiro Nakayama,Ryūji Yoshiike,Atsuko Kawamura,Yoshihiro Ueda,8.8%,4
614,29 de septiembre del 2013,Shōji Yonemura,Miho Shiraishi,Masahiro Shimanuki,Aya Komaki,7.7%,4
615,6 de octubre del 2013,Hirohiko Kamisaka,Miho ShiraishiRyūji Yoshiike,Yūsuke Isōchi,Tetsuya Endō,6.7%,4
616,13 de octubre del 2013,Yoshiyuki Suga,Miho Shiraishi,Masayuki Takagi,Takashi Ōtsuka,8.2%,4
617,20 de octubre del 2013,Shōji Yonemura,Ryūji Yoshiike,Toshio Deguchi,Masahiro Hosoda,7.5%,6
618,27 de octubre del 2013,Tomohiro Nakayama,Miho Shiraishi,Masahiro Kitazaki,Yoshihiro Ueda,7.9%,6
619,3 de noviembre del 2013,Hirohiko Kamisaka,Ryūji Yoshiike,Takeo Ide,Aya Komaki,9.2%,5
620,10 de noviembre del 2013,Jin Tanaka,Miho Shiraishi,Yukiko Nakatani,Ayako Hiraike,8.8%,5
621,17 de noviembre del 2013,Yoshiyuki Suga,Ryūji Yoshiike,Shigefumi Shingaki,Yoshihiro Ueda,8.1%,7
622,24 de noviembre del 2013,Shōji Yonemura,Miho Shiraishi,Kenji Yokoyama,Tetsuya Endō,8.8%,4
623,1 de diciembre del 2013,Tomohiro Nakayama,Ryūji Yoshiike,Masahiro Shimanuki,Takahiro Imamura,8.2%,3
624,8 de diciembre del 2013,Jin Tanaka,Miho Shiraishi,Atsuko Kawamura,Masahiro Hosoda,9.2%,6
625,15 de diciembre del 2013,Yoshiyuki Suga,Ryūji Yoshiike,Yukiko Nakatani,Tetsuya Endō,8.7%,6
626,22 de diciembre del 2013,Jin Tanaka,Miho Shiraishi,Masayuki Takagi,Takashi Ōtsuka,9.4%,4
627,5 de enero del 2014,Tomohiro Nakayama,Miho ShiraishiRyūji Yoshiike,Megumi YamashitaSadahiko Sakamaki,Aya Komaki,7.2%,4
628,12 de enero del 2014,Jin Tanaka,Miho Shiraishi,Toshio Deguchi,Ayako Hiraike,7.5%,4
629,19 de enero del 2014,Hirohiko Kamisaka,Ryūji Yoshiike,Masahiro Kitazaki,Yoshihiro Ueda,9.5%,6
630,26 de enero del 2014,Hirohiko Kamisaka,Miho Shiraishi,Takeo Ide,Hiroaki Miyamoto,8.8%,3
631,2 de febrero del 2014,Shōji Yonemura,Ryūji Yoshiike,Shigefumi Shingaki,Masahiro Hosoda,8.3%,6
632,9 de febrero del 2014,Yoshiyuki Suga,Miho Shiraishi,Kenji Yokoyama,Katsumi Tokoro,8.2%,6
633,16 de febrero del 2014,Shōji Yonemura,Ryūji Yoshiike,Masahiro Shimanuki,Tetsuya Endō,8.1%,6
634,23 de febrero del 2014,Tomohiro Nakayama,Miho Shiraishi,Atsuko Kawamura,Aya Komaki,8.0%,4
635,2 de marzo del 2014,Shōji Yonemura,Ryūji Yoshiike,Masahiro Kitazaki,Takahiro Imamura,7.4%,6
636,16 de marzo del 2014,Jin Tanaka,Miho Shiraishi,Masayuki Takagi,Yoshihiro Ueda,6.8%,6
637,23 de marzo del 2014,Hirohiko Kamisaka,Ryūji Yoshiike,Toshio Deguchi,Katsumi Tokoro,8.1%,4
638,30 de marzo del 2014,Yoshiyuki Suga,Miho Shiraishi,Yukiko NakataniShingo Fujisaki,Ayako Hiraike,7.9%,4
639,6 de abril del 2014,Shōji Yonemura,Ryūji Yoshiike,Kenji Yokoyama,Takashi Ōtsuka,7.7%,4
640,13 de abril del 2014,Tomohiro Nakayama,Miho Shiraishi,Shigefumi Shingaki,Yoshihiro Ueda,9.7%,5
641,20 de abril del 2014,Hirohiko Kamisaka,Ryūji Yoshiike,Asako Narasaki,Toshinori Fukuzawa,8.0%,6
642,27 de abril del 2014,Jin Tanaka,Miho Shiraishi,Masahiro Kitazaki,Masahiro Hosoda,9.0%,5
643,4 de mayo del 2014,Yoshiyuki Suga,Ryūji Yoshiike,Masahiro Shimanuki,Yoshihiro Ueda,7.3%,6
644,11 de mayo del 2014,Shōji Yonemura,Miho Shiraishi,Atsuko Kawamura,Tetsuya Endō,7.4%,4
645,18 de mayo del 2014,Jin Tanaka,Ryūji Yoshiike,Masayuki Takagi,Katsumi Tokoro,7.5%,6
646,25 de mayo del 2014,Tomohiro Nakayama,Miho Shiraishi,Yūsuke Isōchi,Aya Komaki,9.3%,4
647,1 de junio del 2014,Yoshiyuki Suga,Ryūji Yoshiike,Toshio Deguchi,Ayako Hiraike,7.7%,6
648,8 de junio del 2014,Tomohiro Nakayama,Miho Shiraishi,Shigefumi Shingaki,Tetsuya Endō,8.2%,6
649,15 de junio del 2014,Jin Tanaka,Ryūji Yoshiike,Masahiro Kitazaki,Yoshihiro Ueda,7.4%,6
650,22 de junio del 2014,Shōji Yonemura,Miho Shiraishi,Masahiro Shimanuki,Masahiro Hosoda,9.2%,3
651,29 de junio del 2014,Yoshiyuki Suga,Ryūji Yoshiike,Kenji Yokoyama,Toshinori Fukuzawa,7.8%,6
652,6 de julio del 2014,Shōji Yonemura,Miho Shiraishi,Yūsuke Isōchi,Katsumi Tokoro,7.3%,4
653,13 de julio del 2014,Tomohiro Nakayama,Ryūji Yoshiike,Atsuko Kawamura,Tetsuya Endō,7.9%,5
654,20 de julio del 2014,Jin Tanaka,Miho Shiraishi,Asako Narasaki,Yoshihiro Ueda,8.2%,4
655,3 de agosto del 2014,Yoshiyuki Suga,Ryūji Yoshiike,Masayuki Takagi,Ayako Hiraike,6.6%,5
656,10 de agosto del 2014,Shōji Yonemura,Miho Shiraishi,Toshio Deguchi,Toshinori Fukuzawa,8.1%,6
657,17 de agosto del 2014,Hirohiko Kamisaka,Ryūji Yoshiike,Masahiro Kitazaki,Kōhei Kureta,8.0%,4
658,24 de agosto del 2014,Tomohiro Nakayama,Miho Shiraishi,Shigefumi Shingaki,Katsumi Tokoro,8.3%,4
659,31 de agosto del 2014,Shōji Yonemura,Ryūji Yoshiike,Masahiro Shimanuki,Yoshihiro Ueda,6.7%,7
660,7 de septiembre del 2014,Yoshiyuki Suga,Miho Shiraishi,Yūsuke Isōchi,Tetsuya Endō,8.4%,5
661,14 de septiembre del 2014,Jin Tanaka,Ryūji Yoshiike,Kazuya Hisada,Satoshi Itō,7.3%,7
662,21 de septiembre del 2014,Hirohiko Kamisaka,Miho Shiraishi,Kenji Yokoyama,Masahiro Hosoda,8.7%,6
663,28 de septiembre del 2014,Tomohiro Nakayama,Ryūji Yoshiike,Asako Narasaki,Tetsuya Endō,8.8%,3
664,5 de octubre del 2014,Shōji Yonemura,Miho Shiraishi,Masayuki Takagi,Yoshihiro Ueda,9.9%,3
665,12 de octubre del 2014,Yoshiyuki Suga,Ryūji Yoshiike,Toshio Deguchi,Katsumi Tokoro,8.2%,4
666,19 de octubre del 2014,Jin Tanaka,Miho Shiraishi,Masahiro Kitazaki,Toshinori Fukuzawa,8.1%,6
667,26 de octubre del 2014,Shōji Yonemura,Ryūji Yoshiike,Atsuko Kawamura,Fumiharu Kamanaka,8.4%,6
668,2 de noviembre del 2014,Tomohiro Nakayama,Miho Shiraishi,Shigefumi  Shingaki,Tetsuya Endō,7.3%,7
669,9 de noviembre del 2014,Yoshiyuki Suga,Ryūji Yoshiike,Kazuya Hisada,Yoshihiro Ueda,9.3%,5
670,16 de noviembre del 2014,Hirohiko Kamisaka,Miho Shiraishi,Yūsuke Isōchi,Aya Komaki,8.2%,4
671,23 de noviembre del 2014,Shōji Yonemura,Ryūji Yoshiike,Kenji Yokoyama,Masahiro Hosoda,7.6%,6
672,30 de noviembre del 2014,Tomohiro Nakayama,Miho Shiraishi,Asako Narasaki,Katsumi Tokoro,8.6%,6
673,7 de diciembre del 2014,Jin Tanaka,Ryūji Yoshiike,Toshio Deguchi,Tetsuya Endō,9.3%,6
674,14 de diciembre del 2014,Hirohiko Kamisaka,Miho Shiraishi,Masayuki Takagi,Satoshi Itō,8.4%,4
675,21 de diciembre del 2014,Yoshiyuki Suga,Ryūji Yoshiike,Masahiro Kitazaki,Yoshihiro Ueda,8.7%,4
676,28 de diciembre del 2014,Yoshiyuki Suga,Miho Shiraishi,Shigefumi Shingaki,Tetsuya Endō,7.8%,5
677,11 de enero del 2015,Shōji Yonemura,Ryūji Yoshiike,Shigefumi Shingaki,Aya Komaki,8.6%,6
678,18 de enero del 2015,Jin Tanaka,Miho Shiraishi,Kazuya Hisada,Yoshihiro Ueda,9.0%,4
679,25 de enero del 2015,Hirohiko Kamisaka,Ryūji Yoshiike,Yūsuke Isōchi,Masahiro Hosoda,8.6%,4
680,1 de febrero del 2015,Tomohiro Nakayama,Miho Shiraishi,Kenji Yokoyama,Satoshi Itō,9.4%,6
681,8 de febrero del 2015,Yoshiyuki Suga,Ryūji Yoshiike,Toshio Deguchi,Katsumi Tokoro,9.1%,7
682,15 de febrero del 2015,Hirohiko Kamisaka,Miho Shiraishi,Masayuki Takagi,Yoshihiro Ueda,9.7%,6
683,1 de marzo del 2015,Shōji Yonemura,Ryūji Yoshiike,Asako Narasaki,Toshinori Fukuzawa,8.9%,6
684,15 de marzo del 2015,Jin Tanaka,Miho Shiraishi,Masahiro Kitazaki,Ayako Hiraike,8.3%,6
685,22 de marzo del 2015,Tomohiro Nakayama,Ryūji Yoshiike,Atsuko Kawamura,Aya Komaki,7.3%,6
686,29 de marzo del 2015,Jin Tanaka,Miho Shiraishi,Shigefumi Shingaki,Tetsuya Endō,8.4%,4
687,5 de abril del 2015,Tomohiro Nakayama,Ryūji Yoshiike,Kenji Yokoyama,Masahiro Hosoda,9.4%,3
688,12 de abril del 2015,Atsuhiro Tomioka,Miho Shiraishi,Yūsuke Isōchi,Yoshihiro Ueda,9.0%,4
689,19 de abril del 2015,Hirohiko Kamisaka,Ryūji Yoshiike,Masayuki Takagi,Satoshi Itō,9.0%,5
690,26 de abril del 2015,Shōji Yonemura,Miho Shiraishi,Kazuya Hisada,Aya Komaki,8.2%,5
691,3 de mayo del 2015,Tomohiro Nakayama,Ryūji Yoshiike,Toshio Deguchi,Makoto Sonoda,7.0%,6
692,10 de mayo del 2015,Jin Tanaka,Miho Shiraishi,Atsuko Kawamura,Ayako Hiraike,9.0%,5
693,17 de mayo del 2015,Atsuhiro Tomioka,Ryūji Yoshiike,Masahiro Kitazaki,Aya Komaki,8.6%,4
694,24 de mayo del 2015,Shōji Yonemura,Miho Shiraishi,Shigefumi Shingaki,Yoshihiro Ueda,8.7%,5
695,31 de mayo del 2015,Tomohiro Nakayama,Ryūji Yoshiike,Asako Narasaki,Tetsuya Endō,8.0%,5
696,7 de junio del 2015,Jin Tanaka,Miho Shiraishi,Kenji Yokoyama,Satoshi Itō,8.6%,5
697,14 de junio del 2015,Atsuhiro Tomioka,Ryūji Yoshiike,Masahiro  Shimanuki,Masahiro Hosoda,8.9%,4
698,21 de junio del 2015,Shōji Yonemura,Miho Shiraishi,Yūsuke IsōchiKazuyuki Igai,Tatsuya Nagamine,8.8%,2
699,28 de junio del 2015,Tomohiro Nakayama,Ryūji Yoshiike,Masayuki Takagi,Aya Komaki,9.1%,4
700,5 de julio del 2015,Jin Tanaka,Miho Shiraishi,Kazuya Hisada,Kentarō Fujita,9.9%,2
701,12 de julio del 2015,Shōji Yonemura,Ryūji Yoshiike,Toshio Deguchi,Katsumi Tokoro,7.0%,5
702,19 de julio del 2015,Atsuhiro Tomioka,Miho Shiraishi,Atsuko Kawamura,Yoshihiro Ueda,8.1%,2
703,2 de agosto del 2015,Hirohiko Kamisaka,Ryūji Yoshiike,Masahiro Kitazaki,Tetsuya Endō,8.9%,3
704,9 de agosto del 2015,Hirohiko Kamisaka,Miho Shiraishi,Shigefumi Shingaki,Masahiro Hosoda,8.3%,2
705,16 de agosto del 2015,Tomohiro Nakayama,Ryūji Yoshiike,Asako Narasaki,Satoshi Itō,6.9%,4
706,23 de agosto del 2015,Jin Tanaka,Miho Shiraishi,Kenji Yokoyama,Tatsuya Nagamine,7.1%,5
707,30 de agosto del 2015,Shōji Yonemura,Ryūji Yoshiike,Masayuki Takagi,Yoshihiro Ueda,7.5%,5
708,6 de septiembre del 2015,Atsuhiro Tomioka,Miho Shiraishi,Kazuya Hisada,Kentarō Fujita,9.2%,3
709,13 de septiembre del 2015,Jin Tanaka,Ryūji Yoshiike,Toshio Deguchi,Katsumi Tokoro,8.1%,5
710,20 de septiembre del 2015,Tomohiro Nakayama,Miho Shiraishi,Atsuko Kawamura,Aya Komaki,7.7%,3
711,27 de septiembre del 2015,Shōji Yonemura,Ryūji Yoshiike,Masahiro Kitazaki,Toshinori Fukuzawa,7.8%,3
712,4 de octubre del 2015,Jin Tanaka,Miho Shiraishi,Shigefumi Shingaki,Tetsuya Endō,7.6%,4
713,11 de octubre del 2015,Tomohiro Nakayama,Ryūji Yoshiike,Kenji Yokoyama,Masahiro Hosoda,8.8%,4
714,18 de octubre del  2015,Hirohiko Kamisaka,Miho Shiraishi,Asako Narasaki,Yoshihiro Ueda,8.7%,5
715,25 de octubre del 2015,Hirohiko Kamisaka,Ryūji Yoshiike,Shūichi Itō,Satoshi Itō,8.4%,5
716,1 de noviembre del 2015,Shōji Yonemura,Miho Shiraishi,Kazuya Hisada,Aya Komaki,8.1%,6
717,8 de noviembre del 2015,Jin Tanaka,Ryūji Yoshiike,Toshio Deguchi,Tatsuya Nagamine,7.9%,6
718,15 de noviembre del 2015,Tomohiro Nakayama,Miho Shiraishi,Atsuko Kawamura,Kentarō Fujita,9.8%,2
719,22 de noviembre del 2015,Shōji Yonemura,Ryūji Yoshiike,Masahiro Kitazaki,Katsumi Tokoro,8.3%,6
720,29 de noviembre del 2015,Hirohiko Kamisaka,Miho Shiraishi,Kenji Yokoyama,Tetsuya Endō,7.3%,5
721,6 de diciembre del 2015,Jin Tanaka,Ryūji Yoshiike,Shigefumi Shingaki,Yoshihiro Ueda,8.0%,6
722,13 de diciembre del 2015,Tomohiro Nakayama,Miho Shiraishi,Shūichi Itō,Masahiro Hosoda,8.6%,6
723,20 de diciembre del 2015,Shōji Yonemura,Ryūji Yoshiike,Asako Narasaki,Satoshi Itō,8.4%,4
724,27 de diciembre del 2015,Hirohiko Kamisaka,Miho Shiraishi,Toshio Deguchi,Yasunori Koyama,8.7%,2
725,10 de enero del 2016,Atsuhiro Tomioka,Ryūji Yoshiike,Atsuko Kawamura,Kentarō Fujita,8.5%,4
726,17 de enero del 2016,Jin Tanaka,Miho Shiraishi,Kazuya Hisada,Toshinori Fukuzawa,7.5%,6
727,24 de enero del 2016,Shōji Yonemura,Ryūji Yoshiike,Shigefumi Shingaki,Yoshihiro Ueda,8.4%,4
728,31 de enero del 2016,Tomohiro Nakayama,Miho Shiraishi,Kenji Yokoyama,Katsumi Tokoro,9.3%,3
729,7 de febrero de 2016 (emisión interrumpida)14 de febrero de 2016,Hirohiko Kamisaka,Ryūji Yoshiike,Shūichi Itō,Tetsuya Endō,10.2%,2
730,21 de febrero del 2016,Atsuhiro Tomioka,Miho Shiraishi,Asako NarasakiIsamu Takara,Masahiro Hosoda,9.6%,4
731,28 de febrero del 2016,Hirohiko Kamisaka,Ryūji Yoshiike,Yūsuke Isōchi,Yasunori Koyama,9.3%,3
732,6 de marzo del 2016,Jin Tanaka,Miho Shiraishi,Atsuko Kawamura,Satoshi Itō,8.0%,5
733,20 de marzo del 2016,Shōji Yonemura,Ryūji Yoshiike,Kazuya Hisada,Toshinori Fukuzawa,9.2%,2
734,27 de marzo del 2016,Atsuhiro Tomioka,Miho Shiraishi,Masayuki Takagi,Yoshihiro Ueda,8.2%,2
735,3 de abril del 2016,Tomohiro Nakayama,Ryūji Yoshiike,Kenji Yokoyama,Kentarō Fujita,10.0%,2
736,10 de abril del 2016,Shōji Yonemura,Miho Shiraishi,Shigefumi Shingaki,Tetsuya Endō,7.8%,4
737,17 de abril del 2016,Jin Tanaka,Ryūji Yoshiike,Toshio Deguchi,Katsumi Tokoro,9.0%,3
738,24 de abril del 2016,Jin Tanaka,Miho Shiraishi,Shūichi Itō,Masahiro Hosoda,9.1%,4
739,1 de mayo del 2016,Atsuhiro Tomioka,Ryūji Yoshiike,Isamu Takara,Satoshi Itō,8.7%,2
740,8 de mayo del 2016,Tomohiro Nakayama,Miho Shiraishi,Atsuko Kawamura,Yoshihiro Ueda,7.5%,6
741,15 de mayo del 2016,Tomohiro Nakayama,Ryūji Yoshiike,Kenji Yokoyama,Kentarō Fujita,8.8%,5
742,22 de mayo del 2016,Shōji Yonemura,Miho Shiraishi,Masayuki Takagi,Katsumi Tokoro,7.1%,4
743,29 de mayo del 2016,Jin Tanaka,Ryūji Yoshiike,Toshio Deguchi,Yasunori Koyama,6.5%,5
744,5 de junio del 2016,Atsuhiro Tomioka,Ryūji Yoshiike,Shigefumi Shingaki,Tetsuya Endō,8.2%,2
745,12 de junio del 2016,Tomohiro Nakayama,Ryūji Yoshiike,Shūichi Itō,Yoshihiro Ueda,8.6%,2
746,19 de junio del 2016,Shōji Yonemura,Miho Shiraishi,Isamu Takara,Masahiro Hosoda,7.4%,5
747,26 de junio del 2016,Jin Tanaka,Ryūji Yoshiike,Atsuko Kawamura,Yoshihiro Ueda,9.5%,3
748,3 de julio del 2016,Jin Tanaka,Miho Shiraishi,Kenji Yokoyama,Satoshi Itō,7.5%,2
749,10 de julio del 2016,Shōji Yonemura,Ryūji Yoshiike,Masayuki Takagi,Kentarō Fujita,8.5%,4
750,17 de julio del 2016,Jin Tanaka,Ryūji Yoshiike,Toshio Deguchi,Yoshihiro Ueda,8.0%,2
751,31 de julio del 2016,Tomohiro Nakayama,Ryūji Yoshiike,Shigefumi Shingaki,Katsumi Tokoro,7.9%,5
752,7 de agosto del 2016,Atsuhiro Tomioka,Miho Shiraishi,Yūsuke Isōchi,Tetsuya Endō,7.4%,4
753,21 de agosto del 2016,Atsuhiro Tomioka,Ryūji Yoshiike,Shūichi Itō,Takashi Ōtsuka,6.8%,5
754,28 de agosto del 2016,Atsuhiro Tomioka,Miho Shiraishi,Isamu Takara,Yasunori Koyama,7.0%,5
755,4 de septiembre del 2016,Tomohiro Nakayama,Ryūji Yoshiike,Atsuko Kawamura,Masahiro Hosoda,7.6%,4
756,11 de septiembre del 2016,Shōji Yonemura,Miho Shiraishi,Kenji Yokoyama,Satoshi Itō,8.8%,4
757,25 de septiembre del 2016,Atsuhiro Tomioka,Ryūji Yoshiike,Masayuki Takagi,Yoshihiro Ueda,7.0%,3
758,2 de octubre del 2016,Tomohiro Nakayama,Miho Shiraishi,Yūsuke Isōchi,Kentarō Fujita,6.6%,4
759,9 de octubre del 2016,Shōji Yonemura,Ryūji Yoshiike,Toshio Deguchi,Katsumi Tokoro,6.9%,3
760,16 de octubre del 2016,Jin Tanaka,Miho Shiraishi,Shigefumi Shingaki,Tetsuya Endō,6.2%,7
761,23 de octubre del 2016,Atsuhiro Tomioka,Ryūji Yoshiike,Kazuya HisadaMidori Matsuda,Yoshihiro Ueda,6.6%,5
762,30 de octubre del 2016,Tomohiro Nakayama,Miho Shiraishi,Shūichi Itō,Kentarō Fujita,6.6%,6
763,6 de noviembre del 2016,Shōji Yonemura,Ryūji Yoshiike,Isamu Takara,Satoshi Itō,6.4%,6
764,13 de noviembre del 2016,Jin Tanaka,Miho Shiraishi,Atsuko Kawamura,Yasunori Koyama,6.8%,3
765,20 de noviembre del 2016,Atsuhiro Tomioka,Ryūji Yoshiike,Toshio Deguchi,Tatsuya Nagamine,7.1%,6
766,27 de noviembre del 2016,Tomohiro Nakayama,Miho Shiraishi,Kenji Yokoyama,Masahiro Hosoda,7.3%,5
767,4 de diciembre del 2016,Shōji Yonemura,Ryūji Yoshiike,Keiichi Ichikawa,Toshinori Fukuzawa,8.2%,4
768,11 de diciembre del 2016,Jin Tanaka,Miho Shiraishi,Masayuki Takagi,Yoshihiro Ueda,6.5%,7
769,18 de diciembre del 2016,Tomohiro Nakayama,Ryūji Yoshiike,Shigefumi Shingaki,Katsumi Tokoro,7.1%,4
770,25 de diciembre del 2016,Tomohiro Nakayama,Miho Shiraishi,Shūichi Itō,Kentarō Fujita,6.1%,4
771,8 de enero del 2017,Atsuhiro Tomioka,Miho ShiraishiRyūji Yoshiike,Midori Matsuda,Satoshi Itō,7.5%,3
772,15 de enero del 2017,Shōji Yonemura,Miho Shiraishi,Yūsuke Isōchi,Yasunori Koyama,7.3%,6
773,22 de enero del 2017,Jin Tanaka,Ryūji Yoshiike,Isamu Takara,Yoshihiro Ueda,8.2%,5
774,29 de enero del 2017,Atsuhiro Tomioka,Miho Shiraishi,Kenji Yokoyama,Takashi Ōtsuka,7.1%,6
775,5 de febrero del 2017,Hirohiko Kamisaka,Ryūji Yoshiike,Toshio Deguchi,Masahiro Hosoda,7.1%,6
776,12 de febrero del 2017,Tomohiro Nakayama,Miho Shiraishi,Masayuki Takagi,Yasunori Koyama,6.1%,6
777,19 de febrero del 2017,Shōji Yonemura,Ryūji Yoshiike,Shigefumi Shingaki,Katsumi Tokoro,7.3%,5
778,26 de febrero del 2017,Shōji Yonemura,Miho Shiraishi,Shūichi Itō,Yoshihiro Ueda,7.3%,5
779,5 de marzo del 2017,Jin Tanaka,Ryūji Yoshiike,Yūsuke Isōchi,Kentarō Fujita,6.8%,5
780,19 de marzo del 2017,Hirohiko Kamisaka,Miho Shiraishi,Kenji Yokoyama,Satoshi Itō,5.7%,5
781,26 de marzo del 2017,Tomohiro Nakayama,Ryūji Yoshiike,Midori MatsudaShūichi Itō,Yoshihiro Ueda,6.6%,3
782,2 de abril del 2017,Jin Tanaka,Miho Shiraishi,Kazuya HisadaIsamu Takara,Satoshi Itō,6.5%,5
783,9 de abril del 2017,Tomohiro Nakayama,Ryūji Yoshiike,Toshio Deguchi,Yasunori Koyama,7.9%,4
784,16 de abril del 2017,Shōji Yonemura,Miho Shiraishi,Masayuki Takagi,Kentarō Fujita,5.9%,6
785,23 de abril del 2017,Jin Tanaka,Ryūji Yoshiike,Yūsuke Isōchi,Yusuke Suzuki,7.2%,4
786,30 de abril del 2017,Tomohiro Nakayama,Miho Shiraishi,Kenji Yokoyama,Toshinori Fukuzawa,6.6%,5
787,7 de mayo del 2017,Shōji Yonemura,Ryūji Yoshiike,Shigefumi Shingaki,Katsumi Tokoro,6.8%,3
788,14 de mayo del 2017,Atsuhiro Tomioka,Miho Shiraishi,Shūichi Itō,Yoshihiro Ueda,7.0%,5
789,21 de mayo del 2017,Shōji Yonemura,Ryūji Yoshiike,Isamu Takara,Yasunori Koyama,7.6%,3
790,28 de mayo del 2017,Atsuhiro Tomioka,Miho Shiraishi,Toshio Deguchi,Miho Hirayama,6.2%,5
791,4 de junio del 2017,Tomohiro Nakayama,Ryūji Yoshiike,Yūsuke Isōchi,Kentarō Fujita,6.2%,5
792,11 de junio del 2017,Shōji Yonemura,Miho Shiraishi,Masayuki Takagi,Yoshihiro Ueda,5.8%,7
793,18 de junio del 2017,Jin Tanaka,Ryūji Yoshiike,Kimitaka Itō,Katsumi Tokoro,7.0%,4
794,25 de junio del 2017,Atsuhiro Tomioka,Miho Shiraishi,Kenji Yokoyama,Yusuke Suzuki,6.1%,5
795,2 de julio del 2017,Tomohiro Nakayama,Ryūji Yoshiike,Shigefumi Shingaki,Yasunori Koyama,6.2%,5
796,9 de julio del 2017,Shōji Yonemura,Miho Shiraishi,Shūichi Itō,Satoshi Itō,6.6%,4
797,16 de julio del 2017,Jin Tanaka,Ryūji Yoshiike,Isamu Takara,Kentarō Fujita,6.2%,3
798,23 de julio del 2017,Tomohiro Nakayama,Miho Shiraishi,Toshio Deguchi,Yoshihiro Ueda,6.7%,3
799,30 de julio del 2017,Shōji Yonemura,Ryūji Yoshiike,Masayuki Takagi,Katsumi Tokoro,6.1%,5
800,6 de agosto del 2017,Atsuhiro Tomioka,Miho Shiraishi,Kimitaka Itō,Yusuke Suzuki,5.8%,5
801,13 de agosto del 2017,Jin Tanaka,Ryūji Yoshiike,Shigefumi Shingaki,Yasunori Koyama,5.9%,2
802,20 de agosto del 2017,Tomohiro Nakayama,Miho Shiraishi,Isamu Takara,Kentarō Fujita,6.9%,5
803,27 de agosto del 2017,Shōji Yonemura,Ryūji Yoshiike,Kazuya Hisada,Yoshihiro Ueda,4.8%,6
804,3 de septiembre del 2017,Tomohiro Nakayama,Miho Shiraishi,Shūichi Itō,Satoshi Itō,6.7%,4
805,17 de septiembre del 2017,Atsuhiro Tomioka,Ryūji Yoshiike,Masahiro Kitazaki,Yoshihiro Ueda,7.6%,5
806,24 de septiembre del 2017,Jin Tanaka,Miho Shiraishi,Shingo FujisakiYūsuke Isōchi,Miho Hirayama,6.0%,4
807,1 de octubre del 2017,Shōji Yonemura,Ryūji Yoshiike,Kenji Yokoyama,Takashi Ōtsuka,4.7%,3
808,1 de octubre del 2017,Shōji Yonemura,Miho Shiraishi,Kenji YokoyamaNoboru Koizumi,Takashi Ōtsuka,4.7%,3
809,15 de octubre del 2017,Tomohiro Nakayama,Ryūji Yoshiike,Toshio Deguchi,Yusuke Suzuki,6.0%,6
810,22 de octubre del 2017,Jin Tanaka,Miho Shiraishi,Kazuya HisadaShigefumi Shingaki,Kentarō Fujita,5.6%,6
811,29 de octubre del 2017,Atsuhiro Tomioka,Ryūji Yoshiike,Shūichi Itō,Yasunori Koyama,6.0%,5
812,5 de noviembre del 2017,Shōji Yonemura,Miho Shiraishi,Masayuki Takagi,Yoshihiro Ueda,6.1%,6
813,12 de noviembre del 2017,Tomohiro Nakayama,Ryūji Yoshiike,Eisaku InoueKimitaka Itō,Katsumi Tokoro,6.6%,6
814,19 de noviembre del 2017,Jin Tanaka,Miho Shiraishi,Yūsuke Isōchi,Satoshi Itō,6.4%,6
815,26 de noviembre del 2017,Shōji Yonemura,Ryūji Yoshiike,Masahiro Kitazaki,Yusuke Suzuki,6.4%,6
816,3 de diciembre del 2017,Atsuhiro Tomioka,Miho Shiraishi,Noboru Koizumi,Masahiro Hosoda,5.9%,6
817,10 de diciembre del  2017,Shōji Yonemura,Ryūji Yoshiike,Midori Matsuda,Miho Hirayama,6.7%,4
818,17 de diciembre del 2017,Tomohiro Nakayama,Miho Shiraishi,Kenji YokoyamaFukumoto Yasuko,Kentarō Fujita,6.2%,4
819,24 de diciembre del 2017,Jin Tanaka,Ryūji Yoshiike,Shigefumi Shingaki,Yoshihiro Ueda,5.0%,4
820,7 de enero del 2018,Shōji Yonemura,Miho Shiraishi,Shingo Fujisaki,Yasunori Koyama,5.6%,4
821,14 de enero del 2018,Tomohiro Nakayama,Ryūji Yoshiike,Shūichi Itō,Yusuke Suzuki,5.7%,6
822,21 de enero del 2018,Jin Tanaka,Miho Shiraishi,Masahiro Kitazaki,Kentarō Fujita,6.4%,6
823,28 de enero del 2018,Atsuhiro Tomioka,Ryūji Yoshiike,Masayuki Takagi,Hiroyuki Satō,7.1%,6
824,4 de febrero del 2018,Shōji Yonemura,Miho Shiraishi,Kazuya HisadaToshio Deguchi,Aya Komaki,6.1%,7
825,11 de febrero del 2018,Shōji Yonemura,Ryūji Yoshiike,Kenji Yokoyama,Satoshi Itō,5.6%,6
826,18 de febrero del 2018,Tomohiro Nakayama,Miho Shiraishi,Toshio Deguchi,Katsumi Tokoro,6.4%,6
827,4 de marzo del 2018,Kisa Miura,Ryūji Yoshiike,Shigefumi Shingaki,Yoshihiro Ueda,5.5%,6
828,18 de marzo del 2018,Jin Tanaka,Miho Shiraishi,Masahiro Kitazaki,Masahiro Hosoda,5.0%,3
829,25 de marzo del 2018,Shōji Yonemura,Ryūji Yoshiike,Shūichi Itō,Yasunori Koyama,6.6%,4
830,1 de abril del 2018,Tomohiro Nakayama,Miho Shiraishi,Yūsuke Isōchi,Aya Komaki,5.1%,5
831,8 de abril del 2018,Kisa Miura,Ryūji YoshiikeYū Saitō,Kenji YokoyamaFukumoto Yasuko,Yūsuke Suzuki,5.9%,5
832,15 de abril del 2018,Jin Tanaka,Miho Shiraishi,Masayuki Takagi,Yoshihiro Ueda,6.5%,5
833,22 de abril del 2018,Tomohiro Nakayama,Ryūji Yoshiike,Shigefumi Shingaki,Hiroyuki Satō,6.6%,6
834,29 de abril del 2018,Shōji Yonemura,Miho Shiraishi,Masahiro Kitazaki,Satoshi Itō,5.1%,6
835,6 de mayo del 2018,Kisa Miura,Ryūji YoshiikeYū Saitō,Shūichi Itō,Katsumi Tokoro,5.3%,4
836,13 de mayo del 2018,Atsuhiro Tomioka,Miho Shiraishi,Toshio Deguchi,Yutaka Nakashima,6.3%,6
837,20 de mayo del 2018,Jin Tanaka,Ryūji Yoshiike,Kenji YokoyamaFukumoto Yasuko,Masahiro Hosoda,4.8%,6
838,27 de mayo del 2018,Tomohiro Nakayama,Miho Shiraishi,Masayuki Takagi,Yoshihiro Ueda,6.0%,6
839,3 de junio del 2018,Shōji Yonemura,Ryūji YoshiikeYū Saitō,Masahiro ShimanukiKeiichi Ichikawa,Aya Komaki,5.5%,6
840,10 de junio del 2018,Atsuhiro Tomioka,Miho Shiraishi,Shigefumi Shingaki,Yutaka Nakashima,6.2%,6
841,17 de junio del 2018,Kisa Miura,Ryūji Yoshiike,Masahiro Kitazaki,Kōhei Kureta,5.4%,7
842,24 de junio del 2018,Jin Tanaka,Miho Shiraishi,Toshio DeguchiEisaku Inoue,Yūsuke Suzuki,5.6%,6
843,1 de julio del 2018,Tomohiro Nakayama,Yū Saitō,Shūichi ItōKimitaka Itō,Takahiro Imamura,5.0%,6
844,8 de julio del 2018,Shōji Yonemura,Miho Shiraishi,Kenji YokoyamaFukumoto Yasuko,Satoshi Itō,5.3%,5
845,15 de julio del 2018,Atsuhiro Tomioka,Ryūji Yoshiike,Masayuki Takagi,Yoshihiro Ueda,5.1%,4
846,22 de julio del 2018,Jin Tanaka,Miho Shiraishi,Masahiro Shimanuki,Yutaka Nakashima,5.4%,6
847,29 de julio del 2018,Kisa Miura,Yū Saitō,Shigefumi Shingaki,Masahiro Hosoda,5.4%,6
848,5 de agosto del 2018,Tomohiro Nakayama,Miho Shiraishi,Kimitaka ItōEisaku Inoue,Hiroyuki Satō,5.4%,6
849,12 de agosto del 2018,Shōji Yonemura,Ryūji Yoshiike,Shūichi Itō,Katsumi Tokoro,5.2%,4
850,19 de agosto del 2018,Atsuhiro Tomioka,Miho Shiraishi,Masayuki Takagi,Ryōta Nakamura,6.1%,6
851,26 de agosto del 2018,Jin Tanaka,Yū Saitō,Toshio Deguchi,Kōhei Kureta,4.3%,7
852,2 de septiembre del 2018,Shōji Yonemura,Miho Shiraishi,Kenji YokoyamaFukumoto Yasuko,Aya Komaki,5.0%,7
853,16 de septiembre del 2018,Kisa Miura,Ryūji Yoshiike,Shigefumi Shingaki,Yoshihiro Ueda,5.0%,6
854,23 de septiembre del 2018,Tomohiro Nakayama,Miho Shiraishi,Masahiro Shimanuki,Satoshi Itō,4.4%,4
855,30 de septiembre del 2018,Atsuhiro Tomioka,Yū Saitō,Kimitaka ItōEisaku Inoue,Yusuke Suzuki,4.5%,5
856,7 de octubre del 2018,Jin Tanaka,Miho Shiraishi,Masahiro Kitazaki,Toshinori Fukazawa,5.0%,4
857,14 de octubre del 2018,Shōji Yonemura,Ryūji Yoshiike,Shūichi Itō,Yasunori Koyama,5.5%,5
858,21 de octubre del 2018,Kisa Miura,Miho Shiraishi,Kenji YokoyamaFukumoto Yasuko,Takahiro Imamura,5.3%,6
859,28 de octubre del 2018,Tomohiro Nakayama,Yū Saitō,Toshio Deguchi,Yusuke Suzuki,5.8%,5
860,4 de noviembre del 2018,Atsuhiro Tomioka,Miho Shiraishi,Yūsuke Isōchi,Aya Komaki,6.6%,6
861,11 de noviembre del 2018,Jin Tanaka,Ryūji Yoshiike,Shigefumi Shingaki,Katsumi Tokoro,5.0%,6
862,18 de noviembre del 2018,Shōji Yonemura,Miho Shiraishi,Masahiro ShimanukiMidori Matsuda,Hiroyuki Satō,5.6%,6
863,25 de noviembre del 2018,Kisa Miura,Yū Saitō,Masayuki Takagi,Yoshihiro Ueda,4.9%,6
864,9 de diciembre del 2018,Tomohiro Nakayama,Miho Shiraishi,Masahiro Kitazaki,Yutaka Nakashima,4.9%,6
865,16 de diciembre del 2018,Jin Tanaka,Ryūji Yoshiike,Kenji YokoyamaFukumoto Yasuko,Yusuke Suzuki,4.9%,6
866,23 de diciembre del 2018,Shōji Yonemura,Miho Shiraishi,Toshio Deguchiv,Yoshihiro Ueda,5.7%,3
867,6 de enero del 2019,Kisa Miura,Yū Saitō,Kimitaka ItōEisaku Inoue,Masahiro Hosoda,4.7%,4
868,13 de enero del 2019,Tomohiro Nakayama,Miho Shiraishi,Shūichi Itō,Aya Komaki,5.0%,4
869,20 de enero del 2019,Jin Tanaka,Ryūji Yoshiike,Kazuya HisadaYūsuke Isōchi,Katsumi Tokoro,6.0%,6
870,27 de enero del 2019,Shōji Yonemura,Miho Shiraishi,Masahiro Shimanuki,Kōhei Kureta,5.2%,7
871,3 de febrero del 2019,Tomohiro Nakayama,Yū Saitō,Shigefumi Shingaki,Yutaka Nakashima,5.6%,4
872,10 de febrero del 2019,Jin Tanaka,Miho Shiraishi,Masahiro Kitazaki,Yoshihiro Ueda,4.5%,7
873,17 de febrero del 2019,Shōji Yonemura,Ryūji Yoshiike,Kenji Yokoyama,Satoshi Itō,4.7%,6
874,24 de febrero del 2019,Tomohiro Nakayama,Miho Shiraishi,Masayuki Takagi,Yoshihiro Ueda,5.5%,6
875,3 de marzo del 2019,Jin Tanaka,Yū Saitō,Toshio Deguchi,Aya Komaki,5.7%,5
876,17 de marzo del 2019,Tomohiro Nakayama,Miho Shiraishi,Shūichi Itō,Masahiro Hosoda,5.4%,6
877,24 de marzo del 2019,Shōji Yonemura,Ryūji Yoshiike,Yūsuke Isōchi,Toshinori Fukuzawa,5.0%,4
878,31 de marzo del 2019,Shōji Yonemura,Miho Shiraishi,Eisaku InoueKimitaka Itō,Yutaka Nakajima,5.3%,4
879,7 de abril del 2019,Jin Tanaka,Yū Saitō,Shigefumi Shingaki,Yoshihiro Ueda,5.7%,6
880,14 de abril del 2019,Tomohiro Nakayama,Miho Shiraishi,Masahiro Kitazaki,Hiroyuki Satō,5.9%,4
881,21 de abril del 2019,Atsuhiro Tomioka,Ryūji Yoshiike,Kazuya Hisada,Yūsuke Suzuki,5.2%,7
882,28 de abril del 2019,Atsuhiro Tomioka,Miho Shiraishi,Toshio Deguchi,Satoshi Itō,5.1%,6
883,5 de mayo del 2019,Shōji Yonemura,Yū Saitō,Shūichi Itō,Katsumi Tokoro,4.1%,4
884,12 de mayo del 2019,Tomohiro Nakayama,Miho Shiraishi,Eisaku InoueKimitaka Itō,Yutaka Nakashima,4.5%,6
885,19 de mayo del 2019,Jin Tanaka,Ryūji Yoshiike,Kazuya HisadaMasahiro Shimanuki,Yoshihiro Ueda,5.0%,6
886,26 de mayo del 2019,Atsuhiro Tomioka,Miho Shiraishi,Kenji Yokoyama,Masahiro Hosoda,5.1%,4
887,2 de junio del 2019,Shōji Yonemura,Yū Saitō,Masahiro Kitazaki,Yutaka Nakashima,6%,5.4
888,9 de junio del 2019,Tomohiro Nakayama,Miho Shiraishi,Shigefumi Shingaki,Katsumi Tokoro,5.6%,6
889,16 de junio del 2019,Jin Tanaka,Ryūji Yoshiike,Toshio Deguchi,Yoshihiro Ueda,5.4%,6
890,23 de junio del 2019,Atsuhiro Tomioka,Yū Saitō,Kenji YokoyamaToshio Deguchi,Yūsuke Suzuki,6.5%,6
891,30 de junio del 2019,Tomohiro Nakayama,Miho Shiraishi,Kazuya Hisada,Toshinori Fukazawa,6.3%,4
892,7 de julio del 2019,Shōji Yonemura,Sadaaki HonmaToshinori Īno,Midori Matsuda,Tatsuya Nagamine,5.2%,5
893,14 de julio del 2019,Atsuhiro Tomioka,Sadaaki HonmaMidori Tanaka,Shūichi Itō,Kōhei Kureta,5.3%,4
894,21 de julio del 2019,Jin Tanaka,Sadaaki HonmaGuo Wei Huang,Yūsuke IsōchiYukiko Nakatani,Aya Komaki,6.0%,5
895,28 de julio del 2019,Atsuhiro Tomioka,Ryūji Yoshiike,Masahiro Kitazaki,Yutaka Nakashima,4.7%,5
896,4 de agosto del 2019,Atsuhiro Tomioka,Miho Shiraishi,Shigefumi Shingaki,Hiroyuki Satō,4.2%,6
897,11 de agosto del 2019,Tomohiro Nakayama,Toshinori Īno,Eisaku InoueKimitaka Itō,Satoshi Itō,5.2%,6
898,18 de agosto del 2019,Shinzō Fujita,Yū SaitōNatsuko Tosugi,Masahiro Shimanuki,Yasunori Koyama,4.2%,4
899,25 de agosto del 2019,Akiko Inoue,Toshinori Īno,Toshio Deguchi,Yūsuke Suzuki,4.6%,6
900,1 de septiembre del 2019,Shōji Yonemura,Guo Wei Huang,Kenji Yokoyama,Tasuku Shimaya,6.2%,6
901,8 de septiembre del 2019,Jin Tanaka,Guo Wei HuangMidori Tanaka,Kazuya Hisada,Satoshi Itō,5.6%,5
902,15 de septiembre del 2019,Tomohiro Nakayama,Yū Saitō,Masahiro Kitazaki,Katsumi Tokoro,4.7%,5
903,22 de septiembre del 2019,Ryo Yamazaki,Sadaaki Honma,Shūichi Itō,Yusuke Suzuki,5.4%,3
904,29 de septiembre del 2019,Shinzō Fujita,Midori TanakaTongnian Chen,Masayuki Takagi,Masahiro Hosoda,5.7%,3
905,6 de octubre del 2019,Akiko Inoue,Guo Wei Huang,Masahiro Shimanuki,Tasuku Shimaya,5.0%,4
906,13 de octubre del 2019,Shōji Yonemura,Toshinori Īno,Shigefumi Shingaki,Yasunori Koyama,6.5%,2
907,20 de octubre del 2019,Shōji Yonemura,Ryūji Yoshiike,Eisaku InoueKimitaka Itō,Kōhei Kureta,4.6%,4
908,27 de octubre del 2019,Jin Tanaka,Guo Wei Huang,Toshio Deguchi,Yutaka Nakashima,5.3%,4
909,10 de noviembre del 2019,Tomohiro Nakayama,Midori Tanaka,Kenji Yokoyama,Aya Komaki,4.8%,7
910,17 de noviembre del 2019,Shinzō Fujita,Midori Tanaka,Kazuya Hisada,Satoshi Itō,5.4%,4
911,24 de noviembre del 2019,Ryo Yamazaki,Midori Tanaka,Masahiro Kitazaki,Daisuke Nakajima,5.1%,4
912,1 de diciembre del 2019,Akiko Inoue,Guo Wei Huang,Masayuki Takagi,Masahiro Hosoda,3.9%,7
913,8 de diciembre del 2019,Tomohiro Nakayama,Guo Wei HuangTongnian Chen,Eisaku Inoue,Yūsuke Suzuki,4.8%,5
914,15 de diciembre del 2019,Shinzō Fujita,Midori Tanaka,Masahiro ShimanukiKimitaka Itō,Yasunori Koyama,4.5%,5
915,22 de diciembre del 2019,Ryo Yamazaki,Guo Wei Huang,Shigefumi Shingaki,Katsumi Tokoro,4.9%,5
916,5 de enero del 2020,Shōji Yonemura,Tongnian Chen,Shūichi Itō,Yutaka Nakashima,4.6%,4
917,12 de enero del 2020,Jin Tanaka,Guo Wei Huang,Kenji Yokoyama,Aya Komaki,4.2%,5
918,19 de enero del 2020,Akiko Inoue,Yurino Doi,Kazuya Hisada,Masahiro Hosoda,3.6%,5
919,26 de enero del 2020,Atsuhiro Tomioka,Guo Wei Huang,Yūki MinagawaYūsuke IsōchiYukiko Nakatani,Satoshi Itō,4.2%,6
920,2 de febrero del 2020,Shinzō Fujita,Midori Tanaka,Keita SaitōToshio Deguchi,Yutaka Nakashima,4.2%,6
921,9 de febrero del 2020,Tomohiro Nakayama,Toshinori Īno,Masahiro Kitazaki,Yasunori Koyama,4.9%,4
922,16 de febrero del 2020,Ryo Yamazaki,Sadaaki Honma,Masayuki Takagi,Yūsuke Suzuki,4.8%,4
923,23 de febrero del 2020,Shōji Yonemura,Midori Tanaka,Masahiro Shimanuki,Katsumi Tokoro,4.7%,4
924,15 de marzo del 2020,Jin Tanaka,Guo Wei Huang,Eisaku InoueKimitaka Itō,Tasuku Shimaya,5.0%,6
925,22 de marzo del 2020,Akiko Inoue,Midori Tanaka,Kenji Yokoyama,Nanami Michibata,3.8%,6
926,29 de marzo del 2020,Shinzō Fujita,Yurino Doi,Shūichi Itō,Ryōsuke Tanaka,5.0%,7
927,5 de abril del 2020,Atsuhiro Tomioka,Sadaaki HonmaMinoru Ōnishi,Shigefumi ShingakiKeiichi Ichikawa,Satoshi Itō,5.3%,5
928,12 de abril del 2020,Tomohiro Nakayama,Sadaaki HonmaMinoru Ōnishi,Kazuya Hisada,Katsumi Tokoro,5.1%,6
929,19 de abril del 2020,Ryo Yamazaki,Tongnian Chen,Eisaku InoueKimitaka Itō,Yasunori Koyama,4.7%,6
930,28 de junio del 2020,Shōji Yonemura,Guo Wei Huang,Masahiro ShimanukiShūichi Itō,Yusuke Suzuki,4.4%,5
931,5 de julio del 2020,Akiko Inoue,Midori Tanaka,Yūsuke Isōchi,Yutaka Nakashima,3.9%,6
932,12 de julio del 2020,Jin Tanaka,Yurino Doi,Masayuki Takagi,Masahiro Hosoda,4.5%,5
933,19 de julio del 2020,Shinzō Fujita,Tongnian Chen,Toshio DeguchiMidori Matsuda,Aya Komaki,4.2%,4
934,26 de julio del 2020,Tomohiro Nakayama,Guo Wei Huang,Midori MatsudaKeita Saitō,Tatsuya Nagamine,4.2%,7
935,2 de agosto del 2020,Ryo Yamazaki,Midori Tanaka,Kenji Yokoyama,Kenichi Takeshita,3.9%,5
936,9 de agosto del 2020,Shōji Yonemura,Yurino Doi,Shigefumi Shingaki,Tasuku Shimaya,4.3%,4
937,16 de agosto del 2020,Akiko Inoue,Tongnian Chen,Kazuya Hisada,Satoshi Itō,4.9%,4
938,23 de agosto del 2020,Shinzō Fujita,Guo Wei Huang,Shūichi Itō,Yasunori Koyama,4.4%,5
939,30 de agosto del 2020,Jin Tanaka,Midori Tanaka,Masahiro Shimanuki,Yusuke Suzuki,4.4%,4
940,6 de septiembre del 2020,Tomohiro Nakayama,Toshinori Īno,Eisaku InoueKimitaka Itō,Yutaka Nakashima,4.4%,5
941,13 de septiembre del 2020,Ryo Yamazaki,Yurino Doi,Masayuki Takagi,Katsumi Tokoro,4.3%,5
942,20 de septiembre del 2020,Shōji Yonemura,Tongnian Chen,Toshio DeguchiKeita Saitō,Kōhei Kureta,4.7%,5
943,27 de septiembre de 2020,井上亜樹子 - Akiko Inoue小牧文 - Aya Komaki,黄国威 - Guo Wei Huang,新垣重文 - Shigefumi Shingaki,嶋谷将 - Tasuku Shimaya,,
944,4 de octubre de 2020,藤田伸三 - Shinzō Fujita,田中里緑 - Midori Tanaka,横山健次 - Kenji Yokoyama,細田雅弘 - Masahiro Hosoda,,
945,11 de octubre de 2020,田中仁 - Hitoshi Tanaka,飯野敏典 - Toshinori Īno,久田和也 - Kazuya Hisada,鈴木裕介 - Yusuke Suzuki,,
946,18 de octubre de 2020,Tomohiro Nakayama,,Yong-Ce Tu,Yutaka Nakashima,,
947,25 de octubre de 2020,Ryo Yamazaki,,Ippei Matsui y Kaon'nuri,Takuhito Satō(Guion gráfico por Akitaro Daichi),,
948,1 de noviembre de 2020,Shōji Yonemura,,Shūichi Itō,Yutaka Nakashima,,
949,8 de noviembre de 2020,冨岡淳広 - Atsuhiro Tomioka,,伊藤公崇 - Kimitaka Itō出口としお - Toshio Deguchi,竹下健一 - Kenichi Takeshita,,
950,15 de noviembre de 2020,井上亜樹子 - Akiko Inoue,,島貫正弘 - Masahiro Shimanuki,小山保徳 - Yasunori Koyama,,
951,22 de noviembre de 2020,Shinzō Fujita,Yurino Doi,Masayuki Takagi,Satoshi Itō,4.3,5
952,29 de noviembre de 2020,Hitoshi Tanaka,,Shigefumi Shingaki,Katsumi Tokoro,,
953,6 de diciembre de 2020,Tomohiro Nakayama,,Keita Saitō,Ryōsuke Tanaka(Guion gráfico por Yutaka Nakashima),,
954,13 de diciembre de 2020,Tomohiro Nakayama,,Kazuya Hisada,Kōhei Kureta,,
955,20 de diciembre de 2020,Shōji Yonemura,Toshinori Iino,Kenji Yokoyama,Tasuku Shimaya,4.3,7
956,27 de diciembre de 2020,Akiko Inoue,Yurino Doi,Midori Matsuda y Toshio Deguchi,Nanami Michibata,4.1,2
957,10 de enero de 2021,Shinzō Fujita,,Eisaku Inoue y Kimitaka Itō,Megumi Ishitani,,
958,17 de enero de 2021,田中仁 - Hitoshi Tanaka,国威 - Guo Wei Huang,Song HyeonjuHan Eunmi桝井一平 - Ippei Masui,竹内光 - Hikaru Takeuchi,,
959,24 de enero de 2021,中山智博 - Tomohiro Nakayama,田中里緑 - Midori Tanaka,伊藤修一 - Shūichi Itō,鈴木裕介 - Yusuke Suzuki,,
960,31 de enero de 2021,米村正二 - Shōji Yonemura,飯野敏典 - Toshinori Īno,高木雅之 - Masayuki Takagi,小牧文 - Aya Komaki,,
961,7 de febrero de 2021,Ryo Yamazaki,,Yūsuke Isōchi,Toshinori Fukuzawa,,
962,14 de febrero de 2021,Atsuhiro Tomioka,,Masahiro Shimanuki,Yasunori Koyama,,
963,21 de febrero de 2021,Akiko Inoue,,Shigefumi Shingaki y Yong-Ce Tu,Satoshi Itō,,
964,28 de febrero de 2021,Shinzō Fujita,,Toshio Deguchi y Keita Saitō,Yutaka Nakashima,,
965,7 de marzo de 2021,Hitoshi Tanaka,,Kazuya Hisada,Kenichi Takeshita,,
966,21 de marzo de 2021,Tomohiro Nakayama,,"Eisaku Inoue, Kimitaka Itō y Yong-Ce Tu",Tasuku Shimaya,,
967,28 de marzo de 2021,Shōji Yonemura,,Kenji Yokoyama,Masahiro Hosoda,,
968,4 de abril de 2021,Ryo Yamazaki,,Shūichi Itō,Katsumi Tokoro,,
969,11 de abril de 2021,Atsuhiro Tomioka,,"Ippei Matsui, Han Eunmi y Masahiro Kitazaki",Takaaki Ishiyama(Guion gráfico por Yutaka Nakashima),,
970,18 de abril de 2021,Akiko Inoue,,Masayuki Takagi,Yusuke Suzuki,,
971,25 de abril de 2021,Shinzō Fujita,Yurino Doi,Masahiro Shimanuki,Yasunori Koyama,4.2,4
972,2 de mayo de 2021,Hitoshi Tanaka,,Yong-Ce Tu,Ryōsuke Tanaka (Guion gráfico por Aya Komaki),,
973,9 de mayo de 2021,Tomohiro Nakayama,,Shigefumi Shingaki,Satoshi Itō,,
974,16 de mayo de 2021,Shōji Yonemura,Midori Tanaka,Keita Saitō y Toshio Deguchi,Yutaka Nakashima,4.0,4
975,23 de mayo de 2021,Ryo Yamazaki,,Kazuya Hisada,Katsumi Tokoro,,
976,30 de mayo de 2021,Atsuhiro Tomioka,,Eisaku Inoue y Kimitaka Itō,Tasuku Shimaya(Guion gráfico por Tasuku Shimaya y Yutaka Nakashima),,
977,6 de junio de 2021,Akiko Inoue,,Kenji Yokoyama,Masahiro Hosoda,,
978,13 de junio de 2021,Shinzō Fujita,,Shūichi Itō y Midori Matsuda,Kōhei Kureta,,
979,20 de junio de 2021,Hitoshi Tanaka,,Shinichi Suzuki y Song Hyeongji,Toshihiro Maeya (Guion gráfico por Toshinori Fukuzawa),,
980,27 de junio de 2021,Tomohiro Nakayama,,Masayuki Takagi y Eisaku Inoue,Kenichi Takeshita,,
981,4 de julio de 2021,Shōji Yonemura,,Masahiro Shimanuki y Shigenori Taniguchi,Yusuke Suzuki,,
982,11 de julio de 2021,Ryo Yamazaki,,Yong-Ce Tu y Keita Saitō,Megumi Ishitani,,
983,18 de julio de 2021,Atsuhiro Tomioka,,Toshio Deguchi y Shingo Fujisaki,Nanami Michibata(Guion gráfico por Yutaka Nakashima),,
984,25 de julio de 2021,Shōji Yonemura,,Shigefumi Shingaki,Yasunori Koyama,,
985,1 de agosto de 2021,藤田伸三 - Shinzō Fujita,陳烔年 - Tongnian Chen,久田和也 - Kazuya Hisada,所勝美 - Katsumi Tokoro,,
986,8 de agosto de 2021,Hitoshi Tanaka,,Majiro y LEE,Shigeyasu Yamauchi,,
987,15 de agosto de 2021,Tomohiro Nakayama,,Kenji Yokoyama,Yutaka Nakashima,,
988,22 de agosto de 2021,Shōji Yonemura,Midori Tanaka,Shūichi Itō,Tasuku Shimaya,4.1,4
989,29 de agosto de 2021,Ryo Yamazaki,,Kimitaka Itō,Kōhei Kureta,,
990,5 de septiembre de 2021,Atsuhiro Tomioka,,Masahiro Kitazaki y Yong-Ce Tu,Tatsuya Nagamine,,
991,12 de septiembre de 2021,Akiko Inoue,,Toshio Deguchi y Keita Saitō,Yusuke Suzuki(Guion gráfico por Shigeyasu Yamauchi),,
992,19 de septiembre de 2021,Shinzō Fujita,,Shinichi Suzuki,Toshihiro Maeya(Guion gráfico por Yutaka Nakashima y Aya Komaki),,
993,26 de septiembre de 2021,Hitoshi Tanaka,,Masayuki Takagi,Masahiro Hosoda,,
994,3 de octubre de 2021,Tomohiro Nakayama,,Masahiro Shimanuki,Yasunori Koyama,,
995,10 de octubre de 2021,Shōji Yonemura,,Shigefumi Shingaki,Satoshi Itō,,
996,24 de octubre de 2021,Ryo Yamazaki,,Kazuya Hisada,Yutaka Nakashima,,
997,31 de octubre de 2021,Akiko Inoue,,Kenji Yokoyama,Katsumi Tokoro,,
998,7 de noviembre de 2021,Shinzō Fujita,,Shūichi Itō,Kenichi Takeshita,,
999,14 de noviembre de 2021,Hitoshi Tanaka,,Kimitaka Itō y Toshio Deguchi,Yusuke Suzuki,,
1000,21 de noviembre de 2021,Shōji Yonemura,Tongnian Chen,"Yong-Ce Tu, Midori Matsuda y Keiichi Ichikawa",Kōhei Kureta,4.2,
1001,28 de noviembre de 2021,Tomohiro Nakayama,,Keita Saitō y Masahiro Kitazaki,Tasuku Shimaya,,
1002,5 de diciembre de 2021,Ryo Yamazaki,,Shinichi Suzuki,Toshihiro Maeya(Guion gráfico por Yutaka Nakashima),,
1003,12 de diciembre de 2021,Atsuhiro Tomioka,,Masayuki Takagi,"Nanami Michibata(Guion gráfico por Masahiro Hosoda, Nanami Michibata y Tatsuya Nagamine)",,
1004,19 de diciembre de 2021,Akiko Inoue,Tongnian Chen,Masahiro Shimanuki,Yasunori Koyama,3.7,7
1005,9 de enero de 2022,Shinzō Fujita,,Shigefumi Shingaki,Shō Inuzuka(Guion gráfico por Yutaka Nakashima),,
1006,16 de enero de 2022,Hitoshi Tanaka,,Kazuya Hisada,Ryōsuke Tanaka(Guion gráfico por Ryōsuke Tanaka y Tatsuya Nagamine),,
1007,23 de enero de 2022,Tomohiro Nakayama,,Kenji Yokoyama,Katsumi Tokoro,,
1008,30 de enero de 2022,Shōji Yonemura,,Shūichi Itō,Tasuku Shimaya(Guion gráfico por Yutaka Nakashima y Tasuku Shimaya),,
1009,6 de febrero de 2022,Ryo Yamazaki,,Toshio Deguchi y Kimitaka Itō,Yusuke Suzuki,,
1010,13 de febrero de 2022,Akiko Inoue,,Midori Matsuda y Kazuya Hisada,Kōhei Kureta,,
1011,20 de febrero de 2022,Shinzō Fujita,,"Keita Saitō, Masahiro Kitazaki y Shigenori Taniguchi",Masahiro Hosoda,,
1012,27 de febrero de 2022,Hitoshi Tanaka,,Shinichi Suzuki,Toshihiro Maeya(Guion gráfico por Yutaka Nakashima),,
1013,6 de marzo de 2022,Tomohiro Nakayama,,Masayuki Takagi,Ryōta Nakamura,,
1014,17 de abril de 2022,Shōji Yonemura,,Masahiro Shimanuki,Katsumi Tokoro,,
1015,24 de abril de 2022,Ryo Yamazaki,,Keisuke Mori y Kimitaka Itō,Megumi Ishitani,,
1016,8 de mayo de 2022,Atsuhiro Tomioka,,Shigefumi Shingaki,Yasunori Koyama(Guión gráfico por Yutaka Nakashima),,
1017,15 de mayo de 2022,Akiko Inoue,Toshinori Iino,Yong-Ce Tu,Kōhei Kureta y Nanami Michibata,3.4,4
1018,22 de mayo de 2022,Shinzō Fujita,,Kenji Yokoyama,Kenichi Takeshita,,
1019,29 de mayo de 2022,Hitoshi Tanaka,,Keita Saitō y Toshio Deguchi,Ryōsuke Tanaka,,
1020,5 de junio de 2022,Tomohiro Nakayama,,Kazuya Hisada,Tasuku Shimaya,,
1021,12 de junio de 2022,Atsuhiro Tomioka,,Shūichi Itō,Masahiro Hosoda,,
1022,19 de junio de 2022,Ryo Yamazaki,,Masayuki Takagi,Yusuke Suzuki (Guion gráfico por Yusuke Suzuki y Yutaka Nakashima),,
1023,3 de julio de 2022,Atsuhiro Tomioka,,Shinichi Suzuki,Toshihiro Maeya(Guion gráfico por Yutaka Nakashima),,
1024,10 de julio de 2022,Akiko Inoue,,Masahiro Shimanuki,Shō Inuzuka(Guion gráfico por Yutaka Nakashima),,
1025,17 de julio de 2022,Shinzō Fujita,,Shigefumi Shingaki,Katsumi Tokoro,,
1026,24 de julio de 2022,Hitoshi Tanaka,,"Masahiro Kitazaki, Kimitaka Itō, Yong-Ce Tu y Toshio Deguchi",Ryōta Nakamura,,
1027,31 de julio de 2022,Tomohiro Nakayama,,Midori Matsuda y Keita Saitō,Tatsuya Nagamine,,
1028,7 de agosto de 2022,米村正二 - Shōji Yonemura,黄国威 - Guo Wei Huang,久田和也 - Kazuya Hisada,小山保徳 - Yasunori Koyama,,
1029,14 de agosto del 2022,Akiko Inoue,Takafumi Mizuno,Shaolei LiTakuya ImakadoHuan GeSTUDIO MASSKET,Shigeyasu Yamauchi,3.5%,5
1030,21 de agosto del 2022,Ryo Yamazaki,Takafumi Mizuno,Kenji Yokoyama,Katsumi Tokoro,3.9%,4
1031,4 de septiembre de 2022,Ryo Yamazaki,,Shūichi Itō,Satoshi Itō,,
1032,11 de septiembre de 2022,Atsuhiro Tomioka,,Masayuki Takagi,Tasuku Shimaya(Guion gráfico por Yutaka Nakashima y Tasuku Shimaya),,
1033,18 de septiembre de 2022,Akiko Inoue,,"Masahiro Kitazaki, Kimitaka Itō y Yong-Ce Tu",Ryōsuke Tanaka,,
1034,25 de septiembre de 2022,Shinzō Fujita,,Masahiro Inuzuka y Satohiko Sano,Satohiko Sano,,
1035,2 de octubre de 2022,田中仁 - Hitoshi Tanaka,藤倉桃子 - Momoko Fujikura,島貫正弘 - Masahiro Shimanuki,犬塚翔 - Shō Inuzuka(Guion gráfico por Yutaka Nakashima),,
1036,16 de octubre de 2022,Tomohiro Nakayama,,Shigefumi Shingaki,Yusuke Suzuki,,
1037,23 de octubre de 2022,Shōji Yonemura,,Toshio Deguchi y Keita Saitō,Masahiro Hosoda,,
1038,30 de octubre de 2022,Ryo Yamazaki,,Kazuya Hisada,Nanami Michibata(Guion gráfico por Kōhei Kureta y Nanami Michibata),,
1039,6 de noviembre de 2022,Atsuhiro Tomioka,,Kenji Yokoyama,Kenichi Takeshita,,
1040,13 de noviembre de 2022,Akiko Inoue,,Shūichi Itō,Katsumi Tokoro,,
1041,20 de noviembre de 2022,Shinzō Fujita,,Masayuki Takagi,Tasuku Shimaya(Guion gráfico por Yutaka Nakashima y Tasuku Shimaya),,
1042,27 de noviembre de 2022,Hitoshi Tanaka,,"Shaolei Li, Takuya Imakado, Mami Kotoku y Zhenlei Cheng",Shigeyasu Yamauchi,,
1043,4 de diciembre de 2022,Tomohiro Nakayama,,Masahiro Kitazaki,Shō Matsui(Guion gráfico por Yutaka Nakashima),,
1044,11 de diciembre de 2022,Shōji Yonemura,,Masahiro Shimanuki y He Ziwei,Yasunori Koyama,,
1045,18 de diciembre de 2022,Atsuhiro Tomioka,,Shigefumi Shingaki y Keisuke Mori,Yūji Tokuno,,
1046,8 de enero de 2023,Shinzō Fujita,,Keita Saitō y Toshio Deguchi,Shō Inuzuka(Guion gráfico por Shō Inuzuka y Katsumi Ishizuka),,
1047,15 de enero de 2023,Hitoshi Tanaka,,Kazuya Hisada,Yutaka Nakashima,,
1048,22 de enero de 2023,Tomohiro Nakayama,,Kenji Yokoyama,Ryōsuke Tanaka,,
1049,29 de enero de 2023,Shōji Yonemura,,Shūichi Itō,Yusuke Suzuki,,
1050,5 de febrero de 2023,Ryo Yamazaki,,Masayuki Takagi,Masahiro Hosoda,,
1051,12 de febrero de 2023,Atsuhiro Tomioka,,Masahiro Kitazaki,Wataru Matsumi,,
1052,19 de febrero de 2023,Akiko Inoue,,Masahiro Shimanuki,Tasuku Shimaya,,
1053,26 de febrero de 2023,Shinzō Fujita,,Shigefumi Shingaki,Katsumi Tokoro,,
1054,19 de marzo de 2023,Hitoshi Tanaka,,"Keita Saitō, Toshio Deguchi y Keisuke Mori",Yūji Tokuno y Yasunori Koyama(Guion gráfico por Yutaka Nakashima),,
1055,26 de marzo de 2023,Tomohiro Nakayama,,Kazuya Hisada,Hazuki Omoya(Guion gráfico por Kenichi Takeshita y Hazuki Omoya),,
1056,2 de abril de 2023,Shōji Yonemura,,Masahiro Kitazaki y Kimitaka Itō,Shō Matsui(Guion gráfico por Yutaka Nakashima),,
1057,9 de abril de 2023,Ryo Yamazaki,,Kenji Yokoyama,Nanami Michibata(Guion gráfico por Nanami Michibata y Satoshi Itō),,
1058,16 de abril de 2023,Atsuhiro Tomioka,,Shūichi Itō,Shō Inuzuka,,
1059,23 de abril de 2023,Akiko Inoue,,Masayuki Takagi,Yusuke Suzuki,,
1060,30 de abril de 2023,Shinzō Fujita,,Midori Matsuda y Masahiro Shimanuki,Tasuku Shimaya(Guion gráfico por Tatsuya Nagamine y Wataru Matsumi),,
1061,7 de mayo de 2023,Hitoshi Tanaka,,Shigefumi Shingaki y Yong-Ce Tu,Ryōta Nakamura,,
1062,21 de mayo de 2023,Tomohiro Nakayama,,"Keita Saitō, Midori Matsuda y Katsumi Ishizuka",Ryōsuke Tanaka(Guion gráfico por Ryōsuke Tanaka y Katsumi Ishizuka),,
1063,28 de mayo de 2023,Shōji Yonemura,,Toshio DeguchiYong-Ce Tu(Asistente),Masahiro Hosoda,,
1064,4 de junio de 2023,Ryo Yamazaki,,Kazuya Hisada,Katsumi Tokoro,,
1065,11 de junio de 2023,Atsuhiro Tomioka,,Shigefumi Shingaki y Kimitaka Itō,Hazuki Omoya,,
1066,25 de junio de 2023,Akiko Inoue,,Masahiro Kitazaki y Henry ThurlowKimitaka Itō(Asistente),Henry Thurlow,,
1067,2 de julio de 2023,Shinzō Fujita,,Kenji Yokoyama,Kenichi Takeshita,,
1068,9 de julio de 2023,Hitoshi Tanaka,,Masahiro Shimanuki y Toshio DeguchiKazuya Hisada(Asistente),Shō Matsui(Guion gráfico por Yutaka Nakashima y Shō Matsui),,
1069,16 de julio de 2023,Tomohiro Nakayama,,Masayuki Takagi,Shō Inuzuka(Guion gráfico por Toshinori Fukuzawa y Shō Inuzuka),,
1070,30 de julio de 2023,Ryo Yamazaki,,Shūichi Itō,Yusuke Suzuki,,
1071,6 de agosto de 2023,Atsuhiro Tomioka,,Midori Matsuda y Keita SaitōTakashi Kojima(Asistente)Masayuki Satō(Asistente)Yong-Ce Tu(Asistente),Tatsuya Nagamine,,
1072,13 de agosto de 2023,Akiko Inoue,,"Nobuyuki Iwai, Keisuke Mori, Kimitaka Itō y Shigefumi ShingakiBahi JD(Asistente)Yong-Ce Tu(Asistente)Ryō Ōnishi(Asistente)Akihiro Ōta(Asistente)Masayuki Satō(Asistente)","Tasuku Shimaya(Guion gráfico por Tasuku Shimaya, Megumi Ishitani, Bahi JD, Yong-Ce Tu y Takeshi Maenami)",,
1073,20 de agosto de 2023,Shinzō Fujita,,Mamoru Yokota,Katsumi Tokoro,,
1074,3 de septiembre de 2023,Hitoshi Tanaka,,"Kazuya Hisada, Sōta Shigetsugu y Shū Sugita",Nanami Michibata(Guion gráfico por Masahiro Hosoda y Sota Shigetsugu),,
1075,10 de septiembre de 2023,Tomohiro Nakayama,,Yong-Ce Tu y Masahiro Kitazaki,Yasunori Koyama,,
1076,17 de septiembre de 2023,Shōji Yonemura,,Yong-Ce Tu y Ziwei He,Satoshi Itō,,
1077,24 de septiembre de 2023,Ryo Yamazaki,,Toshio Deguchi y Masahiro ShimanukiYong-Ce Tu(Asistente),Hazuki Omoya,,
1078,1 de octubre de 2023,Atsuhiro Tomioka,,Kenji Yokoyama,Toshinori Fukuzawa,,
1079,16 de octubre de 2023,Akiko Inoue,,Masayuki TakagiEisaku Inoue(Asistente),Yusuke Suzuki,,
1080,22 de octubre de 2023,Shinzō Fujita,,Shūichi Itō y Toshio DeguchiKatsumi Ishizuka(Asistente)Kenji Yokoyama(Asistente),Ryōta Nakamura,,
1081,29 de octubre de 2023,Hitoshi Tanaka,,Shigefumi Shingaki,Shō Matsui,,
1082,5 de noviembre de 2023,Tomohiro Nakayama,,Keita Saitō y Kimitaka Itō,Shō Inuzuka,,
1083,12 de noviembre de 2023,Shōji Yonemura,,Kazuya Hisada,Katsumi Tokoro,,
1084,19 de noviembre de 2023,Shōji Yonemura,,Masahiro Kitazaki,Kenichi Takeshita,,
1085,26 de noviembre de 2023,Ryo Yamazaki,,Mamoru Yokota,Toshinori Fukuzawa,,
1086,3 de diciembre de 2023,Atsuhiro Tomioka,Momoko Fujikura,Masahiro Shimanuki,Tasuku Shimaya,3.2,9
1087,10 de diciembre de 2023,Akiko Inoue,Dhavee Morato,Yong-Ce Tu y Toshio Deguchi,Hazuki Omoya,3.2,7
1088,17 de diciembre de 2023,Shinzō Fujita,Tongnian Chen,Kenji Yokoyama,Tatsuya Nagamine,3.2,8
1089,7 de enero de 2024,Hitoshi Tanaka,Guo Wei Huang y Dino Santos,"He Ziwei, Shūichi Itō, Keisuke Mori y Midori Matsuda",Nozomu Shishido,3.3,8
1090,14 de enero de 2024,Tomohiro Nakayama,Momoko Fujikura,Masayuki Takagi,Yusuke Suzuki,3.7,8
1091,21 de enero de 2024,Shōji Yonemura,Midori Tanaka y Nagisa Nishida,Kimitaka Itō y Keita Saitō,Shō Matsui,3.2,7
1092,28 de enero de 2024,Ryo Yamazaki,Dhavee Morato,Shigefumi Shingaki,Katsumi Tokoro,3.5,5
1093,11 de febrero de 2024,Atsuhiro Tomioka,Tongnian Chen,Kazuya Hisada y Katsumi Ishizuka,Shō Inuzuka,2.9,7
1094,18 de febrero de 2024,Akiko Inoue,Dino Santos,Masahiro Kitazaki,Yasuhiro Tanabe,3.1,10
1095,25 de febrero de 2024,Shinzō Fujita,Momoko Fujikura,Toshio Deguchi y Grand Guerrila,Hyun Ieri,3.0,8
1096,3 de marzo de 2024,Hitoshi Tanaka,Natsuki Takeda y Nagisa Nishida,Masahiro Shimanuki,Tasuku Shimaya,3.2,7
1097,17 de marzo de 2024,Tomohiro Nakayama,Dhavee Morato,Kenji Yokoyama,Hazuki Omoya,3.1,6
1098,24 de marzo de 2024,Shōji Yonemura,Tongnian Chen,Shūichi Itō,Toshinori Fukuzawa,3.1,5
1099,31 de marzo de 2024,Ryo Yamazaki,Dino Santos,Masayuki Takagi,Kenichi Takeshita,2.9,5
1100,7 de abril de 2024,Atsuhiro Tomioka,Midori Tanaka,"Hiroyasu Oda, Keita Saitō, Kimitaka Itō y Keisuke Mori",Nozomu Shishido,3.0,7
1101,21 de abril de 2024,Akiko Inoue,Nagisa Nishida y Natsuki Takeda,Yong-Ce Tu y He Ziwei,Wataru Matsumi,,
1102,28 de abril de 2024,Shinzō Fujita,Dhavee Morato,Shigefumi Shingaki,Yusuke Suzuki,2.6,7
1103,5 de mayo de 2024,Hitoshi Tanaka,Jiao Mou,Kazuya Hisada,Katsumi Tokoro,2.6,10
1104,12 de mayo de 2024,Tomohiro Nakayama,Dhavee Morato,Masahiro Kitazaki,Shō Matsui,2.7,8
1105,19 de mayo de 2024,Shōji Yonemura,Momoko Fujikura,Toshio Deguchi y Grand Guerrilla,Hazuki Omoya,2.9,7
1106,26 de mayo de 2024,Ryo Yamazaki,Natsuki Takeda y Nagisa Nishida,Eisaku Inoue,Eri Hyun,2.8,6
1107,2 de junio de 2024,Akiko Inoue,Dhavee Morato,Kenji Yokoyama,Tasuku Shimaya,2.7,6
1108,9 de junio de 2024,Shinzō Fujita,Jiao Mou,Masahiro ShimanukiShin Kashiwaguma(Asistente)Hiroto Saitō(Asistente),Atsuki Yamai,2.8,7
1109,23 de junio de 2024,Jin Tanaka,Dino Santos,Masayuki TakagiEisaku Inoue(Asistente),Nanami Michibata,3.5,5
1110,30 de junio de 2024,Tomohiro Nakayama,Tongnian Chen,Shūichi ItōNobuyuki Iwai,Katsumi Tokoro,2.7,8
1111,7 de julio de 2024,Shōji Yonemura,Dhavee Morato,"Keita Saitō, Kimitaka Itō y Keisuke Mori",Toshinori Fukuzawa,2.9,4
1112,14 de julio de 2024,Ryo Yamazaki,Natsuki Takeda y Nagisa Nishida,Yong-Ce Tu y He Ziwei,Wataru Matsumi,3.1,4
1113,28 de julio de 2024,Atsuhiro Tomioka,Jiao Mou,"Shigefumi Shingaki, Toshio Deguchi y Masahiro Kitazaki (asistente)",Yusuke Suzuki,2.7,5
1114,4 de agosto de 2024,Akiko Inoue,Dino Santos,Kazuya HisadaSōta ShigetsuguKatsumi Ishizuka,Hazuki Omoya(Guion gráfico por Hazuki Omoya y Katsumi Ishizuka),2.7,6
1115,11 de agosto de 2024,Shinzō Fujita,Momoko Fujikura,"Masahiro Kitazaki, Hiroyasu Oda, Sōta Shigetsugu, Ririka Fukatani, Chiharu Akakura y Grand Guerrilla",Nozomu Shishido,2.7,4
1116,18 de agosto de 2024,Hitoshi Tanaka,"Natsuki Takeda, Yuko Doi y Eiji Hamano",Eisaku Inoue,Hyun Ieri(Guion gráfico por Satoshi Itō y Hyun Ieri),2.9,5
1117,01 de septiembre de 2024,Tomohiro Nakayama,Dhavee Morato,Kenji Yokoyama,Tasuku Shimaya(Guion gráfico por Hazuki Omoya y Tasuku Shimaya),2.8,7
1118,8 de septiembre de 2024,Shōji Yonemura,Jiao Mou,Masayuki Takagi,Kenichi Takeshita,2.5,9
1119,15 de septiembre de 2024,Ryo Yamazaki,Dino Santos,He Ziwei y Masahiro Shimanuki,Yasuhiro Tanabe,2.5,9
1120,22 de septiembre de 2024,Atsuhiro Tomioka,"Natsuki Takeda, Eiji Hamano y Yuko Doi",Shūichi Itō y Toshio Deguchi,Katsumi Tokoro,2.8,6
1121,06 de octubre de 2024,Akiko Inoue,Dhavee Morato,Masahiro Kitazaki y Yong-Ce Tu,Shō Matsui,2.5,8
1122,13 de octubre de 2024,Shinzō Fujita,Jiao Mou,"Kazuya Hisada, Keita Saitō, Katsumi Ishizuka, Hiroyasu Oda y Chiharu Akakura.Akihiro Ota y Ririka Fukatani (Asistentes)",Yasunori Koyama,2.5,10
1123,05 de abril de 2025,Shōji Yonemura,Dhavee Morato y Huang Guo Wei,Kenji Yokoyama,Satoshi Itō,3.9,5
1124,06 de abril de 2025,Jin Tanaka,Dino Santos,Eisaku Inoue,Aimi Yamauchi,3.7,6
1125,13 de abril de 2025,Tomohiro Nakayama,Dhavee Morato,Masayuki Takagi y Katsumi Ishizuka,Yasushi Tomoda,3.1,7
1126,20 de abril de 2025,Atsuhiro Tomioka,Dino Santos,Toshio Deguchi y Masahiro Kitazaki,Hazuki Omoya,2.8,6
1127,27 de abril de 2025,Akiko Inoue,Dhavee Morato,Yong-ce Tu y He Ziwei,Wataru Matsumi,2.9,6
1128,04 de mayo de 2025,Shinzō Fujita,Dino Santos,Shin Kashiwaguma,Nozomu Shishido,3.2,6
1129,18 de mayo de 2025,Shōji Yonemura,Momoko Fujikura,Keita SaitōKimitaka ItōRina FujiiRirika FukataniKatsumi IshizukaNeru Takuyama,Tasuku Shimaya,2.9,95
1130,25 de mayo de 2025,Jin Tanaka,Dhavee Morato,Kazuya Hisada y Keisuke Mori,Hyun Ieri,,
1131,1 de junio de 2025,Tomohiro Nakayama,Dino Santos,Masahiro Kitazaki,Katsumi Tokoro,2.9,7
1132,8 de junio de 2025,Ryo Yamazaki,Miho Kawakami,Shigefumi Shingaki y Shūichi Itō,Shō Inuzuka,,
1133,15 de junio de 2025,Atsuhiro Tomioka,Dhavee Morato y Yuko Doi,Eisaku Inoue,Toshinori Fukuzawa,,
1134,29 de junio de 2025,Akiko Inoue,Momoko Fujikura,Masayuki Takagi y Toshio Deguchi,Hazuki Omoya,,
1135,6 de julio de 2025,Shinzō Fujita,Dino Santos y Midori Tanaka,Kenji Yokoyama,Shō Matsui y Wataru Matsumi,,
1136,13 de julio de 2025,Shōji Yonemura,Miho Kawakami,Keisuke MoriHiroto SaitōKimitaka ItōMasayuki Satō,Yasunori Koyama,,
1137,27 de julio de 2025,Jin Tanaka,Dhavee Morato,Yong-Ce Tu y He Ziwei,Wataru Matsumi,,
1138,03 de agosto de 2025,Tomohiro Nakayama,Momoko Fujikura,Masahiro Kitazaki,Tomohiro Higashi,,
1139,10 de agosto de 2025,Ryo Yamazaki,Tomomi Iwase,Kazuya Hisada,Yusuke Suzuki,,
1140,17 de agosto de 2025,Atsuhiro Tomioka,Dino SantosErwin SadiaUli SamañiegoYuko Doi,Nubuyuki Iwai y Keita Saitō,Yasuhiro Tanabe,,
1141,24 de agosto de 2025,Akiko Inoue,Ryūta Hayashi,Shigefumi ShingakiShūichi ItōZhiguang Liu,Hyun Ieri,2.3,7
1142,07 de septiembre de 2025,Shinzō Fujita,Dhavee Morato,Eisaku Inoue,Atsuo Yamai,,
1143,14 de septiembre de 2025,Shōji Yonemura,Momoko Fujikura,Toshio DeguchiYuki Yoshida,Hazuki Omoya,,
1144,21 de septiembre de 2025,Jin Tanaka,Tomomi Iwase,Shin KashiwagumaKatsumi IshizukaYong-ce Tu,Toshinori Fukuzawa,,
1145,28 de septiembre de 2025,Tomohiro Nakayama,Dino SantosErwin SadiaUli Samañiego,Masayuki Takagi,Kenichi Takeshita,,
1146,19 de octubre de 2025,Ryō Yamazaki,Dhavee Morato,Kenji Yokoyama,Shō Inuzuka,,
1147,26 de octubre de 2025,Atsuhiro Tomioka,Momoko Fujikura,Masahiro Kitazaki,Katsumi Tokoro,,
1148,02 de noviembre de 2025,Akiko Inoue,Tomomi IwaseMidori Tanaka,Kazuya Hisada,Yusuke Suzuki,,
1149,09 de noviembre de 2025,Shinzō Fujita,Dino SantosYuko Doi,Hiroto SaitōYuki Yoshida,Shō Matsui,,
1150,16 de noviembre de 2025,Shōji Yonemura,Dhavee Morato,Eisaku InoueKeita SaitōKimitaka Itō,Tomohiro Higashi,,
1151,30 de noviembre de 2025,Jin Tanaka,Momoko FujikuraEmiko Chō,Zhiguang LiuMasahiro Shimanuki,Hyun Ieri,,
1152,7 de diciembre de 2025,Tomohiro Nakayama,Tomomi IwaseSatomi Tanaka,Yong-Ce TuHe Ziwei,Nozomu Shishido,,
1153,14 de diciembre de 2025,Ryo Yamazaki,Dino SantosYuko Doi,Toshio DeguchiWang Runze,Hazuki Omoya,,
1154,21 de diciembre de 2025,Atsuhiro Tomioka,Dhavee Morato,Masahiro KitazakiShigefumi Shingaki,Satoshi Itō,,
1155,28 de diciembre de 2025,Akiko Inoue,Emiko Cho,Shūichi Itō,Atsuo YamaiYasunori Koyama,,
