episodio,fecha_emision,guion,arte,animacion,direccion,tv_rating,rank,n de paginas,rating_imdb,votes_imdb,puntuacion_MAL,votos_MAL
1,"['October 20, 1999']",['Junki Takegami'],['Tomoko Yoshida'],['Kazuya Hisada'],['Kōnosuke Uda'],12.4 ,6 ,19.0,8.4,41983.0,8.2,13967
2,"['November 17, 1999']",['Michiru Shimada'],['Miyuki Sato'],['Eisaku Inoue'],['Tetsuji Nakamura'],11.7 ,9 ,26.0,8.4,25692.0,8.4,4967
3,"['November 24, 1999']",['Michiru Shimada'],['Tomoko Yoshida'],['Kenji Yokoyama'],['Hidehiko Kadota'],13.3 ,7 ,41.0,8.0,8601.0,8.4,2740
4,"['December 8, 1999']",['Junki Takegami'],['Kunihiro Chida'],['Masayuki Takagi'],['Munehisa Sakai'],12.9 ,9 ,55.0,8.3,7400.0,8.4,1980
5,"['December 15, 1999']",['Junki Takegami'],['Tomoko Yoshida'],['Yuji Hakamada'],['Junichi Fujise'],13.5 ,8 ,54.0,7.4,5308.0,8.4,1723
6,"['December 29, 1999']",['Michiru Shimada'],['Miyuki Sato'],['Takeo Ide'],['Shigeyasu Yamauchi'],12.3 ,1 ,64.0,7.6,5198.0,8.4,1435
7,"['December 29, 1999']",['Michiru Shimada'],['Tomoko Yoshida'],['Kazuya Hisada'],['Tetsuji Nakamura'],12.3 ,1 ,58.0,7.5,4765.0,8.2,1330
8,"['December 29, 1999']",['Michiru Shimada'],['Kunihiro Chida'],['Kenji Yokoyama'],['Kōnosuke Uda'],12.3 ,1 ,51.0,7.7,4537.0,8.4,1263
9,"['January 12, 2000']",['Junki Takegami'],['Tomoko Yoshida'],['Eisaku Inoue'],['Hidehiko Kadota'],11.4 ,8 ,29.0,7.1,4102.0,8.2,1266
10,"['January 19, 2000']",['Junki Takegami'],['Miyuki Sato'],['Masayuki Takagi'],['Munehisa Sakai'],12.7 ,9 ,33.0,7.3,3864.0,8.2,4021
11,"['January 26, 2000']",['Junki Takegami'],['Tomoko Yoshida'],['Yuji Hakamada'],['Shigeyasu Yamauchi'],12.1 ,8 ,23.0,7.3,3718.0,8.2,2656
12,"['February 2, 2000']",['Junki Takegami'],['Kunihiro Chida'],['Takeo Ide'],['Junichi Fujise'],13.2 ,9 ,23.0,7.5,3607.0,8.2,977
13,"['February 9, 2000']",['Junki Takegami'],['Tomoko Yoshida'],['Kenji Yokoyama'],['Hidehiko Kadota'],14.7 ,7 ,49.0,7.5,3502.0,8.2,810
14,"['February 16, 2000']",['Junki Takegami'],['Miyuki Sato'],['Eisaku Inoue'],['Yukio Kaizawa'],12.8 ,10 ,34.0,7.5,3423.0,8.2,798
15,"['February 23, 2000']",['Junki Takegami'],['Yuri Sanami'],['Masayuki Takagi'],['Kōnosuke Uda'],14.4 ,6 ,53.0,7.4,3365.0,8.2,786
16,"['March 1, 2000']",['Junki Takegami'],['Kunihiro Chida'],['Noboru Koizumi'],['Munehisa Sakai'],13.9 ,8 ,28.0,7.6,3345.0,8.4,684
17,"['March 8, 2000']",['Junki Takegami'],['Tomoko Yoshida'],['Yuji Hakamada'],['Hidehiko Kadota'],14.1 ,9 ,39.0,8.1,3612.0,8.6,874
18,"['March 15, 2000']",['Michiru Shimada'],['Miyuki Sato'],['Tadayoshi Yamamuro'],['Junichi Fujise'],12.2 ,9 ,30.0,6.7,3376.0,8.0,749
19,"['March 22, 2000']",['Junki Takegami'],['Makoto Suwada'],['Eisaku Inoue'],['Kōnosuke Uda'],14.3 ,4 ,13.0,8.9,5951.0,8.8,781
20,"['April 12, 2000']",['Junki Takegami'],['Yuri Sanami'],['Kenji Yokoyama'],['Yukio Kaizawa'],15.4 (One,3 ,24.0,7.6,3246.0,8.4,821
21,"['April 12, 2000']",['Junki Takegami'],['Kunihiro Chida'],['Masayuki Takagi'],['Hidehiko Kadota'],15.4 ,3 ,34.0,7.6,3113.0,8.4,593
22,"['April 26, 2000']",['Junki Takegami'],['Tomoko Yoshida'],['Kazuya Hisada'],['Yoko Ikeda'],12.2 ,8 ,34.0,7.5,3029.0,8.4,623
23,"['May 3, 2000']",['Junki Takegami'],['Miyuki Sato'],['Noboru Koizumi'],['Munehisa Sakai'],10.6 ,N/A ,33.0,7.8,3207.0,8.4,595
24,"['May 10, 2000']",['Michiru Shimada'],['Yuri Sanami'],['Yuji Hakamada'],['Hidehiko Kadota'],11.9 ,8 ,37.0,9.2,7120.0,9.2,728
25,"['May 17, 2000']",['Michiru Shimada'],['Kunihiro Chida'],['Takeo Ide'],['Yuji Endo'],13.7 ,5 ,52.0,7.5,2999.0,8.4,643
26,"['May 24, 2000']",['Michiru Shimada'],['Tomoko Yoshida'],['Eisaku Inoue'],['Munehisa Sakai'],13.1 ,7 ,60.0,8.8,4642.0,9.0,632
27,"['May 31, 2000']",['Junki Takegami'],['Miyuki Sato'],['Kenji Yokoyama'],['Kōnosuke Uda'],14.2 ,3 ,41.0,7.5,2930.0,8.6,496
28,"['June 7, 2000']",['Junki Takegami'],['Yuri Sanami'],['Masayuki Takagi'],['Junji Shimizu'],12.1 ,9 ,36.0,7.7,2894.0,8.6,511
29,"['June 21, 2000']",['Junki Takegami'],['Iwamitsu Itō'],['Kazuya Hisada'],['Junichi Fujise'],10.6 ,10 ,38.0,7.9,3068.0,8.6,547
30,"['June 28, 2000']",['Junki Takegami'],['Tomoko Yoshida'],['Noboru Koizumi'],['Hidehiko Kadota'],13.2 ,6 ,29.0,8.4,3890.0,8.8,925
31,"['July 12, 2000']",['Michiru Shimada'],['Miyuki Sato'],['Yuji Hakamada'],['Yuji Endo'],11.5 ,8 ,24.0,7.6,2800.0,8.4,592
32,"['July 19, 2000']",['Michiru Shimada'],['Yuri Sanami'],['Takeo Ide'],['Munehisa Sakai'],13.1 ,2 ,33.0,7.7,2751.0,8.6,500
33,"['July 19, 2000']",['Michiru Shimada'],['Kunihiro Chida'],['Eisaku Inoue'],['Yukio Kaizawa'],13.1 ,2 ,25.0,7.8,2870.0,8.4,485
34,"['July 26, 2000']",['Michiru Shimada'],['Tomoko Yoshida'],['Kenji Yokoyama'],['Junji Shimizu'],12.7 ,5 ,29.0,7.4,2846.0,8.6,496
35,"['August 2, 2000']",['Michiru Shimada'],['Kunihiro Chida'],['Masayuki Takagi'],['Hidehiko Kadota'],11.5 ,6 ,16.0,8.2,3275.0,8.8,533
36,"['August 9, 2000']",['Michiru Shimada'],['Yuri Sanami'],['Kazuya Hisada'],['Kōnosuke Uda'],12.2 ,5 ,24.0,9.0,5452.0,9.0,511
37,"['August 16, 2000']",['Michiru Shimada'],['Miyuki Sato'],['Hideaki Naniwa'],['Junichi Fujise'],11.4 ,5 ,26.0,9.3,7307.0,9.4,667
38,"['August 23, 2000']",['Michiru Shimada'],['Tomoko Yoshida'],['Yuji Hakamada'],['Yuji Endo'],13.6 ,3 ,34.0,8.2,3295.0,8.6,487
39,"['June 30, 2000']",['Michiru Shimada'],['Miyuki Sato'],['Kenji Yokoyama'],['Junji Shimizu'],14.4 ,5 ,38.0,8.0,3056.0,8.6,421
40,"['September 6, 2000']",['Michiru Shimada'],['Yuri Sanami'],['Tadayoshi Yamamuro'],['Yoko Ikeda'],13.6 ,8 ,38.0,8.0,2997.0,8.6,613
41,"['September 13, 2000']",['Michiru Shimada'],['Kunihiro Chida'],['Eisaku Inoue'],['Munehisa Sakai'],13.6 ,4 ,30.0,8.1,2958.0,8.6,471
42,"['September 27, 2000']",['Michiru Shimada'],['Tomoko Yoshida'],['Masayuki Takagi'],['Hidehiko Kadota'],15.0 ,2 ,42.0,8.0,2927.0,8.8,447
43,"['September 27, 2000']",['Michiru Shimada'],['Miyuki Sato'],['Kazuya Hisada'],['Junji Shimizu'],15.0 ,2 ,35.0,8.7,4055.0,9.0,591
44,"['October 11, 2000']",['Michiru Shimada'],['Yuri Sanami'],['Yuji Hakamada'],['Kōnosuke Uda'],13.2 ,5 ,17.0,7.9,2948.0,9.0,637
45,"['October 25, 2000']",['Junki Takegami'],['Kunihiro Chida'],['Hideaki Naniwa'],['Yoko Ikeda'],13.6 ,6 ,8.0,7.7,2882.0,8.8,612
46,"['November 1, 2000']",['Junki Takegami'],['Tomoko Yoshida'],['Kenji Yokoyama'],['Munehisa Sakai'],14.4,6,13.0,6.3,2710.0,7.8,551
47,"['November 8, 2000']",['Junki Takegami'],['Miyuki Sato'],['Kazuo Takigawa'],['Hidehiko Kadota'],13.5,8,17.0,6.1,2687.0,7.8,514
48,"['November 22, 2000']",['Michiru Shimada'],['Yuri Sanami'],['Eisaku Inoue'],['Junichi Fujise'],15.7 ,8 ,5.0,7.9,2949.0,8.8,503
49,"['November 22, 2000']",['Michiru Shimada'],['Kunihiro Chida'],['Tadayoshi Yamamuro'],['Yoshihiro Ueda'],15.7 ,5 ,14.0,8.0,3169.0,8.8,423
50,"['November 29, 2000']",['Michiru Shimada'],['Tomoko Yoshida'],['Masayuki Takagi'],['Katsumi Tokoro'],15.2,5,0.0,7.4,2745.0,8.4,606
51,"['December 6, 2000']",['Michiru Shimada'],['Miyuki Sato'],['Kazuya Hisada'],['Munehisa Sakai'],14.0,6,1.0,6.9,2361.0,8.2,488
52,"['December 13, 2000']",['Michiru Shimada'],['Yuri Sanami'],['Yuji Hakamada'],['Hidehiko Kadota'],14.7 ,5 ,34.0,8.3,2864.0,8.6,536
53,"['January 10, 2001']",['Michiru Shimada'],['Kunihiro Chida'],['Hideaki Naniwa'],['Ken Koyama'],14.1 ,6 ,20.0,8.5,3331.0,8.8,593
54,"['January 17, 2001']",['Junki Takegami'],['Tomoko Yoshida'],['Kenji Yokoyama'],['Kōnosuke Uda'],14.1,8,0.0,7.0,1927.0,8.2,385
55,"['January 24, 2001']",['Junki Takegami'],['Miyuki Sato'],['Masayuki Takagi'],['Harume Kosaka'],15.3,7,5.0,6.7,1898.0,8.0,409
56,"['January 31, 2001']",['Junki Takegami'],['Yuri Sanami'],['Kazuya Hisada'],['Hidehiko Kadota'],14.7,6,0.0,6.6,1847.0,8.2,391
57,"['February 7, 2001']",['Junki Takegami'],['Kunihiro Chida'],['Kazuo Takigawa'],['Yoko Ikeda'],14.6,8,0.0,6.5,1825.0,8.0,374
58,"['February 21, 2001']",['Junki Takegami'],['Tomoko Yoshida'],['Tadayoshi Yamamuro'],['Munehisa Sakai'],16.6,5,0.0,6.6,1799.0,8.2,344
59,"['February 21, 2001']",['Junki Takegami'],['Miyuki Sato'],['Yuji Hakamada'],['Junichi Fujise'],16.6,5,0.0,6.8,1802.0,8.2,343
60,"['February 28, 2001']",['Junki Takegami'],['Yuri Sanami'],['Hideaki Naniwa'],['Yoshihiro Ueda'],16.3,4,0.0,7.0,1801.0,8.0,510
61,"['March 7, 2001']",['Junki Takegami'],['Kunihiro Chida'],['Kenji Yokoyama'],['Hidehiko Kadota'],16.0,4,2.0,7.5,2017.0,8.6,587
62,"['March 21, 2001']",['Michiru Shimada'],['Tomoko Yoshida'],['Masayuki Takagi'],['Kōnosuke Uda'],13.7,6,34.0,7.5,2154.0,8.4,554
63,"['March 21, 2001']",['Michiru Shimada'],['Shōichirō Sugiura'],['Kazuya Hisada'],['Harume Kosaka'],13.7,6,34.0,7.5,2130.0,8.6,511
64,"['April 15, 2001']",['Michiru Shimada'],['Miyuki Sato'],['Kazuo Takigawa'],['Yoko Ikeda'],17.2,2,27.0,7.6,2046.0,8.6,464
65,"['April 15, 2001']",['Michiru Shimada'],['Yuri Sanami'],['Tadayoshi Yamamuro'],['Yoshihiro Ueda'],17.2,2,51.0,8.2,2270.0,8.8,475
66,"['April 22, 2001']",['Michiru Shimada'],['Kunihiro Chida'],['Yuji Hakamada'],['Hidehiko Kadota'],14.1,6,36.0,8.0,2186.0,8.4,439
67,"['April 29, 2001']",['Michiru Shimada'],['Tomoko Yoshida'],['Hideaki Naniwa'],['Kōnosuke Uda'],15.0,4,34.0,7.9,2170.0,8.8,482
68,"['May 13, 2001']",['Michiru Shimada'],['Miyuki Sato'],['Kenji Yokoyama'],['Harume Kosaka'],14.6,3,25.0,6.6,1993.0,8.0,427
69,"['May 20, 2001']",['Michiru Shimada'],['Yuri Sanami'],['Masayuki Takagi'],['Munehisa Sakai'],15.8,3,5.0,6.8,1996.0,8.4,440
70,"['May 27, 2001']",['Junki Takegami'],['Shōichirō Sugiura'],['Kazuya Hisada'],['Yuji Endo'],13.1,6,19.0,7.1,1973.0,8.4,538
71,"['June 3, 2001']",['Junki Takegami'],['Fumihiro Uchikawa'],['Takeo Ide'],['Hidehiko Kadota'],14.7,3,23.0,7.3,1983.0,8.4,439
72,"['June 17, 2001']",['Junki Takegami'],['Tomoko Yoshida'],['Eisaku Inoue'],['Yoko Ikeda'],12.5,8,21.0,7.2,1935.0,8.4,452
73,"['June 24, 2001']",['Junki Takegami'],['Kunihiro Chida'],['Yuji Hakamada'],['Yoshihiro Ueda'],15.3,4,34.0,7.4,1929.0,8.4,408
74,"['July 15, 2001']",['Junki Takegami'],['Yuri Sanami'],['Hideaki Naniwa'],['Kōnosuke Uda'],15.6,3,34.0,7.6,1958.0,8.4,411
75,"['August 12, 2001']",['Junki Takegami'],['Miyuki Sato'],['Kenji Yokoyama'],['Junichi Fujise'],12.8,6,31.0,7.5,1920.0,8.2,453
76,"['August 19, 2001']",['Junki Takegami'],['Tomoko Yoshida'],['Masayuki Takagi'],['Harume Kosaka'],14.9,2,36.0,7.6,1913.0,8.4,408
77,"['August 19, 2001']",['Junki Takegami'],['Fumihiro Uchikawa'],['Kazuya Hisada'],['Yuji Endo'],14.9,2,37.0,7.5,1930.0,8.6,464
78,"['August 26, 2001']",['Junki Takegami'],['Yuri Sanami'],['Noboru Koizumi'],['Yoshihiro Ueda'],15.6,3,12.0,7.2,1917.0,8.2,419
79,"['September 2, 2001']",['Junki Takegami'],['Miyuki Sato'],['Eisaku Inoue'],['Junji Shimizu'],13.1,5,49.0,7.5,1875.0,8.6,389
80,"['September 9, 2001']",['Michiru Shimada'],['Shōichirō Sugiura'],['Yuji Hakamada'],['Munehisa Sakai'],16.1,4,15.0,7.6,1888.0,8.4,499
81,"['September 16, 2001']",['Michiru Shimada'],['Tomoko Yoshida'],['Hideaki Naniwa'],['Kōnosuke Uda'],15.5,5,24.0,7.5,1850.0,8.6,412
82,"['October 7, 2001']",['Michiru Shimada'],['Kunihiro Chida'],['Kenji Yokoyama'],['Harume Kosaka'],13.5,2,36.0,7.5,1858.0,8.6,380
83,"['October 7, 2001']",['Michiru Shimada'],['Yuri Sanami'],['Masayuki Takagi'],['Hidehiko Kadota'],13.5,2,27.0,8.1,2401.0,8.8,412
84,"['October 21, 2001']",['Michiru Shimada'],['Miyuki Sato'],['Kazuya Hisada'],['Daisuke Nishio'],14.5,6,22.0,7.9,2019.0,9.2,405
85,"['October 28, 2001']",['Michiru Shimada'],['Tomoko Yoshida'],['Noboru Koizumi'],['Yoshihiro Ueda'],15.2,5,17.0,8.5,2836.0,9.0,407
86,"['November 4, 2001']",['Michiru Shimada'],['Kunihiro Chida'],['Eisaku Inoue'],['Kōnosuke Uda'],16.0,6,43.0,9.4,5547.0,9.4,589
87,"['November 11, 2001']",['Michiru Shimada'],['Yuri Sanami'],['Takeo Ide'],['Junji Shimizu'],14.8,6,29.0,8.1,2266.0,8.8,380
88,"['November 18, 2001']",['Michiru Shimada'],['Miyuki Sato'],['Hideaki Naniwa'],['Hidehiko Kadota'],15.3,5,23.0,7.8,1905.0,8.8,403
89,"['November 25, 2001']",['Michiru Shimada'],['Tomoko Yoshida'],['Kenji Yokoyama'],['Junichi Fujise'],15.8,4,36.0,7.8,1880.0,8.8,439
90,"['December 2, 2001']",['Michiru Shimada'],['Kunihiro Chida'],['Masayuki Takagi'],['Munehisa Sakai'],15.6,3,26.0,8.9,3767.0,9.0,703
91,"['December 9, 2001']",['Michiru Shimada'],['Yuri Sanami'],['Kazuya Hisada'],['Harume Kosaka'],16.3,3,25.0,7.9,1943.0,8.8,566
92,"['December 9, 2001']",['Junki Takegami'],['Fumihiro Uchikawa'],['Noboru Koizumi'],['Yuji Endo'],16.3,3,36.0,7.6,1845.0,8.6,456
93,"['December 16, 2001']",['Junki Takegami'],['Tomoko Yoshida'],['Eisaku Inoue'],['Kōnosuke Uda'],14.3,4,1.0,7.2,1827.0,8.6,412
94,"['December 23, 2001']",['Michiru Shimada'],['Miyuki Sato'],['Takeo Ide'],['Junji Shimizu'],14.0,4,14.0,8.9,4187.0,9.0,456
95,"['January 6, 2002']",['Michiru Shimada'],"['Miyuki Sato', 'Michiyo Kawasaki']",['Hideaki Naniwa'],['Hidehiko Kadota'],19.1,1,2.0,8.2,2111.0,9.0,515
96,"['January 13, 2002']",['Michiru Shimada'],"['Miyuki Sato', 'Makoto Suwada']",['Kenji Yokoyama'],['Yoko Ikeda'],15.6,3,17.0,7.3,1820.0,8.4,393
97,"['January 20, 2002']",['Junki Takegami'],"['Miyuki Sato', 'Fumihiro Uchikawa']",['Kazuya Hisada'],['Harume Kosaka'],14.6,4,12.0,7.2,1773.0,8.4,382
98,"['January 27, 2002']",['Junki Takegami'],"['Miyuki Sato', 'Michiyo Kawasaki']",['Masayuki Takagi'],['Daisuke Nishio'],15.7,6,1.0,6.8,1643.0,8.2,403
99,"['February 3, 2002']",['Junki Takegami'],"['Miyuki Sato', 'Makoto Suwada']",['Eisaku Inoue'],['Munehisa Sakai'],16.7,5,0.0,6.8,1602.0,8.2,401
100,"['February 10, 2002']",['Junki Takegami'],"['Miyuki Sato', 'Fumihiro Uchikawa']",['Takeo Ide'],['Yuji Endo'],13.6,5,23.0,7.4,1805.0,8.0,1609
101,"['February 17, 2002']",['Michiru Shimada'],"['Miyuki Sato', 'Michiyo Kawasaki']",['Kenji Yokoyama'],['Hidehiko Kadota'],13.9,7,1.0,6.7,1615.0,8.0,674
102,"['February 24, 2002']",['Michiru Shimada'],"['Miyuki Sato', 'Makoto Suwada']",['Hideaki Naniwa'],['Kōnosuke Uda'],16.4,3,0.0,7.0,1519.0,8.2,617
103,"['March 3, 2002']",['Junki Takegami'],"['Miyuki Sato', 'Fumihiro Uchikawa']",['Masayuki Takagi'],['Harume Kosaka'],15.2,2,16.0,7.2,1626.0,8.4,702
104,"['March 10, 2002']",['Junki Takegami'],"['Miyuki Sato', 'Michiyo Kawasaki']",['Eisaku Inoue'],['Ken Koyama'],13.8,8,31.0,7.9,1778.0,8.4,651
105,"['March 17, 2002']",['Michiru Shimada'],"['Miyuki Sato', 'Makoto Suwada']","['Naoki Tate', 'Masahiro Shimanuki']",['Yuji Endo'],14.3,5,34.0,7.7,1613.0,8.4,649
106,"['March 24, 2002']",['Michiru Shimada'],"['Miyuki Sato', 'Fumihiro Uchikawa']",['Takeo Ide'],['Hidehiko Kadota'],14.2,6,34.0,8.1,1698.0,8.2,628
107,"['April 14, 2002']",['Michiru Shimada'],"['Miyuki Sato', 'Michiyo Kawasaki']",['Kenji Yokoyama'],['Kōnosuke Uda'],14.3,4,32.0,8.1,1684.0,8.2,812
108,"['April 21, 2002']",['Michiru Shimada'],"['Miyuki Sato', 'Makoto Suwada']",['Hideaki Naniwa'],['Harume Kosaka'],14.6,5,35.0,8.2,1717.0,8.4,700
109,"['April 28, 2002']",['Junki Takegami'],"['Miyuki Sato', 'Fumihiro Uchikawa']",['Masayuki Takagi'],['Daisuke Nishio'],14.4,5,29.0,8.4,2241.0,8.4,682
110,"['May 5, 2002']",['Junki Takegami'],['Yuri Sanami'],['Eisaku Inoue'],['Yuji Endo'],11.4,4,38.0,9.2,4305.0,8.4,940
111,"['May 12, 2002']",['Junki Takegami'],"['Miyuki Sato', 'Fumihiro Uchikawa']",['Natsuko Makiyo'],['Junichi Fujise'],13.7,6,32.0,7.8,1641.0,8.4,806
112,"['May 19, 2002']",['Michiru Shimada'],"['Miyuki Sato', 'Michiyo Kawasaki']","['Naoki Tate', 'Masahiro Shimanuki']",['Munehisa Sakai'],14.4,4,34.0,8.1,1714.0,8.2,836
113,"['June 2, 2002']",['Michiru Shimada'],"['Miyuki Sato', 'Kunihiro Chida']",['Kazuya Hisada'],['Hidehiko Kadota'],13.4,3,28.0,7.7,1605.0,8.4,527
114,"['June 9, 2002']",['Junki Takegami'],"['Miyuki Sato', 'Fumihiro Uchikawa']",['Noboru Koizumi'],['Kōji Tanaka'],16.0,3,24.0,7.8,1683.0,8.2,488
115,"['June 16, 2002']",['Junki Takegami'],"['Miyuki Sato', 'Michiyo Kawasaki']",['Takeo Ide'],['Harume Kosaka'],11.3,6,31.0,8.0,1762.0,8.2,635
116,"['June 23, 2002']",['Michiru Shimada'],"['Miyuki Sato', 'Kunihiro Chida']",['Kenji Yokoyama'],['Ken Koyama'],13.6,3,40.0,7.9,1673.0,8.6,363
117,"['June 30, 2002']",['Michiru Shimada'],"['Miyuki Sato', 'Fumihiro Uchikawa']",['Hideaki Naniwa'],['Yoko Ikeda'],11.7,6,29.0,7.8,1692.0,8.6,343
118,"['July 14, 2002']",['Michiru Shimada'],"['Miyuki Sato', 'Michiyo Kawasaki']",['Masayuki Takagi'],['Yuji Endo'],14.1,3,23.0,7.7,1605.0,8.6,321
119,"['July 21, 2002']",['Junki Takegami'],"['Miyuki Sato', 'Toshiaki Marumori']",['Eisaku Inoue'],['Munehisa Sakai'],12.6,5,35.0,9.2,4493.0,9.0,431
120,"['August 4, 2002']",['Junki Takegami'],"['Miyuki Sato', 'Kunihiro Chida']",['Kazuya Hisada'],['Hidehiko Kadota'],13.3,4,34.0,7.9,1668.0,8.6,412
121,"['August 11, 2002']",['Junki Takegami'],"['Miyuki Sato', 'Michiyo Kawasaki']",['Natsuko Makiyo'],['Harume Kosaka'],11.2,7,33.0,8.4,2146.0,8.8,333
122,"['August 18, 2002']",['Michiru Shimada'],"['Miyuki Sato', 'Toshiaki Marumori']",['Takeo Ide'],['Junichi Fujise'],12.9,3,33.0,8.8,3004.0,8.8,360
123,"['August 25, 2002']",['Michiru Shimada'],"['Miyuki Sato', 'Fumihiro Uchikawa']",['Kenji Yokoyama'],['Junji Shimizu'],12.4,6,34.0,8.2,1751.0,8.8,326
124,"['September 1, 2002']",['Michiru Shimada'],"['Miyuki Sato', 'Michiyo Kawasaki']",['Takayuki Shimura'],['Yuji Endo'],11.5,8,34.0,8.1,1692.0,8.6,297
125,"['September 8, 2002']",['Yoshiyuki Suga'],"['Miyuki Sato', 'Toshiaki Marumori']",['Hideaki Naniwa'],['Hidehiko Kadota'],13.4,3,37.0,9.0,3663.0,9.2,406
126,"['September 15, 2002']",['Michiru Shimada'],"['Miyuki Sato', 'Kunihiro Chida']",['Eisaku Inoue'],['Munehisa Sakai'],13.2,5,35.0,9.5,6741.0,9.4,546
127,"['October 6, 2002']",['Yoshiyuki Suga'],"['Miyuki Sato', 'Michiyo Kawasaki']",['Masayuki Takagi'],['Harume Kosaka'],14.1,3,34.0,8.2,1707.0,9.2,385
128,"['October 6, 2002']",['Yoshiyuki Suga'],"['Miyuki Sato', 'Toshiaki Marumori']",['Noboru Koizumi'],['Junji Shimizu'],14.1,3,38.0,8.0,1702.0,9.0,365
129,"['October 20, 2002']",['Yoshiyuki Suga'],"['Miyuki Sato', 'Fumihiro Uchikawa']",['Kazuya Hisada'],['Daisuke Nishio'],12.6,5,34.0,9.2,4329.0,9.4,485
130,"['October 27, 2002']",['Yoshiyuki Suga'],"['Miyuki Sato', 'Michiyo Kawasaki']",['Takayuki Shimura'],['Yoko Ikeda'],13.8,3,28.0,8.6,2632.0,9.0,581
131,"['November 3, 2002']",['Michiru Shimada'],"['Miyuki Sato', 'Toshiaki Marumori']",['Kenji Yokoyama'],['Yuji Endo'],11.6,8,0.0,7.0,1326.0,8.6,320
132,"['November 10, 2002']",['Ryōta Yamaguchi'],"['Miyuki Sato', 'Kunihiro Chida']",['Takeo Ide'],['Harume Kosaka'],13.5,5,0.0,6.5,1309.0,8.4,252
133,"['November 17, 2002']",['Junki Takegami'],"['Miyuki Sato', 'Michiyo Kawasaki']",['Masayuki Takagi'],['Hidehiko Kadota'],14.2,4,0.0,6.7,1271.0,8.4,270
134,"['November 24, 2002']",['Junki Takegami'],"['Miyuki Sato', 'Toshiaki Marumori']",['Hideaki Naniwa'],['Munehisa Sakai'],12.8,4,0.0,6.7,1267.0,8.6,268
135,"['December 1, 2002']",['Junki Takegami'],"['Miyuki Sato', 'Fumihiro Uchikawa']",['Naoki Tate'],['Junji Shimizu'],11.8,8,0.0,6.8,1232.0,8.4,301
136,"['December 8, 2002']",['Yoshiyuki Suga'],"['Miyuki Sato', 'Michiyo Kawasaki']",['Kazuya Hisada'],['Junichi Fujise'],13.8,4,0.0,6.5,1250.0,8.2,249
137,"['December 15, 2002']",['Yoshiyuki Suga'],"['Miyuki Sato', 'Hiromitsu Shiozaki']",['Kenji Yokoyama'],['Yuji Endo'],12.4,5,0.0,6.6,1239.0,8.2,223
138,"['December 22, 2002']",['Yoshiyuki Suga'],"['Miyuki Sato', 'Kunihiro Chida']",['Takeo Ide'],['Yoko Ikeda'],12.1,4,0.0,6.5,1237.0,8.4,232
139,"['January 5, 2003']",['Ryōta Yamaguchi'],['Tomoko Yoshida'],['Masayuki Takagi'],['Hidehiko Kadota'],16.2,1,0.0,6.7,1227.0,8.2,216
140,"['January 12, 2003']",['Ryōta Yamaguchi'],"['Miyuki Sato', 'Michiyo Kawasaki']",['Hideaki Naniwa'],['Munehisa Sakai'],10.7,4,0.0,6.7,1214.0,8.2,262
141,"['January 19, 2003']",['Ryōta Yamaguchi'],"['Miyuki Sato', 'Fumihiro Uchikawa']",['Naoki Tate'],['Ken Koyama'],13.3,5,0.0,6.6,1199.0,8.2,206
142,"['January 26, 2003']",['Ryōta Yamaguchi'],"['Miyuki Sato', 'Makoto Suwada']",['Kazuya Hisada'],['Yuji Endo'],14.0,5,0.0,6.6,1199.0,7.8,218
143,"['February 2, 2003']",['Ryōta Yamaguchi'],"['Miyuki Sato', 'Toshiaki Marumori']",['Kenji Yokoyama'],['Junichi Fujise'],14.3,5,3.0,7.3,1217.0,8.4,287
144,"['February 9, 2003']",['Yoshiyuki Suga'],"['Miyuki Sato', 'Michiyo Kawasaki']",['Takeo Ide'],['Hidehiko Kadota'],13.9,4,36.0,7.2,1477.0,8.4,382
145,"['February 16, 2003']",['Yoshiyuki Suga'],"['Miyuki Sato', 'Kunihiro Chida']",['Masayuki Takagi'],['Hiroyuki Kakudō'],13.6,4,28.0,7.5,1537.0,8.6,348
146,"['February 23, 2003']",['Yoshiyuki Suga'],"['Miyuki Sato', 'Toshiaki Marumori']",['Hideaki Naniwa'],['Yoko Ikeda'],19.1,1,45.0,8.1,1738.0,8.8,340
147,"['March 9, 2003']",['Yoshiyuki Suga'],"['Miyuki Sato', 'Michiyo Kawasaki']",['Naoki Tate'],['Junichi Fujise'],13.8,5,33.0,7.7,1592.0,8.6,328
148,"['March 16, 2003']",['Yoshiyuki Suga'],"['Miyuki Sato', 'Kunihiro Chida']",['Kazuya Hisada'],['Junji Shimizu'],11.9,7,34.0,7.5,1462.0,8.8,313
149,"['March 23, 2003']",['Yoshiyuki Suga'],"['Miyuki Sato', 'Fumihiro Uchikawa']",['Yūki Kinoshita'],['Yuji Endo'],14.1,4,17.0,7.4,1423.0,8.6,292
150,"['April 13, 2003']",['Yoshiyuki Suga'],"['Miyuki Sato', 'Kumiko Fukuzawa']",['Kenji Yokoyama'],['Hidehiko Kadota'],13.4,6,25.0,8.1,1583.0,8.8,467
151,"['April 20, 2003']",['Yoshiyuki Suga'],"['Miyuki Sato', 'Michiyo Kawasaki']",['Masayuki Takagi'],['Ken Koyama'],14.2,5,29.0,9.3,5111.0,9.6,557
152,"['April 27, 2003']",['Michiru Shimada'],"['Miyuki Sato', 'Fumihiro Uchikawa']",['Hideaki Naniwa'],['Hiroyuki Kakudō'],13.9,5,17.0,8.3,1650.0,9.2,468
153,"['May 4, 2003']",['Michiru Shimada'],"['Miyuki Sato', 'Kumiko Fukuzawa']",['Naoki Tate'],['Junji Shimizu'],12.1,4,33.0,7.7,1416.0,8.8,356
154,"['May 11, 2003']",['Ryōta Yamaguchi'],"['Miyuki Sato', 'Kunihiro Chida']",['Kazuya Hisada'],['Yoko Ikeda'],12.6,5,31.0,7.4,1405.0,8.8,337
155,"['May 18, 2003']",['Michiru Shimada'],"['Miyuki Sato', 'Michiyo Kawasaki']",['Yūki Kinoshita'],['Hidehiko Kadota'],13.6,6,18.0,7.4,1381.0,8.6,359
156,"['June 8, 2003']",['Yoshiyuki Suga'],"['Miyuki Sato', 'Fumihiro Uchikawa']",['Kenji Yokoyama'],['Junichi Fujise'],12.8,4,13.0,7.5,1369.0,8.6,324
157,"['June 15, 2003']",['Junki Takegami'],"['Miyuki Sato', 'Kumiko Fukuzawa']",['Masayuki Takagi'],['Ken Koyama'],11.9,6,15.0,7.3,1359.0,8.6,302
158,"['June 22, 2003']",['Junki Takegami'],"['Miyuki Sato', 'Michiyo Kawasaki']",['Hideaki Naniwa'],['Hiroyuki Kakudō'],12.9,6,17.0,7.6,1384.0,8.6,313
159,"['July 6, 2003']",['Yoshiyuki Suga'],"['Miyuki Sato', 'Kunihiro Chida']",['Takeo Ide'],['Junji Shimizu'],12.4,7,15.0,7.5,1356.0,8.8,332
160,"['July 13, 2003']",['Yoshiyuki Suga'],"['Miyuki Sato', 'Kumiko Fukuzawa']",['Naoki Tate'],['Hidehiko Kadota'],12.6,6,18.0,7.5,1355.0,8.4,365
161,"['July 20, 2003']",['Junki Takegami'],"['Miyuki Sato', 'Michiyo Kawasaki']",['Kazuya Hisada'],['Katsumi Tokoro'],10.1,8,12.0,7.3,1363.0,8.4,304
162,"['August 3, 2003']",['Junki Takegami'],"['Miyuki Sato', 'Fumihiro Uchikawa']",['Noboru Koizumi'],['Munehisa Sakai'],10.0,9,18.0,7.7,1348.0,8.4,307
163,"['August 10, 2003']",['Yoshiyuki Suga'],"['Miyuki Sato', 'Kumiko Fukuzawa']",['Yūki Kinoshita'],['Ken Koyama'],10.2,6,31.0,7.6,1338.0,8.6,309
164,"['August 17, 2003']",['Yoshiyuki Suga'],"['Miyuki Sato', 'Michiyo Kawasaki']",['Kenji Yokoyama'],['Kōnosuke Uda'],12.9,5,15.0,7.8,1379.0,9.0,351
165,"['August 24, 2003']",['Junki Takegami'],"['Miyuki Sato', 'Kunihiro Chida']",['Masayuki Takagi'],['Junichi Fujise'],10.7,5,17.0,7.6,1322.0,8.6,321
166,"['September 7, 2003']",['Junki Takegami'],"['Miyuki Sato', 'Kumiko Fukuzawa']",['Hideaki Naniwa'],['Yoko Ikeda'],12.4,5,17.0,7.3,1342.0,8.8,353
167,"['September 21, 2003']",['Yoshiyuki Suga'],"['Miyuki Sato', 'Michiyo Kawasaki']",['Takeo Ide'],['Shigeyasu Yamauchi'],13.2,4,16.0,7.4,1310.0,8.6,310
168,"['October 12, 2003']",['Yoshiyuki Suga'],"['Miyuki Sato', 'Fumihiro Uchikawa']",['Eisaku Inoue'],['Hiroyuki Kakudō'],8.9,7,17.0,7.3,1343.0,8.4,307
169,"['October 19, 2003']",['Junki Takegami'],"['Miyuki Sato', 'Kumiko Fukuzawa']",['Yūki Kinoshita'],['Munehisa Sakai'],12.4,3,10.0,7.7,1398.0,8.8,310
170,"['October 19, 2003']",['Junki Takegami'],"['Miyuki Sato', 'Michiyo Kawasaki']",['Kazuya Hisada'],['Ken Koyama'],12.4,3,7.0,7.9,1435.0,8.8,368
171,"['October 26, 2003']",['Yoshiyuki Suga'],"['Miyuki Sato', 'Kunihiro Chida']",['Noboru Koizumi'],['Katsumi Tokoro'],10.4,8,15.0,7.6,1358.0,8.4,317
172,"['November 2, 2003']",['Yoshiyuki Suga'],"['Miyuki Sato', 'Kumiko Fukuzawa']",['Kenji Yokoyama'],['Hidehiko Kadota'],12.4,3,2.0,7.7,1361.0,8.6,313
173,"['November 9, 2003']",['Junki Takegami'],"['Miyuki Sato', 'Fumihiro Uchikawa']",['Masayuki Takagi'],['Kōnosuke Uda'],14.3,2,13.0,7.8,1387.0,9.0,276
174,"['November 16, 2003']",['Junki Takegami'],"['Miyuki Sato', 'Michiyo Kawasaki']",['Naoki Tate'],['Yoko Ikeda'],13.8,2,28.0,7.9,1427.0,9.0,296
175,"['December 21, 2003']",['Junki Takegami'],"['Miyuki Sato', 'Kumiko Fukuzawa']",['Eisaku Inoue'],['Junichi Fujise'],11.6,5,28.0,7.7,1357.0,8.8,322
176,"['January 11, 2004']",['Michiru Shimada'],"['Miyuki Sato', 'Michiyo Kawasaki']",['Takeo Ide'],['Munehisa Sakai'],10.7,4,5.0,7.9,1421.0,8.8,287
177,"['January 18, 2004']",['Michiru Shimada'],"['Miyuki Sato', 'Kunihiro Chida']",['Kazuya Hisada'],['Ken Koyama'],12.4,5,17.0,7.8,1397.0,8.6,268
178,"['January 25, 2004']",['Michiru Shimada'],"['Miyuki Sato', 'Kumiko Fukuzawa']",['Yūki Kinoshita'],['Hidehiko Kadota'],11.6,6,9.0,8.3,1867.0,8.8,291
179,"['February 1, 2004']",['Michiru Shimada'],"['Miyuki Sato', 'Michiyo Kawasaki']",['Kenji Yokoyama'],['Katsumi Tokoro'],12.4,7,4.0,8.1,1498.0,8.8,272
180,"['February 8, 2004']",['Junki Takegami'],"['Miyuki Sato', 'Fumihiro Uchikawa']",['Masayuki Takagi'],['Yukio Kaizawa'],12.8,5,17.0,8.9,3178.0,9.0,346
181,"['February 15, 2004']",['Junki Takegami'],"['Miyuki Sato', 'Kumiko Fukuzawa']",['Naoki Tate'],['Yoko Ikeda'],11.8,7,5.0,8.2,1478.0,9.0,280
182,"['February 22, 2004']",['Junki Takegami'],"['Miyuki Sato', 'Michiyo Kawasaki']",['Takeo Ide'],['Kōnosuke Uda'],11.9,6,1.0,9.0,3312.0,9.4,384
183,"['February 29, 2004']",['Michiru Shimada'],"['Miyuki Sato', 'Kunihiro Chida']",['Kazuya Hisada'],['Takahiro Imamura'],11.4,7,17.0,9.0,3255.0,9.2,316
184,"['March 7, 2004']",['Michiru Shimada'],"['Miyuki Sato', 'Kumiko Fukuzawa']",['Yūki Kinoshita'],['Ken Koyama'],11.9,5,17.0,8.0,1436.0,8.8,289
185,"['March 14, 2004']",['Michiru Shimada'],"['Miyuki Sato', 'Michiyo Kawasaki']",['Kenji Yokoyama'],['Munehisa Sakai'],9.9,7,12.0,8.7,2708.0,9.0,305
186,"['March 21, 2004']",['Hirohiko Kamisaka'],"['Miyuki Sato', 'Fumihiro Uchikawa']",['Masayuki Takagi'],['Hidehiko Kadota'],11.3,6,1.0,7.8,1341.0,8.6,244
187,"['March 28, 2004']",['Hirohiko Kamisaka'],"['Miyuki Sato', 'Kumiko Fukuzawa']",['Takeo Ide'],['Hiroyuki Kakudō'],13.7,1,42.0,7.7,1411.0,8.4,271
188,"['March 28, 2004']",['Hirohiko Kamisaka'],"['Miyuki Sato', 'Michiyo Kawasaki']",['Yūki Kinoshita'],['Takahiro Imamura'],13.7,1,19.0,7.8,1432.0,8.6,268
189,"['April 4, 2004']",['Hirohiko Kamisaka'],"['Miyuki Sato', 'Kunihiro Chida']",['Kazuya Hisada'],['Katsumi Tokoro'],12.3,4,15.0,9.1,3436.0,9.2,354
190,"['April 25, 2004']",['Hirohiko Kamisaka'],"['Miyuki Sato', 'Kumiko Fukuzawa']",['Naoki Tate'],['Ken Koyama'],9.8,7,17.0,8.0,1409.0,8.8,300
191,"['May 2, 2004']",['Hirohiko Kamisaka'],"['Miyuki Sato', 'Michiyo Kawasaki']",['Masayuki Takagi'],['Yoko Ikeda'],10.2,5,9.0,8.2,1411.0,8.8,250
192,"['May 9, 2004']",['Hirohiko Kamisaka'],['Tomoko Yoshida'],['Kazuya Hisada'],['Hidehiko Kadota'],11.0,5,15.0,9.3,3862.0,9.4,348
193,"['May 23, 2004']",['Hirohiko Kamisaka'],"['Miyuki Sato', 'Fumihiro Uchikawa']",['Hideaki Naniwa'],['Hiroyuki Kakudō'],12.0,4,17.0,8.0,1483.0,8.8,329
194,"['June 6, 2004']",['Hirohiko Kamisaka'],"['Miyuki Sato', 'Kumiko Fukuzawa']",['Kenji Yokoyama'],['Junichi Fujise'],11.7,4,17.0,8.0,1395.0,9.2,286
195,"['June 13, 2004']",['Hirohiko Kamisaka'],"['Miyuki Sato', 'Michiyo Kawasaki']",['Kenji Yokoyama'],['Munehisa Sakai'],10.0,7,17.0,7.7,1322.0,9.0,391
196,"['June 20, 2004']",['Hirohiko Kamisaka'],"['Miyuki Sato', 'Kunihiro Chida']",['Noboru Koizumi'],['Takahiro Imamura'],12.2,3,0.0,7.1,1131.0,8.8,263
197,"['July 4, 2004']",['Michiru Shimada'],"['Miyuki Sato', 'Kumiko Fukuzawa']",['Naoki Tate'],['Ken Koyama'],10.4,6,0.0,7.3,1126.0,8.8,232
198,"['July 11, 2004']",['Junki Takegami'],"['Miyuki Sato', 'Michiyo Kawasaki']",['Masayuki Takagi'],['Hiroyuki Kakudō'],11.7,4,0.0,7.1,1116.0,8.6,226
199,"['July 18, 2004']",['Yoshiyuki Suga'],"['Miyuki Sato', 'Fumihiro Uchikawa']",['Hideaki Naniwa'],['Mamoru Hosoda'],9.9,9,0.0,7.4,1146.0,9.0,247
200,"['August 8, 2004']",['Hirohiko Kamisaka'],"['Miyuki Sato', 'Kumiko Fukuzawa']",['Kazuya Hisada'],['Munehisa Sakai'],9.2,7,0.0,7.5,1125.0,8.6,498
201,"['September 5, 2004']",['Michiru Shimada'],"['Miyuki Sato', 'Michiyo Kawasaki']",['Kenji Yokoyama'],['Hidehiko Kadota'],9.4,8,0.0,7.3,1064.0,8.6,244
202,"['September 12, 2004']",['Yoshiyuki Suga'],"['Miyuki Sato', 'Kunihiro Chida']",['Noboru Koizumi'],['Kōnosuke Uda'],11.1,6,0.0,7.3,1072.0,9.2,207
203,"['September 19, 2004']",['Junki Takegami'],"['Miyuki Sato', 'Kumiko Fukuzawa']",['Takeo Ide'],['Hiroyuki Kakudō'],11.2,5,2.0,7.0,1081.0,8.6,223
204,"['October 3, 2004']",['Hirohiko Kamisaka'],"['Miyuki Sato', 'Michiyo Kawasaki']",['Masayuki Takagi'],['Katsumi Tokoro'],15.2,1,0.0,7.2,1056.0,8.6,180
205,"['October 3, 2004']",['Yoshiyuki Suga'],"['Miyuki Sato', 'Fumihiro Uchikawa']",['Hideaki Naniwa'],['Ken Koyama'],15.2,1,0.0,7.2,1057.0,8.6,207
206,"['October 10, 2004']",['Junki Takegami'],"['Miyuki Sato', 'Kumiko Fukuzawa']",['Naoki Tate'],['Takahiro Imamura'],10.8,4,0.0,7.6,1105.0,8.8,339
207,"['October 31, 2004']",['Hirohiko Kamisaka'],"['Miyuki Sato', 'Michiyo Kawasaki']",['Takeo Ide'],['Junichi Fujise'],10.8,7,5.0,7.2,1252.0,8.4,383
208,"['November 7, 2004']",['Hirohiko Kamisaka'],"['Miyuki Sato', 'Kunihiro Chida']",['Kazuya Hisada'],['Hiroyuki Kakudō'],11.7,5,25.0,7.0,1235.0,8.4,256
209,"['November 14, 2004']",['Hirohiko Kamisaka'],"['Miyuki Sato', 'Kumiko Fukuzawa']",['Kenji Yokoyama'],['Hidehiko Kadota'],13.2,5,20.0,7.1,1218.0,8.2,261
210,"['November 21, 2004']",['Hirohiko Kamisaka'],"['Miyuki Sato', 'Michiyo Kawasaki']",['Masayuki Takagi'],['Ken Koyama'],11.0,7,34.0,7.0,1221.0,8.2,264
211,"['November 28, 2004']",['Junki Takegami'],"['Miyuki Sato', 'Fumihiro Uchikawa']",['Hideaki Naniwa'],['Takahiro Imamura'],12.4,6,17.0,7.2,1232.0,8.0,247
212,"['December 5, 2004']",['Junki Takegami'],"['Miyuki Sato', 'Kumiko Fukuzawa']",['Naoki Tate'],['Katsumi Tokoro'],12.0,6,17.0,7.5,1228.0,8.6,270
213,"['December 12, 2004']",['Hirohiko Kamisaka'],"['Miyuki Sato', 'Michiyo Kawasaki']",['Takeo Ide'],['Munehisa Sakai'],11.4,7,0.0,6.9,1147.0,8.2,218
214,"['December 19, 2004']",['Hirohiko Kamisaka'],"['Miyuki Sato', 'Kunihiro Chida']",['Noboru Koizumi'],['Hiroyuki Kakudō'],13.8,1,0.0,7.3,1134.0,8.6,217
215,"['January 9, 2005']",['Hirohiko Kamisaka'],"['Miyuki Sato', 'Kumiko Fukuzawa']",['Kazuya Hisada'],['Ken Koyama'],11.0,4,1.0,6.6,1192.0,7.4,247
216,"['January 9, 2005']",['Yoshiyuki Suga'],"['Miyuki Sato', 'Michiyo Kawasaki']",['Masayuki Takagi'],['Hidehiko Kadota'],11.0,4,0.0,6.5,1175.0,6.6,234
217,"['January 16, 2005']",['Hirohiko Kamisaka'],"['Miyuki Sato', 'Fumihiro Uchikawa']",['Kenji Yokoyama'],['Yoko Ikeda'],11.8,3,24.0,6.8,1246.0,8.0,220
218,"['January 23, 2005']",['Hirohiko Kamisaka'],"['Miyuki Sato', 'Kumiko Fukuzawa']",['Hideaki Naniwa'],['Hiroyuki Kakudō'],11.9,5,34.0,6.9,1236.0,7.8,236
219,"['January 30, 2005']",['Hirohiko Kamisaka'],"['Miyuki Sato', 'Michiyo Kawasaki']",['Naoki Tate'],['Takahiro Imamura'],10.9,7,19.0,7.3,1185.0,8.2,250
220,"['February 6, 2005']","['Junki Takegami', 'Hito Koyama(assistant)']","['Miyuki Sato', 'Kunihiro Chida']",['Eisaku Inoue'],['Munehisa Sakai'],11.2,6,0.0,7.0,1092.0,8.2,251
221,"['February 13, 2005']","['Hirohiko Kamisaka', 'Hito Koyama(assistant)']","['Miyuki Sato', 'Kumiko Fukuzawa']",['Takeo Ide'],['Katsumi Tokoro'],10.6,6,0.0,6.9,1081.0,8.4,176
222,"['February 20, 2005']","['Yoshiyuki Suga', 'Hito Koyama(assistant)']","['Miyuki Sato', 'Michiyo Kawasaki']",['Masayuki Takagi'],['Ken Koyama'],10.9,6,0.0,6.6,990.0,8.2,163
223,"['February 27, 2005']","['Junki Takegami', 'Hito Koyama(assistant)']","['Miyuki Sato', 'Fumihiro Uchikawa']",['Kenji Yokoyama'],['Hidehiko Kadota'],10.9,5,0.0,6.9,981.0,8.6,183
224,"['March 6, 2005']","['Hirohiko Kamisaka', 'Hito Koyama (assistant)']","['Miyuki Sato', 'Kumiko Fukuzawa']",['Kazuya Hisada'],['Takahiro Imamura'],11.5,6,0.0,6.7,976.0,8.2,195
225,"['March 13, 2005']",['Yoshiyuki Suga'],"['Miyuki Sato', 'Tadami Shimokawa']",['Naoki Tate'],['Yoko Ikeda'],10.5,7,1.0,6.3,1026.0,7.6,206
226,"['March 20, 2005']",['Yoshiyuki Suga'],"['Miyuki Sato', 'Michiyo Kawasaki']",['Masayuki Takagi'],['Katsumi Tokoro'],10.5,6,1.0,6.5,1059.0,8.2,235
227,"['March 27, 2005']",['Yoshiyuki Suga'],"['Miyuki Sato', 'Kunihiro Chida']",['Kazuya Hisada'],['Hidehiko Kadota'],10.4,4,29.0,8.9,3377.0,9.2,305
228,"['March 27, 2005']",['Hirohiko Kamisaka'],"['Miyuki Sato', 'Kumiko Fukuzawa']",['Naoki Tate'],['Yoko Ikeda'],10.4,4,28.0,8.2,1689.0,9.0,304
229,"['April 17, 2005']",['Hirohiko Kamisaka'],"['Miyuki Sato', 'Tadami Shimokawa']",['Masayuki Takagi'],['Munehisa Sakai'],12.5,4,25.0,7.6,1350.0,8.8,269
230,"['April 24, 2005']",['Hirohiko Kamisaka'],"['Miyuki Sato', 'Michiyo Kawasaki']",['Takeo Ide'],['Kōnosuke Uda'],13.2,4,6.0,7.6,1292.0,8.8,318
231,"['May 1, 2005']",['Hirohiko Kamisaka'],"['Miyuki Sato', 'Fumihiro Uchikawa']",['Yuji Kondou'],['Yoshio Mukainakano'],11.0,6,3.0,7.6,1283.0,8.8,252
232,"['May 15, 2005']",['Hirohiko Kamisaka'],"['Miyuki Sato', 'Kumiko Fukuzawa']",['Kazuya Hisada'],['Kōnosuke Uda'],11.4,5,3.0,7.7,1276.0,8.8,252
233,"['May 22, 2005']",['Hirohiko Kamisaka'],"['Miyuki Sato', 'Tadami Shimokawa']",['Naoki Tate'],['Hiroaki Miyamoto'],12.2,4,26.0,7.9,1333.0,9.0,289
234,"['June 5, 2005']",['Hirohiko Kamisaka'],"['Miyuki Sato', 'Kunihiro Chida']",['Kenji Yokoyama'],['Hidehiko Kadota'],10.0,6,25.0,9.1,3571.0,9.4,396
235,"['June 12, 2005']",['Hirohiko Kamisaka'],"['Miyuki Sato', 'Kumiko Fukuzawa']",['Masayuki Takagi'],['Katsumi Tokoro'],12.0,2,21.0,9.4,5004.0,9.6,513
236,"['June 19, 2005']",['Hirohiko Kamisaka'],"['Miyuki Sato', 'Michiyo Kawasaki']",['Takeo Ide'],['Munehisa Sakai'],11.9,4,9.0,9.7,10547.0,9.6,688
237,"['July 3, 2005']",['Hirohiko Kamisaka'],"['Miyuki Sato', 'Tadami Shimokawa']",['Eisaku Inoue'],['Yoko Ikeda'],11.6,4,29.0,7.7,1274.0,8.8,266
238,"['July 10, 2005']",['Hirohiko Kamisaka'],"['Miyuki Sato', 'Fumihiro Uchikawa']",['Yuji Kondou'],['Yoshio Mukainakano'],10.2,7,3.0,8.0,1326.0,9.0,256
239,"['July 31, 2005']",['Hirohiko Kamisaka'],"['Miyuki Sato', 'Kumiko Fukuzawa']",['Naoki Tate'],['Morio Hatano'],9.1,5,4.0,7.8,1252.0,9.0,246
240,"['August 7, 2005']",['Hirohiko Kamisaka'],"['Miyuki Sato', 'Michiyo Kawasaki']",['Kazuya Hisada'],['Hiroaki Miyamoto'],8.7,5,9.0,8.0,1369.0,9.0,329
241,"['August 14, 2005']",['Hirohiko Kamisaka'],"['Miyuki Sato', 'Tadami Shimokawa']",['Masayuki Takagi'],['Hidehiko Kadota'],9.4,4,20.0,7.7,1247.0,9.0,238
242,"['August 21, 2005']",['Hirohiko Kamisaka'],"['Miyuki Sato', 'Kunihiro Chida']",['Kenji Yokoyama'],['Katsumi Tokoro'],10.4,3,32.0,8.1,1353.0,9.2,253
243,"['September 4, 2005']",['Hirohiko Kamisaka'],"['Miyuki Sato', 'Kumiko Fukuzawa']",['Kazuya Hisada'],['Kōnosuke Uda'],10.2,5,1.0,9.1,3476.0,9.4,316
244,"['September 11, 2005']",['Hirohiko Kamisaka'],"['Miyuki Sato', 'Michiyo Kawasaki']",['Eisaku Inoue'],['Munehisa Sakai'],12.6,3,18.0,9.0,3115.0,9.2,275
245,"['September 18, 2005']",['Hirohiko Kamisaka'],"['Miyuki Sato', 'Tadami Shimokawa']","['Kouji Sugimoto', 'Kiyoshi Matsushita']",['Hidehiko Kadota'],10.0,6,15.0,8.5,1925.0,9.2,281
246,"['October 23, 2005']",['Hirohiko Kamisaka'],"['Miyuki Sato', 'Fumihiro Uchikawa']",['Masayuki Takagi'],['Yoko Ikeda'],16.7,1,32.0,8.0,1342.0,9.0,240
247,"['October 30, 2005']",['Hirohiko Kamisaka'],"['Miyuki Sato', 'Kumiko Fukuzawa']",['Takeo Ide'],['Morio Hatano'],13.3,3,1.0,8.2,1380.0,9.0,273
248,"['November 6, 2005']",['Hirohiko Kamisaka'],"['Miyuki Sato', 'Michiyo Kawasaki']",['Kazuya Hisada'],['Hiroaki Miyamoto'],11.2,3,10.0,8.2,1360.0,9.2,254
249,"['November 13, 2005']",['Hirohiko Kamisaka'],"['Miyuki Sato', 'Kunihiro Chida']",['Naoki Tate'],['Katsumi Tokoro'],11.7,5,4.0,8.2,1370.0,9.0,246
250,"['November 27, 2005']",['Hirohiko Kamisaka'],"['Miyuki Sato', 'Tadami Shimokawa']",['Kenji Yokoyama'],['Ken Koyama'],9.8,6,30.0,9.0,3187.0,8.8,381
251,"['November 27, 2005']",['Hirohiko Kamisaka'],"['Miyuki Sato', 'Kumiko Fukuzawa']",['Takeo Ide'],['Munehisa Sakai'],9.8,6,4.0,8.9,2694.0,9.2,307
252,"['December 4, 2005']",['Hirohiko Kamisaka'],"['Miyuki Sato', 'Michiyo Kawasaki']",['Masayuki Takagi'],['Yukihiko Nakao'],10.3,3,24.0,8.0,1304.0,9.0,267
253,"['December 11, 2005']",['Hirohiko Kamisaka'],"['Miyuki Sato', 'Fumihiro Uchikawa']",['Kazuya Hisada'],['Yoko Ikeda'],10.0,6,9.0,7.8,1263.0,9.0,239
254,"['January 22, 2006']",['Hirohiko Kamisaka'],"['Miyuki Sato', 'Tadami Shimokawa']",['Naoki Tate'],['Morio Hatano'],10.7,3,17.0,8.1,1358.0,9.2,271
255,"['January 29, 2006']",['Hirohiko Kamisaka'],"['Miyuki Sato', 'Kumiko Fukuzawa']",['Kenji Yokoyama'],['Ken Koyama'],11.3,3,20.0,7.9,1277.0,9.0,259
256,"['February 5, 2006']",['Hirohiko Kamisaka'],"['Miyuki Sato', 'Michiyo Kawasaki']",['Takeo Ide'],['Hiroaki Miyamoto'],11.3,3,15.0,7.8,1232.0,9.0,242
257,"['February 26, 2006']",['Hirohiko Kamisaka'],"['Miyuki Sato', 'Kunihiro Chida']",['Masayuki Takagi'],['Yukihiko Nakao'],10.9,3,21.0,8.0,1299.0,9.2,262
258,"['March 5, 2006']",['Hirohiko Kamisaka'],"['Miyuki Sato', 'Fumihiro Uchikawa']",['Kazuya Hisada'],['Munehisa Sakai'],11.4,5,17.0,8.0,1338.0,9.4,263
259,"['March 12, 2006']",['Hirohiko Kamisaka'],"['Miyuki Sato', 'Kumiko Fukuzawa']",['Noboru Koizumi'],['Ken Koyama'],9.7,6,2.0,7.3,1215.0,8.6,220
260,"['March 19, 2006']",['Hirohiko Kamisaka'],"['Miyuki Sato', 'Michiyo Kawasaki']",['Masayuki Takagi'],['Yoko Ikeda'],8.7,6,22.0,7.7,1226.0,9.0,289
261,"['April 2, 2006']",['Hirohiko Kamisaka'],"['Miyuki Sato', 'Kunihiro Chida']",['Kazuya Hisada'],['Morio Hatano'],13.9,1,15.0,7.9,1268.0,9.0,228
262,"['April 16, 2006']",['Hirohiko Kamisaka'],"['Miyuki Sato', 'Fumihiro Uchikawa']",['Kenji Yokoyama'],['Yukihiko Nakao'],9.9,4,24.0,8.3,1606.0,9.2,207
263,"['April 30, 2006']",['Hirohiko Kamisaka'],"['Miyuki Sato', 'Kumiko Fukuzawa']",['Katsumi Ishizuka'],['Hiroaki Miyamoto'],11.1,5,16.0,8.0,1265.0,8.8,281
264,"['May 21, 2006']",['Hirohiko Kamisaka'],"['Miyuki Sato', 'Michiyo Kawasaki']",['Takeo Ide'],['Munehisa Sakai'],9.2,6,19.0,8.0,1299.0,9.4,276
265,"['June 4, 2006']",['Hirohiko Kamisaka'],"['Miho Shiraishi', 'Fumihiro Uchikawa']",['Masayuki Takagi'],['Hiroyuki Kakudō'],10.5,5,23.0,7.8,1231.0,9.0,243
266,"['June 11, 2006']",['Hirohiko Kamisaka'],"['Miyuki Sato', 'Kunihiro Chida']",['Noboru Koizumi'],['Yoko Ikeda'],10.2,5,19.0,7.8,1208.0,9.0,218
267,"['June 18, 2006']",['Hirohiko Kamisaka'],"['Miyuki Sato', 'Kumiko Fukuzawa']",['Kenji Yokoyama'],['Yoshihiro Ueda'],10.6,4,25.0,7.9,1241.0,9.0,223
268,"['June 25, 2006']",['Hirohiko Kamisaka'],"['Miho Shiraishi', 'Fumihiro Uchikawa']",['Kazuya Hisada'],['Hiroaki Miyamoto'],10.2,4,16.0,7.9,1248.0,9.0,211
269,"['June 25, 2006']",['Hirohiko Kamisaka'],"['Miyuki Sato', 'Kunihiro Chida']",['Masayuki Takagi'],['Katsumi Tokoro'],10.2,4,14.0,8.0,1283.0,9.0,239
270,"['July 2, 2006']",['Hirohiko Kamisaka'],"['Miyuki Sato', 'Michiyo Kawasaki']",['Takeo Ide'],['Takahiro Imamura'],11.1,3,1.0,8.7,2334.0,9.0,278
271,"['July 9, 2006']",['Hirohiko Kamisaka'],"['Miyuki Sato', 'Kumiko Fukuzawa']",['Naoki Tate'],['Yoshihiro Ueda'],11.5,3,11.0,8.1,1395.0,9.0,218
272,"['July 23, 2006']",['Hirohiko Kamisaka'],"['Miho Shiraishi', 'Kunihiro Chida']",['Kenji Yokoyama'],['Hiroyuki Kakudō'],9.4,4,25.0,8.4,1785.0,9.4,329
273,"['July 30, 2006']",['Hirohiko Kamisaka'],"['Miyuki Sato', 'Michiyo Kawasaki']",['Katsumi Ishizuka'],['Munehisa Sakai'],9.1,4,24.0,9.3,4026.0,9.6,374
274,"['August 6, 2006']",['Hirohiko Kamisaka'],"['Miho Shiraishi', 'Kumiko Fukuzawa']",['Kazuya Hisada'],['Yoko Ikeda'],10.1,3,17.0,9.5,5666.0,9.6,368
275,"['August 13, 2006']",['Hirohiko Kamisaka'],"['Miyuki Sato', 'Kunihiro Chida']",['Noboru Koizumi'],['Hiroaki Miyamoto'],8.4,5,33.0,9.0,3475.0,9.4,302
276,"['September 10, 2006']",['Hirohiko Kamisaka'],"['Miho Shiraishi', 'Michiyo Kawasaki']",['Masayuki Takagi'],['Toru Yamada'],10.3,6,34.0,9.1,3476.0,9.2,233
277,"['September 24, 2006']",['Hirohiko Kamisaka'],"['Miyuki Sato', 'Kumiko Fukuzawa']",['Takeo Ide'],['Takahiro Imamura'],13.2,1,34.0,9.4,4613.0,9.4,296
278,"['September 24, 2006']",['Hirohiko Kamisaka'],"['Miyuki Sato', 'Kunihiro Chida']",['Naoki Tate'],['Yoshihiro Ueda'],13.2,1,34.0,9.7,21495.0,9.6,559
279,"['October 1, 2006']",['N/A'],"['Ryūji Yoshiike', 'Miho Shiraishi']",['Kazuya Hisada'],['Munehisa Sakai'],6.7,4,0.0,6.2,1021.0,7.6,200
280,"['October 8, 2006']",['N/A'],"['Ryūji Yoshiike', 'Miho Shiraishi']",['Naoki Tate'],"['Munehisa Sakai', 'Yoko Ikeda']",6.2,6,0.0,5.8,1029.0,7.6,157
281,"['October 15, 2006']",['N/A'],"['Ryūji Yoshiike', 'Miho Shiraishi']",['Takeo Ide'],"['Munehisa Sakai', 'Yoko Ikeda']",6.6,3,0.0,6.0,1014.0,7.4,150
282,"['October 22, 2006']",['N/A'],"['Ryūji Yoshiike', 'Miyuki Sato']",['Noboru Koizumi'],"['Munehisa Sakai', 'Yoko Ikeda']",6.5,4,0.0,5.8,1006.0,7.8,124
283,"['October 29, 2006']",['N/A'],['Miyuki Sato'],['Takeo Ide'],"['Munehisa Sakai', 'Yoko Ikeda']",6.4,9,0.0,5.8,998.0,7.0,162
284,"['November 5, 2006']",['Hirohiko Kamisaka'],"['Miyuki Sato', 'Fumihiro Uchikawa']",['Eisaku Inoue'],['Hiroyuki Kakudō'],6.9,7,18.0,8.1,1358.0,8.6,240
285,"['November 12, 2006']",['Koga Naoki'],"['Miyuki Sato', 'Kumiko Fukuzawa']",['Kazuya Hisada'],['Takahiro Imamura'],6.3,8,15.0,7.8,1214.0,8.8,244
286,"['November 19, 2006']",['Hirohiko Kamisaka'],"['Miyuki Sato', 'Michiyo Kawasaki']",['Kenji Yokoyama'],['Yoshihiro Ueda'],5.6,8,22.0,7.9,1230.0,8.8,224
287,"['November 26, 2006']",['Yoshiyuki Suga'],"['Miyuki Sato', 'Kunihiro Chida']",['Masayuki Takagi'],['Hiroaki Miyamoto'],8.1,6,24.0,7.8,1216.0,8.8,216
288,"['December 3, 2006']",['Koga Naoki'],"['Miyuki Sato', 'Michiyo Kawasaki']",['Takeo Ide'],['Yoko Ikeda'],5.1,9,20.0,8.1,1260.0,9.2,237
291,"['December 24, 2006']",['Yoshiyuki Suga'],"['Miho Shiraishi', 'Michiyo Kawasaki']",['Kazuya Hisada'],['Munehisa Sakai'],5.7,6,0.0,5.8,1054.0,7.2,185
292,"['January 7, 2007']",['Koga Naoki'],"['Miyuki Sato', 'Kumiko Fukuzawa']",['Naoki Tate'],['Yoko Ikeda'],6.2,5,0.0,5.6,1114.0,7.4,170
295,"['January 28, 2007']",['Yoshiyuki Suga'],"['Miyuki Sato', 'Kunihiro Chida']",['Noboru Koizumi'],['Yoshihiro Ueda'],7.8,6,13.0,7.7,1183.0,8.8,235
296,"['February 4, 2007']",['Koga Naoki'],"['Miyuki Sato', 'Kumiko Fukuzawa']",['Takeo Ide'],['Masahiro Hosoda'],6.8,10,18.0,8.1,1317.0,9.2,210
297,"['February 11, 2007']",['Yoshiyuki Suga'],"['Miyuki Sato', 'Michiyo Kawasaki']",['Kazuya Hisada'],['Katsumi Tokoro'],7.9,7,25.0,8.2,1299.0,9.2,210
298,"['February 25, 2007']",['Koga Naoki'],"['Miyuki Sato', 'Kunihiro Chida']",['Katsumi Ishizuka'],['Hiroyuki Kakudō'],7.4,9,26.0,8.6,2019.0,9.2,291
299,"['March 4, 2007']",['Yoshiyuki Suga'],"['Miyuki Sato', 'Kumiko Fukuzawa']",['Kenji Yokoyama'],['Hiroaki Miyamoto'],7.7,7,25.0,8.3,1515.0,9.0,229
300,"['March 11, 2007']",['Koga Naoki'],"['Miyuki Sato', 'Michiyo Kawasaki']",['Takeo Ide'],['Yoko Ikeda'],8.1,6,24.0,9.2,3713.0,8.8,493
301,"['March 18, 2007']",['Yoshiyuki Suga'],"['Miyuki Sato', 'Fumihiro Uchikawa']",['Masayuki Takagi'],['Yoshihiro Ueda'],8.0,6,20.0,9.2,3558.0,9.4,327
302,"['March 25, 2007']",['Koga Naoki'],"['Miyuki Sato', 'Kunihiro Chida']","['Yukari Kobayashi', 'Shinichi Suzuki']",['Akira Shimizu'],7.4,5,13.0,8.2,1382.0,9.2,240
303,"['April 1, 2007']",['Hirohiko Kamisaka'],"['Miho Shiraishi', 'Michiyo Kawasaki', 'Kumiko Fukuzawa']",['Kazuya Hisada'],['Munehisa Sakai'],7.8,4,0.0,5.8,1048.0,7.8,194
304,"['April 8, 2007']",['Yoshiyuki Suga'],"['Miyuki Sato', 'Fumihiro Uchikawa']",['Naoki Tate'],['Makoto Sonoda'],8.2,4,16.0,9.0,3363.0,9.2,265
305,"['April 15, 2007']",['Koga Naoki'],"['Miyuki Sato', 'Kunihiro Chida']",['Kenji Yokoyama'],['Katsumi Tokoro'],8.9,4,17.0,8.9,3143.0,9.2,250
306,"['April 22, 2007']",['Yoshiyuki Suga'],"['Miho Shiraishi', 'Kumiko Fukuzawa']",['Kazuyuki Igai'],['Keisuke Ōnishi'],9.7,4,17.0,8.1,1294.0,9.2,251
307,"['April 29, 2007']",['Koga Naoki'],"['Miyuki Sato', 'Michiyo Kawasaki']",['Takeo Ide'],['Hiroyuki Kakudō'],10.5,5,1.0,8.3,1587.0,9.2,239
308,"['May 6, 2007']",['Yoshiyuki Suga'],"['Miyuki Sato', 'Hiromitsu Shiozaki']",['Masayuki Takagi'],['Hiroyuki Satō'],10.5,4,18.0,9.0,3296.0,9.4,251
309,"['May 13, 2007']",['Koga Naoki'],"['Miho Shiraishi', 'Kumiko Fukuzawa']","['Katsumi Ishizuka', 'Naoki Tate']",['Makoto Sonoda'],7.7,8,19.0,9.7,22543.0,9.6,474
310,"['May 20, 2007']",['Yoshiyuki Suga'],"['Miyuki Sato', 'Michiyo Kawasaki']",['Kazuya Hisada'],['Yoshihiro Ueda'],9.5,5,17.0,9.2,3569.0,9.2,347
311,"['May 27, 2007']",['Koga Naoki'],"['Miyuki Sato', 'Hiromitsu Shiozaki']",['Naoki Tate'],['Hiroyuki Satō'],9.3,5,17.0,9.0,3276.0,9.4,336
312,"['June 3, 2007']",['Yoshiyuki Suga'],"['Miho Shiraishi', 'Michiyo Kawasaki']",['Eisaku Inoue'],['Katsumi Tokoro'],10.1,3,17.0,9.7,22087.0,9.6,892
313,"['June 10, 2007']",['Koga Naoki'],"['Miyuki Sato', 'Kumiko Fukuzawa']",['Kenji Yokoyama'],['Hiroaki Miyamoto'],9.9,4,17.0,8.7,2299.0,9.4,307
314,"['June 17, 2007']",['Yoshiyuki Suga'],"['Miyuki Sato', 'Hiromitsu Shiozaki']",['Takeo Ide'],['Hiroyuki Kakudō'],8.8,4,17.0,9.2,3577.0,9.4,351
315,"['June 24, 2007']",['Koga Naoki'],"['Miho Shiraishi', 'Michiyo Kawasaki']",['Masahiro Shimanuki'],['Yoko Ikeda'],10.4,5,16.0,8.3,1577.0,9.4,320
316,"['July 1, 2007']",['Hirohiko Kamisaka'],"['Miyuki Sato', 'Kumiko Fukuzawa']",['Masayuki Takagi'],['Takahiro Imamura'],9.1,6,21.0,9.2,3690.0,9.2,301
317,"['July 8, 2007']",['Hirohiko Kamisaka'],"['Miyuki Sato', 'Hiromitsu Shiozaki']","['Kenji Yokoyama', 'Takeo Ide', 'Masahiro Shimanuki', 'Katsumi Ishizuka']",['Yoshihiro Ueda'],8.4,7,0.0,6.3,956.0,7.8,175
318,"['July 15, 2007']",['Koga Naoki'],"['Miho Shiraishi', 'Michiyo Kawasaki']",['Kazuyuki Igai'],['Keisuke Ōnishi'],10.2,4,0.0,6.2,1004.0,8.6,213
319,"['July 22, 2007']",['Yoshiyuki Suga'],"['Miyuki Sato', 'Kumiko Fukuzawa']",['Naoki Tate'],['Makoto Sonoda'],9.0,6,2.0,6.7,937.0,8.8,179
320,"['August 19, 2007']",['Yoshiyuki Suga'],"['Miho Shiraishi', 'Michiyo Kawasaki']",['Kenji Yokoyama'],['Hiroyuki Kakudō'],9.8,5,10.0,8.1,1290.0,9.2,311
321,"['August 26, 2007']",['Hirohiko Kamisaka'],"['Miyuki Sato', 'Hiromitsu Shiozaki']",['Kazuya Hisada'],['Naoyuki Itō'],7.3,8,17.0,7.9,1207.0,9.2,256
322,"['September 2, 2007']",['Yoshiyuki Suga'],"['Miyuki Sato', 'Michiyo Kawasaki']",['Takeo Ide'],['Yoshihiro Ueda'],7.3,8,17.0,8.0,1229.0,9.2,288
323,"['September 9, 2007']",['Yoshiyuki Suga'],"['Miho Shiraishi', 'Kumiko Fukuzawa']",['Masahiro Shimanuki'],['Katsumi Tokoro'],8.4,5,17.0,8.5,1457.0,9.4,319
324,"['September 16, 2007']",['Koga Naoki'],"['Miyuki Sato', 'Hiromitsu Shiozaki']",['Masayuki Takagi'],['Tetsuya Endō'],9.9,6,25.0,8.2,1371.0,9.4,293
325,"['September 23, 2007']",['Hirohiko Kamisaka'],"['Miyuki Sato', 'Michiyo Kawasaki']",['Eisaku Inoue'],['Yoko Ikeda'],8.8,6,26.0,9.3,3775.0,9.2,554
326,"['October 14, 2007']",['Hirohiko Kamisaka'],"['Miho Shiraishi', 'Kumiko Fukuzawa']","['Naoki Tate', 'Naoki Murakami']",['Munehisa Sakai'],8.3,3,1.0,6.7,865.0,8.4,247
327,"['October 21, 2007']",['Yoshiyuki Suga'],"['Miyuki Sato', 'Hiromitsu Shiozaki']",['Kenji Yokoyama'],['Hiroaki Miyamoto'],8.7,4,0.0,6.3,875.0,8.2,160
328,"['October 28, 2007']",['Koga Naoki'],"['Miyuki Sato', 'Michiyo Kawasaki']",['Kazuya Hisada'],['Takahiro Imamura'],6.5,8,0.0,6.4,869.0,8.2,160
329,"['November 4, 2007']",['Takuya Masumoto'],"['Miho Shiraishi', 'Kumiko Fukuzawa']",['Takeo Ide'],['Hiroyuki Satō'],7.0,6,0.0,6.5,854.0,8.0,161
330,"['November 11, 2007']",['Tsuyoshi Sakurai'],"['Miyuki Sato', 'Hiromitsu Shiozaki']",['Masayuki Fujita'],['Sumio Watanabe'],8.2,5,0.0,6.3,835.0,7.8,180
331,"['November 18, 2007']",['Isao Murayama'],"['Miyuki Sato', 'Shouji Tokiwa']",['Masahiro Shimanuki'],['Hiroyuki Satō'],8.5,6,0.0,6.4,827.0,8.0,156
332,"['November 25, 2007']",['Yōichi Takahashi'],"['Miho Shiraishi', 'Michiyo Kawasaki']",['Masayuki Takagi'],['Katsumi Tokoro'],9.1,4,0.0,6.5,827.0,8.0,176
333,"['December 2, 2007']",['Yoshiyuki Suga'],"['Miyuki Sato', 'Kumiko Fukuzawa']",['Naoki Murakami'],['Tetsuya Endō'],7.3,7,0.0,6.3,831.0,8.0,159
334,"['December 9, 2007']",['Yoshiyuki Suga'],"['Miyuki Sato', 'Hiromitsu Shiozaki']",['Masayuki Fujita'],['Sumio Watanabe'],7.5,6,0.0,6.6,816.0,8.4,143
335,"['December 16, 2007']",['Koga Naoki'],"['Miyuki Sato', 'Shouji Tokiwa']",['Kenji Yokoyama'],['Hiroaki Miyamoto'],9.8,4,0.0,6.6,824.0,8.4,161
336,"['December 23, 2007']",['Takuya Masumoto'],"['Miho Shiraishi', 'Ryūji Yoshiike']",['Eisaku Inoue'],['Gō Koga'],8.9,5,0.0,5.2,1133.0,7.6,240
337,"['January 6, 2008']",['Hirohiko Kamisaka'],"['Miyuki Sato', 'Hiromitsu Shiozaki']",['Takeo Ide'],['Yoshihiro Ueda'],6.5,4,15.0,8.2,1373.0,9.2,369
338,"['January 13, 2008']",['Tsuyoshi Sakurai'],"['Miyuki Sato', 'Kumiko Fukuzawa']",['Kazuya Hisada'],['Hiroyuki Satō'],7.9,6,15.0,8.1,1242.0,9.4,339
339,"['January 20, 2008']",['Takuya Masumoto'],"['Miyuki Sato', 'Shouji Tokiwa']",['Masayuki Fujita'],['Sumio Watanabe'],8.8,7,1.0,7.5,1120.0,9.0,278
340,"['January 27, 2008']",['Yoshiyuki Suga'],"['Miyuki Sato', 'Hiromitsu Shiozaki']",['Masayuki Takagi'],['Katsumi Tokoro'],7.8,7,26.0,7.5,1099.0,8.8,331
341,"['February 3, 2008']",['Isao Murayama'],"['Miho Shiraishi', 'Michiyo Kawasaki']",['Naoki Murakami'],['Tetsuya Endō'],7.2,8,7.0,7.6,1117.0,8.8,316
342,"['February 10, 2008']",['Tsuyoshi Sakurai'],"['Miyuki Sato', 'Kumiko Fukuzawa']",['Katsumi Ishizuka'],['Hiroshi Matsuzaka'],8.7,7,18.0,7.5,1110.0,8.8,283
343,"['February 17, 2008']",['Koga Naoki'],"['Miyuki Sato', 'Shouji Tokiwa']",['Kenji Yokoyama'],['Yoshihiro Ueda'],7.2,9,14.0,7.6,1069.0,8.6,269
344,"['February 24, 2008']",['Hirohiko Kamisaka'],"['Miho Shiraishi', 'Hiromitsu Shiozaki']",['Takeo Ide'],['Hiroyuki Satō'],9.0,4,17.0,7.5,1102.0,8.6,247
345,"['March 2, 2008']",['Yoshiyuki Suga'],"['Miyuki Sato', 'Michiyo Kawasaki']",['Masayuki Fujita'],['Sumio Watanabe'],7.8,7,17.0,7.0,1065.0,8.4,296
346,"['March 9, 2008']",['Takuya Masumoto'],"['Miyuki Sato', 'Kumiko Fukuzawa']",['Masayuki Takagi'],['Katsumi Tokoro'],9.4,6,17.0,7.5,1055.0,8.6,240
347,"['March 16, 2008']",['Koga Naoki'],"['Miho Shiraishi', 'Shouji Tokiwa']",['Eisaku Inoue'],['Hiroaki Miyamoto'],8.5,8,17.0,7.4,1052.0,8.8,251
348,"['March 23, 2008']",['Isao Murayama'],"['Miyuki Sato', 'Hiromitsu Shiozaki']",['Kazuya Hisada'],['Hiroyuki Satō'],8.5,4,14.0,7.7,1076.0,9.0,268
349,"['March 30, 2008']",['Yoshiyuki Suga'],"['Miho Shiraishi', 'Michiyo Kawasaki']",['Naoki Murakami'],['Yutaka Nakashima'],8.0,4,17.0,7.8,1084.0,8.8,243
350,"['April 20, 2008']",['Tsuyoshi Sakurai'],"['Miyuki Sato', 'Shouji Tokiwa']",['Kenji Yokoyama'],['Tetsuya Endō'],8.7,4,17.0,7.7,1065.0,8.8,342
351,"['April 27, 2008']",['Takuya Masumoto'],"['Miyuki Sato', 'Kumiko Fukuzawa']",['Takeo Ide'],['Yoshihiro Ueda'],6.4,8,15.0,7.5,1059.0,8.6,239
352,"['May 4, 2008']",['Yoshiyuki Suga'],"['Ryūji Yoshiike', 'Shouji Tokiwa']",['Masayuki Fujita'],['Sumio Watanabe'],5.9,8,11.0,7.6,1065.0,8.8,223
353,"['May 11, 2008']",['Hirohiko Kamisaka'],"['Miyuki Sato', 'Hiromitsu Shiozaki']","['Katsumi Ishizuka', 'Kazuya Hisada', 'Kenji Matsuoka']",['Hiroshi Matsuzaka'],8.7,4,4.0,8.3,1231.0,9.4,324
354,"['May 18, 2008']",['Hirohiko Kamisaka'],['Miho Shiraishi'],['Kenji Yokoyama'],['Takahiro Imamura'],8.4,7,6.0,7.2,1064.0,8.4,246
355,"['May 25, 2008']",['Koga Naoki'],"['Miyuki Sato', 'Michiyo Kawasaki']",['Masayuki Takagi'],['Katsumi Tokoro'],8.1,7,17.0,7.6,1064.0,8.8,258
356,"['June 1, 2008']",['Takuya Masumoto'],"['Ryūji Yoshiike', 'Shouji Tokiwa']",['Kazuya Hisada'],['Yutaka Nakashima'],6.4,6,17.0,7.7,1058.0,8.8,243
357,"['June 8, 2008']",['Tsuyoshi Sakurai'],"['Miyuki Sato', 'Kumiko Fukuzawa']",['Eisaku Inoue'],['Tetsuya Endō'],9.3,4,18.0,7.8,1090.0,9.0,232
358,"['June 15, 2008']",['Yoshiyuki Suga'],"['Ryūji Yoshiike', 'Hiromitsu Shiozaki']",['Masayuki Fujita'],['Sumio Watanabe'],6.3,5,5.0,7.6,1057.0,9.0,232
359,"['June 22, 2008']",['Takuya Masumoto'],"['Ryūji Yoshiike', 'Shouji Tokiwa']",['Masahiro Shimanuki'],['Yoshihiro Ueda'],8.4,6,455.0,7.5,1093.0,8.6,242
360,"['June 29, 2008']",['Hirohiko Kamisaka'],"['Miho Shiraishi', 'Michiyo Kawasaki']",['Kenji Yokoyama'],['Makoto Sonoda'],8.8,4,17.0,7.7,1077.0,9.0,330
361,"['July 6, 2008']",['Koga Naoki'],"['Miyuki Sato', 'Kumiko Fukuzawa']",['Naoki Tate'],['Tetsuya Endō'],8.3,3,13.0,7.8,1098.0,9.2,295
362,"['July 13, 2008']",['Yoshiyuki Suga'],"['Ryūji Yoshiike', 'Hiromitsu Shiozaki']",['Takeo Ide'],['Yoshihiro Ueda'],7.8,6,3.0,8.2,1233.0,9.2,272
363,"['July 20, 2008']",['Hirohiko Kamisaka'],"['Miyuki Sato', 'Shouji Tokiwa']",['Masayuki Takagi'],['Yutaka Nakashima'],6.0,8,17.0,7.6,1056.0,8.8,256
364,"['August 3, 2008']",['Takuya Masumoto'],"['Ryūji Yoshiike', 'Michiyo Kawasaki']",['Naoki Murakami'],['Yukihiko Nakao'],6.9,7,17.0,7.2,1052.0,8.8,236
365,"['August 10, 2008']",['Koga Naoki'],"['Miyuki Sato', 'Kumiko Fukuzawa']",['Masayuki Fujita'],['Sumio Watanabe'],5.6,7,18.0,7.5,1047.0,8.8,264
366,"['August 17, 2008']",['Tsuyoshi Sakurai'],"['Ryūji Yoshiike', 'Hiromitsu Shiozaki']",['Kazuya Hisada'],['Tetsuya Endō'],6.6,8,14.0,7.4,1048.0,8.8,238
367,"['August 24, 2008']",['Takuya Masumoto'],"['Ryūji Yoshiike', 'Hidenori Nakahara']",['Eisaku Inoue'],['Hiroyuki Satō'],8.4,7,17.0,8.0,1124.0,9.2,311
368,"['August 31, 2008']",['Yoshiyuki Suga'],"['Miyuki Sato', 'Shouji Tokiwa']",['Kenji Yokoyama'],['Hiroshi Matsuzaka'],7.2,5,17.0,7.9,1125.0,9.2,255
369,"['September 7, 2008']",['Hirohiko Kamisaka'],"['Ryūji Yoshiike', 'Michiyo Kawasaki']",['Naoki Tate'],['Makoto Sonoda'],7.8,6,17.0,8.1,1132.0,9.0,236
370,"['September 14, 2008']",['Koga Naoki'],"['Miyuki Sato', 'Kumiko Fukuzawa']",['Masayuki Takagi'],['Tetsuya Endō'],9.3,5,22.0,7.9,1119.0,9.0,273
371,"['September 21, 2008']",['Takuya Masumoto'],"['Miyuki Sato', 'Hiromitsu Shiozaki']",['Naoki Murakami'],['Yukihiko Nakao'],8.1,5,9.0,8.0,1126.0,8.8,213
372,"['September 28, 2008']",['Yoshiyuki Suga'],"['Ryūji Yoshiike', 'Hidenori Nakahara']",['Masayuki Fujita'],['Sumio Watanabe'],7.3,4,17.0,9.0,2971.0,9.2,285
373,"['October 5, 2008']",['Tsuyoshi Sakurai'],['Miyuki Sato'],['Takeo Ide'],['Yutaka Nakashima'],8.2,3,17.0,8.9,2686.0,9.2,252
374,"['October 12, 2008']",['Hirohiko Kamisaka'],['Ryūji Yoshiike'],['Kazuya Hisada'],['Naoyuki Itō'],6.5,3,5.0,8.5,1637.0,9.0,241
375,"['October 19, 2008']",['Koga Naoki'],['Miyuki Sato'],['Masayuki Fujita'],['Kiichi Suzuno'],8.2,5,17.0,8.2,1354.0,9.0,270
376,"['November 9, 2008']",['Takuya Masumoto'],['Ryūji Yoshiike'],['Kenji Yokoyama'],['Hiroyuki Satō'],8.4,6,17.0,9.1,3301.0,9.2,293
377,"['November 16, 2008']",['Takuya Masumoto'],['Miyuki Sato'],['Eisaku Inoue'],['Tetsuya Endō'],9.8,4,17.0,9.8,65062.0,9.8,786
378,"['November 23, 2008']",['Yoshiyuki Suga'],['Ryūji Yoshiike'],['Naoki Tate'],['Makoto Sonoda'],8.0,6,17.0,8.3,1419.0,9.4,353
379,"['November 30, 2008']",['Isao Murayama'],['Miyuki Sato'],['Naoki Murakami'],['Hiroshi Matsuzaka'],10.2,3,10.0,8.2,1282.0,9.0,275
380,"['December 7, 2008']",['Tsuyoshi Sakurai'],['Miho Shiraishi'],['Masayuki Takagi'],['Hiroyuki Satō'],9.2,5,23.0,9.3,3945.0,9.4,513
381,"['December 14, 2008']",['Koga Naoki'],['Miyuki Sato'],['Masahiro Shimanuki'],['Yutaka Nakashima'],7.1,7,17.0,8.3,1265.0,9.2,396
382,"['December 21, 2008']",['Takuya Masumoto'],['Ryūji Yoshiike'],['Takeo Ide'],['Tetsuya Endō'],7.0,7,0.0,6.3,854.0,8.4,234
383,"['December 28, 2008']",['Takuya Masumoto'],['Ryūji Yoshiike'],['Yukiko Nakatani'],['Makoto Sonoda'],6.8,4,0.0,6.3,850.0,8.2,197
384,"['January 11, 2009']",['Yoshiyuki Suga'],['Miho Shiraishi'],['Kenji Yokoyama'],['Naoyuki Itō'],7.7,5,0.0,7.3,933.0,9.0,294
385,"['January 18, 2009']",['Isao Murayama'],"['Miyuki Sato', 'Shouji Tokiwa']",['Kazuya Hisada'],['Yutaka Nakashima'],9.0,4,11.0,7.5,1113.0,8.8,293
386,"['January 25, 2009']",['Koga Naoki'],['Ryūji Yoshiike'],['Masayuki Fujita'],['Sumio Watanabe'],7.7,7,18.0,7.4,1076.0,8.8,266
387,"['February 1, 2009']",['Tsuyoshi Sakurai'],['Miyuki Sato'],['Shigefumi Shingaki'],['Yukihiko Nakao'],8.7,5,17.0,7.3,1062.0,9.0,242
388,"['February 8, 2009']",['Yoshiyuki Suga'],"['Ryūji Yoshiike', 'Miho Shiraishi']",['Naoki Tate'],['Yoshihiro Ueda'],7.2,6,15.0,7.6,1074.0,9.2,341
389,"['February 15, 2009']",['Yoshiyuki Suga'],['Miho Shiraishi'],['Masayuki Takagi'],['Katsumi Tokoro'],8.4,5,19.0,7.7,1098.0,8.8,285
390,"['February 22, 2009']",['Hirohiko Kamisaka'],['Ryūji Yoshiike'],['Masahiro Shimanuki'],['Hiroaki Miyamoto'],8.7,7,17.0,7.6,1188.0,8.8,271
391,"['March 1, 2009']",['Jin Tanaka'],['Miyuki Sato'],['Kenji Yokoyama'],['Yukihiko Nakao'],9.4,5,17.0,7.9,1396.0,9.0,261
392,"['March 8, 2009']",['Hirohiko Kamisaka'],['Ryūji Yoshiike'],['Takeo Ide'],['Hiroyuki Satō'],9.1,4,17.0,8.3,1613.0,9.2,337
393,"['March 15, 2009']",['Yoshiyuki Suga'],['Miho Shiraishi'],['Kazuya Hisada'],['Tetsuya Endō'],9.5,5,17.0,8.2,1532.0,9.0,280
394,"['March 29, 2009']",['Jin Tanaka'],['Ryūji Yoshiike'],['Yukiko Nakatani'],['Makoto Sonoda'],8.1,5,17.0,8.1,1436.0,9.4,272
395,"['April 5, 2009']",['Yoshiyuki Suga'],['Miho Shiraishi'],['Shigefumi Shingaki'],['Yutaka Nakashima'],9.9,5,17.0,8.3,1586.0,9.0,277
396,"['April 12, 2009']",['Hirohiko Kamisaka'],['Ryūji Yoshiike'],['Naoki Tate'],['Katsumi Tokoro'],8.8,4,17.0,9.7,16459.0,9.8,618
397,"['April 19, 2009']",['Jin Tanaka'],['Miho Shiraishi'],['Masayuki Takagi'],['Yoshihiro Ueda'],10.1,3,17.0,9.3,4365.0,9.4,352
398,"['April 26, 2009']",['Yoshiyuki Suga'],['Ryūji Yoshiike'],['Masayuki Fujita'],['Sumio Watanabe'],11.7,3,17.0,9.1,3236.0,9.4,327
399,"['May 3, 2009']",['Hirohiko Kamisaka'],['Miyuki Sato'],['Masahiro Shimanuki'],['Yukihiko Nakao'],9.4,4,17.0,9.1,3233.0,9.2,322
400,"['May 10, 2009']",['Yoshiyuki Suga'],['Miho Shiraishi'],['Kenji Yokoyama'],['Katsumi Tokoro'],10.4,4,23.0,9.4,4508.0,9.4,747
401,"['May 17, 2009']",['Jin Tanaka'],['Ryūji Yoshiike'],['Katsumi Ishizuka'],['Yutaka Nakashima'],10.6,4,6.0,9.1,3211.0,9.2,337
402,"['May 24, 2009']",['Yoshiyuki Suga'],['Miho Shiraishi'],['Takeo Ide'],['Tetsuya Endō'],9.8,5,25.0,9.1,3284.0,9.4,306
403,"['May 31, 2009']",['Yoshiyuki Suga'],['Miyuki Sato'],['Shigefumi Shingaki'],['Yoshihiro Ueda'],9.3,6,21.0,9.2,3374.0,9.6,309
404,"['June 7, 2009']",['Hirohiko Kamisaka'],['Ryūji Yoshiike'],['Naoki Tate'],['Makoto Sonoda'],10.0,5,3.0,9.6,6901.0,9.6,425
405,"['June 14, 2009']",['Hirohiko Kamisaka'],['Miho Shiraishi'],['Masayuki Takagi'],['Hiroaki Miyamoto'],10.0,5,17.0,9.8,55792.0,9.6,871
406,"['June 21, 2009']",['Jin Tanaka'],['Miyuki Sato'],['Kenji Yokoyama'],['Tetsuya Endō'],10.4,5,0.0,5.6,997.0,7.2,202
407,"['June 28, 2009']",['Jin Tanaka'],['Miyuki Sato'],['Masahiro Shimanuki'],['Naoyuki Itō'],9.4,5,0.0,5.6,981.0,8.0,176
408,"['July 5, 2009']",['Hirohiko Kamisaka'],['Miho Shiraishi'],['Toshio Deguchi'],['Yoshihiro Ueda'],10.6,4,17.0,7.5,1213.0,9.0,363
409,"['July 12, 2009']",['Jin Tanaka'],['Ryūji Yoshiike'],['Takeo Ide'],['Katsumi Tokoro'],11.7,2,17.0,7.7,1268.0,8.8,261
410,"['July 19, 2009']",['Yoshiyuki Suga'],['Miyuki Sato'],['Shigefumi Shingaki'],['Yutaka Nakashima'],10.6,4,16.0,7.7,1259.0,8.8,288
411,"['August 2, 2009']",['Jin Tanaka'],['Miho Shiraishi'],['Naoki Tate'],['Yukihiko Nakao'],10.1,5,17.0,7.8,1378.0,8.8,252
412,"['August 9, 2009']",['Yoshiyuki Suga'],['Ryūji Yoshiike'],['Kazuya Hisada'],['Gō Koga'],8.6,5,17.0,8.3,1835.0,9.2,271
413,"['August 16, 2009']",['Jin Tanaka'],['Miyuki Sato'],['Yukiko Nakatani'],['Sumio Watanabe'],9.7,2,17.0,8.9,2906.0,9.0,304
414,"['August 23, 2009']",['Yoshiyuki Suga'],['Miho Shiraishi'],['Kenji Yokoyama'],['Yutaka Nakashima'],11.0,4,17.0,8.7,1997.0,9.0,265
415,"['August 30, 2009']",['Jin Tanaka'],['Ryūji Yoshiike'],['Masayuki Takagi'],['Yoshihiro Ueda'],8.9,5,17.0,8.9,2679.0,9.4,358
416,"['September 6, 2009']",['Yoshiyuki Suga'],['Miyuki Sato'],['Toshio Deguchi'],['Katsumi Tokoro'],11.1,6,12.0,8.6,1916.0,9.4,285
417,"['September 13, 2009']",['Yoshiyuki Suga'],['Miho Shiraishi'],['Shigefumi Shingaki'],['Naoyuki Itō'],11.2,4,4.0,8.5,1941.0,9.4,351
418,"['September 20, 2009']",['Jin Tanaka'],['Ryūji Yoshiike'],['Kazuya Hisada'],['Tetsuya Endō'],9.2,4,3.0,7.4,1053.0,9.0,314
419,"['September 27, 2009']",['Yoshiyuki Suga'],['Miyuki Sato'],['Katsumi Ishizuka'],['Yutaka Nakashima'],9.7,4,1.0,6.9,1060.0,8.6,278
420,"['October 4, 2009']",['Jin Tanaka'],['Miho Shiraishi'],['Naoki Tate'],['Gō Koga'],9.3,3,1.0,7.4,1032.0,9.0,300
421,"['October 11, 2009']",['Yoshiyuki Suga'],['Miyuki Sato'],['Kenji Yokoyama'],['Katsumi Tokoro'],12.0,2,1.0,7.5,1041.0,9.0,313
422,"['October 18, 2009']",['Yoshiyuki Suga'],['Ryūji Yoshiike'],['Toshio Deguchi'],['Yoshihiro Ueda'],9.7,6,17.0,7.9,1096.0,9.2,277
423,"['October 25, 2009']",['Jin Tanaka'],['Miho Shiraishi'],['Masayuki Takagi'],['Yutaka Nakashima'],10.4,4,14.0,7.9,1128.0,9.2,288
424,"['November 1, 2009']",['Jin Tanaka'],['Miyuki Sato'],['Atsuko Kawamura'],['Tetsuya Endō'],10.3,2,17.0,7.8,1063.0,9.0,260
425,"['November 8, 2009']",['Yoshiyuki Suga'],['Ryūji Yoshiike'],['Yukiko Nakatani'],['Sumio Watanabe'],10.3,6,14.0,7.7,1057.0,9.0,268
426,"['November 15, 2009']",['Hirohiko Kamisaka'],['Miho Shiraishi'],['Shigefumi Shingaki'],['Hiroaki Miyamoto'],11.9,2,0.0,6.4,805.0,8.2,210
427,"['November 22, 2009']",['Hirohiko Kamisaka'],['Miyuki Sato'],['Kenji Yokoyama'],['Tetsuya Endō'],11.3,4,0.0,6.2,798.0,8.0,191
428,"['November 29, 2009']",['Hirohiko Kamisaka'],['Ryūji Yoshiike'],['Toshio Deguchi'],['Katsumi Tokoro'],12.2,3,0.0,6.2,798.0,7.6,154
429,"['December 6, 2009']",['Hirohiko Kamisaka'],['Miho Shiraishi'],['Naoki Tate'],['Naoyuki Itō'],10.4,5,0.0,6.2,792.0,7.8,172
430,"['December 13, 2009']",['Yoshiyuki Suga'],['Miyuki Sato'],['Megumi Yamashita'],['Yoshihiro Ueda'],10.9,4,3.0,7.8,1057.0,8.4,287
431,"['December 20, 2009']",['Jin Tanaka'],['Ryūji Yoshiike'],['Yukiko Nakatani'],['Sumio Watanabe'],10.4,3,16.0,7.6,1023.0,9.0,278
432,"['December 27, 2009']",['Hirohiko Kamisaka'],['Miho Shiraishi'],['Masayuki Takagi'],['Yutaka Nakashima'],10.5,3,18.0,7.9,1130.0,9.2,303
433,"['January 10, 2010']",['Hirohiko Kamisaka'],['Miyuki Sato'],['Atsuko Kawamura'],['Tetsuya Endō'],10.2,5,16.0,8.0,1232.0,9.2,264
434,"['January 17, 2010']",['Jin Tanaka'],['Ryūji Yoshiike'],['Takeo Ide'],['Katsumi Tokoro'],10.3,3,17.0,7.6,1080.0,9.0,251
435,"['January 24, 2010']",['Yoshiyuki Suga'],['Miho Shiraishi'],['Kenji Yokoyama'],['Takahiro Imamura'],10.6,4,18.0,8.1,1352.0,9.2,278
436,"['January 31, 2010']",['Jin Tanaka'],['Miyuki Sato'],['Shigefumi Shingaki'],['Hiroaki Miyamoto'],10.7,3,9.0,8.3,1480.0,9.2,256
437,"['February 7, 2010']",['Yoshiyuki Suga'],['Ryūji Yoshiike'],['Katsumi Ishizuka'],['Yoshihiro Ueda'],10.7,4,7.0,8.1,1505.0,9.2,242
438,"['February 14, 2010']",['Hirohiko Kamisaka'],['Miho Shiraishi'],['Toshio Deguchi'],['Yoshihiro Ueda'],11.6,5,7.0,7.5,1076.0,8.8,277
439,"['February 21, 2010']",['Hirohiko Kamisaka'],['Miyuki Sato'],['Naoki Tate'],['Tetsuya Endō'],11.9,3,9.0,7.2,1114.0,8.6,266
440,"['February 28, 2010']",['Yoshiyuki Suga'],['Ryūji Yoshiike'],['Megumi Yamashita'],['Yutaka Nakashima'],11.9,3,11.0,7.8,1145.0,9.2,306
441,"['March 7, 2010']",['Jin Tanaka'],['Miho Shiraishi'],['Masayuki Takagi'],['Katsumi Tokoro'],13.0,3,14.0,7.9,1119.0,9.2,251
442,"['March 14, 2010']",['Jin Tanaka'],['Miyuki Sato'],['Yukiko Nakatani'],['Sumio Watanabe'],12.0,3,13.0,8.2,1168.0,9.4,253
443,"['March 21, 2010']",['Yoshiyuki Suga'],['Ryūji Yoshiike'],['Kenji Yokoyama'],['Tetsuya Endō'],12.1,3,15.0,8.2,1157.0,9.2,295
444,"['March 28, 2010']",['Hirohiko Kamisaka'],['Miho Shiraishi'],['Atsuko Kawamura'],['Takahiro Imamura'],12.2,2,2.0,8.2,1225.0,9.0,288
445,"['April 4, 2010']",['Yoshiyuki Suga'],['Miyuki Sato'],['Takeo Ide'],['Yoshihiro Ueda'],11.9,3,7.0,7.7,1081.0,8.8,262
446,"['April 11, 2010']",['Jin Tanaka'],['Ryūji Yoshiike'],['Toshio Deguchi'],['Yutaka Nakashima'],13.8,3,11.0,8.4,1452.0,9.2,292
447,"['April 18, 2010']",['Yoshiyuki Suga'],['Miho Shiraishi'],['Katsumi Ishizuka'],['Makoto Sonoda'],12.9,2,14.0,9.0,3310.0,9.2,284
448,"['April 25, 2010']",['Yoshiyuki Suga'],['Miyuki Sato'],['Naoki Tate'],['Tetsuya Endō'],13.5,2,15.0,7.9,1291.0,8.6,242
449,"['May 2, 2010']",['Jin Tanaka'],['Ryūji Yoshiike'],['Masayuki Takagi'],['Hiroyuki Satō'],11.0,2,15.0,8.2,1334.0,9.2,240
450,"['May 9, 2010']",['Hirohiko Kamisaka'],['Miho Shiraishi'],['Kenji Yokoyama'],['Katsumi Tokoro'],12.5,2,18.0,8.9,2684.0,9.2,372
451,"['May 16, 2010']",['Yoshiyuki Suga'],['Miyuki Sato'],['Megumi Yamashita'],['Takahiro Imamura'],13.9,2,17.0,9.3,4023.0,9.4,439
452,"['May 23, 2010']",['Jin Tanaka'],['Ryūji Yoshiike'],['Toshio Deguchi'],['Yoshihiro Ueda'],13.0,3,15.0,7.9,1199.0,9.0,290
453,"['May 30, 2010']",['Jin Tanaka'],['Miho Shiraishi'],['Takeo Ide'],['Aya Komaki'],13.8,2,555.0,7.0,1010.0,8.6,237
454,"['June 6, 2010']",['Yoshiyuki Suga'],['Miyuki Sato'],['Atsuko Kawamura'],['Yutaka Nakashima'],11.8,3,543.0,6.2,1079.0,7.0,362
455,"['June 13, 2010']",['Hirohiko Kamisaka'],['Miho Shiraishi'],['Naoki Tate'],['Gō Koga'],11.1,3,545.0,7.0,992.0,7.8,216
456,"['June 20, 2010']",['Hirohiko Kamisaka'],['Miyuki Sato'],['Shigefumi Shingaki'],['Katsumi Tokoro'],12.7,2,557.0,7.0,1011.0,6.8,315
457,"['June 27, 2010']",['Hirohiko Kamisaka'],['Ryūji Yoshiike'],['Katsumi Ishizuka'],['Makoto Sonoda'],10.5,3,0.0,6.7,970.0,7.4,209
458,"['July 11, 2010']",['Hirohiko Kamisaka'],['Miho Shiraishi'],['Masayuki Takagi'],['Hiroyuki Satō'],12.0,3,0.0,6.7,1078.0,8.0,191
459,"['July 18, 2010']",['Yoshiyuki Suga'],['Ryūji Yoshiike'],['Kenji Yokoyama'],['Hiroaki Miyamoto'],10.7,3,19.0,9.2,3942.0,9.6,390
460,"['August 1, 2010']",['Jin Tanaka'],['Miyuki Sato'],['Toshio Deguchi'],['Takahiro Imamura'],10.4,3,13.0,9.3,3873.0,9.4,334
461,"['August 8, 2010']",['Jin Tanaka'],['Miho Shiraishi'],['Yukiko Nakatani'],['Sumio Watanabe'],10.2,2,2.0,9.3,4258.0,9.4,308
462,"['August 15, 2010']",['Yoshiyuki Suga'],['Ryūji Yoshiike'],['Megumi Yamashita'],['Yoshihiro Ueda'],10.4,2,14.0,9.2,3671.0,9.2,288
463,"['August 22, 2010']",['Hirohiko Kamisaka'],['Miyuki Sato'],['Masahiro Shimanuki'],['Yutaka Nakashima'],10.8,3,2.0,9.3,3837.0,9.4,326
464,"['August 29, 2010']",['Jin Tanaka'],['Miho Shiraishi'],['Katsumi Ishizuka'],['Katsumi Tokoro'],9.4,3,541.0,9.2,3622.0,9.0,350
465,"['September 5, 2010']",['Yoshiyuki Suga'],['Ryūji Yoshiike'],['Takeo Ide'],['Aya Komaki'],10.1,3,15.0,9.4,4022.0,9.6,365
466,"['September 12, 2010']",['Hirohiko Kamisaka'],['Miyuki Sato'],['Kenji Yokoyama'],['Gō Koga'],10.9,3,15.0,9.5,5055.0,8.8,301
467,"['September 19, 2010']",['Jin Tanaka'],['Miho Shiraishi'],['Atsuko Kawamura'],['Naoyuki Itō'],10.6,3,15.0,9.4,4137.0,9.6,314
468,"['September 26, 2010']",['Yoshiyuki Suga'],['Ryūji Yoshiike'],['Shigefumi Shingaki'],['Makoto Sonoda'],9.0,4,15.0,9.3,3719.0,9.4,276
469,"['October 3, 2010']",['Hirohiko Kamisaka'],['Miyuki Sato'],['Masayuki Takagi'],['Yoshihiro Ueda'],11.7,3,15.0,9.1,3704.0,9.2,286
470,"['October 10, 2010']",['Yoshiyuki Suga'],['Miho Shiraishi'],['Megumi Yamashita'],['Takahiro Imamura'],12.4,3,15.0,9.2,3674.0,9.2,301
471,"['October 17, 2010']",['Jin Tanaka'],['Ryūji Yoshiike'],['Toshio Deguchi'],['Yutaka Nakashima'],9.8,3,15.0,9.2,3508.0,9.4,266
472,"['October 24, 2010']",['Hirohiko Kamisaka'],['Miyuki Sato'],['Yukiko Nakatani'],['Sumio Watanabe'],11.9,3,15.0,9.3,3822.0,9.2,305
473,"['October 31, 2010']",['Jin Tanaka'],['Miho Shiraishi'],['Kazuya Hisada'],['Hiroaki Miyamoto'],10.3,4,15.0,9.2,3579.0,9.2,256
474,"['November 7, 2010']",['Yoshiyuki Suga'],['Ryūji Yoshiike'],['Eisaku Inoue'],['Aya Komaki'],10.5,1,15.0,9.6,7305.0,9.6,347
475,"['November 14, 2010']",['Hirohiko Kamisaka'],['Miyuki Sato'],['Kenji Yokoyama'],['Katsumi Tokoro'],11.9,3,16.0,9.3,3948.0,9.4,296
476,"['November 21, 2010']",['Jin Tanaka'],['Miho Shiraishi'],['Katsumi Ishizuka'],['Yoshihiro Ueda'],9.8,5,16.0,9.3,3685.0,9.2,253
477,"['November 28, 2010']",['Yoshiyuki Suga'],['Ryūji Yoshiike'],['Shigefumi Shingaki'],['Naoyuki Itō'],13.0,3,13.0,9.2,3507.0,9.0,246
478,"['December 5, 2010']",['Hirohiko Kamisaka'],['Miyuki Sato'],['Atsuko Kawamura'],['Gō Koga'],10.7,4,13.0,9.4,4425.0,9.6,349
479,"['December 12, 2010']",['Jin Tanaka'],['Miho Shiraishi'],['Masahiro Shimanuki'],['Makoto Sonoda'],11.6,3,14.0,9.3,3667.0,9.4,264
480,"['December 19, 2010']",['Yoshiyuki Suga'],['Ryūji Yoshiike'],['Masayuki Takagi'],['Takahiro Imamura'],13.8,3,15.0,9.6,7348.0,9.6,417
481,"['December 26, 2010']",['Hirohiko Kamisaka'],['Miyuki Sato'],['Megumi Yamashita'],['Yutaka Nakashima'],10.8,3,15.0,9.7,8573.0,9.6,411
482,"['January 9, 2011']",['Yoshiyuki Suga'],['Ryūji Yoshiike'],['Toshio Deguchi'],['Yoshihiro Ueda'],9.2,4,15.0,9.7,51454.0,9.0,380
483,"['January 16, 2011']",['Hirohiko Kamisaka'],['Miho Shiraishi'],['Kazuya Hisada'],['Hiroaki Miyamoto'],11.2,3,15.0,9.7,59576.0,9.2,740
484,"['January 23, 2011']",['Jin Tanaka'],['Miyuki Sato'],['Eisaku Inoue'],['Aya Komaki'],11.4,3,1.0,9.7,52865.0,9.6,436
485,"['January 30, 2011']",['Hirohiko Kamisaka'],['Ryūji Yoshiike'],['Kenji Yokoyama'],['Katsumi Tokoro'],10.4,3,13.0,9.8,58826.0,9.6,570
486,"['February 6, 2011']",['Yoshiyuki Suga'],['Miho Shiraishi'],['Katsumi Ishizuka'],['Naoyuki Itō'],12.0,3,15.0,9.5,5684.0,9.4,316
487,"['February 13, 2011']",['Jin Tanaka'],['Miyuki Sato'],['Takeo Ide'],['Gō Koga'],11.1,3,16.0,9.3,4172.0,9.4,305
488,"['February 20, 2011']",['Yoshiyuki Suga'],['Ryūji Yoshiike'],['Shigefumi Shingaki'],['Yoshihiro Ueda'],11.1,3,15.0,9.6,7674.0,9.4,336
489,"['March 6, 2011']",['Jin Tanaka'],['Miho Shiraishi'],['Atsuko Kawamura'],['Yutaka Nakashima'],11.7,3,13.0,9.6,7669.0,9.6,360
490,"['March 20, 2011']",['Hirohiko Kamisaka'],['Miyuki Sato'],['Toshio Deguchi'],['Takahiro Imamura'],12.2,3,5.0,8.5,2392.0,9.2,310
491,"['March 27, 2011']",['Yoshiyuki Suga'],['Miho Shiraishi'],['Masayuki Takagi'],['Makoto Sonoda'],11.5,3,13.0,8.7,2539.0,9.0,273
492,"['April 3, 2011']",['Isao Murayama'],['Masanobu Nomura'],"['Takeo Ide', 'Yukiko Nakatani', 'Hisashi Kagaya']",['Naoyuki Itō'],10.8,3,0.0,5.3,1109.0,7.8,155
493,"['April 10, 2011']",['Jin Tanaka'],['Ryūji Yoshiike'],['Eisaku Inoue'],['Aya Komaki'],9.7,5,3.0,8.3,2001.0,9.2,265
494,"['April 17, 2011']",['Jin Tanaka'],['Miho Shiraishi'],['Kenji Yokoyama'],['Katsumi Tokoro'],10.2,3,5.0,8.1,1698.0,9.0,241
495,"['April 24, 2011']",['Hirohiko Kamisaka'],['Ryūji Yoshiike'],['Megumi Yamashita'],['Yoshihiro Ueda'],10.3,3,8.0,7.9,1544.0,9.0,245
496,"['May 1, 2011']",['Yoshiyuki Suga'],['Miho Shiraishi'],['Masahiro Shimanuki'],['Yutaka Nakashima'],9.5,3,12.0,8.1,1735.0,9.2,212
497,"['May 8, 2011']",['Jin Tanaka'],['Ryūji Yoshiike'],['Katsumi Ishizuka'],['Gō Koga'],8.0,5,2.0,7.9,1502.0,9.0,216
498,"['May 15, 2011']",['Hirohiko Kamisaka'],['Miho Shiraishi'],['Shigefumi Shingaki'],['Takahiro Imamura'],9.4,5,2.0,7.4,1307.0,8.8,193
499,"['May 22, 2011']",['Hirohiko Kamisaka'],['Ryūji Yoshiike'],['Masayuki Takagi'],['Hiroaki Miyamoto'],9.3,5,0.0,7.4,1277.0,8.8,214
500,"['May 29, 2011']",['Yoshiyuki Suga'],['Miho Shiraishi'],['Eisaku Inoue'],['Makoto Sonoda'],9.8,4,11.0,7.8,1384.0,8.6,594
501,"['June 5, 2011']",['Jin Tanaka'],['Ryūji Yoshiike'],['Atsuko Kawamura'],['Yoshihiro Ueda'],9.6,5,6.0,7.9,1397.0,9.0,278
502,"['June 12, 2011']",['Hirohiko Kamisaka'],['Miho Shiraishi'],['Kenji Yokoyama'],['Katsumi Tokoro'],9.0,5,9.0,7.9,1426.0,9.0,233
503,"['June 19, 2011']",['Yoshiyuki Suga'],['Ryūji Yoshiike'],['Toshio Deguchi'],['Aya Komaki'],10.2,4,13.0,9.0,2916.0,9.2,273
504,"['June 26, 2011']",['Jin Tanaka'],['Miho Shiraishi'],['Yukiko Nakatani'],['Yutaka Nakashima'],8.9,5,17.0,8.4,1680.0,9.4,282
505,"['July 3, 2011']",['Yoshiyuki Suga'],['Ryūji Yoshiike'],['Takeo Ide'],['Yoshihiro Ueda'],8.3,5,17.0,9.2,3348.0,9.6,460
506,"['July 10, 2011']",['Jin Tanaka'],['Miho Shiraishi'],['Megumi Yamashita'],['Gō Koga'],8.9,6,0.0,7.9,1413.0,9.2,269
507,"['July 17, 2011']",['Tomohiro Nakayama'],['Ryūji Yoshiike'],['Masahiro Shimanuki'],['Takahiro Imamura'],9.4,5,14.0,7.9,1369.0,9.2,241
508,"['July 31, 2011']",['Hirohiko Kamisaka'],['Miho Shiraishi'],['Shigefumi Shingaki'],['Katsumi Tokoro'],9.5,2,7.0,7.3,1109.0,9.2,253
509,"['August 7, 2011']",['Yoshiyuki Suga'],['Ryūji Yoshiike'],['Kenji Yokoyama'],['Yoshihiro Ueda'],9.0,6,5.0,7.6,1107.0,8.8,210
510,"['August 14, 2011']",['Tomohiro Nakayama'],['Miho Shiraishi'],['Masayuki Takagi'],['Yoshihiro Ueda'],9.4,3,2.0,7.5,1096.0,9.0,232
511,"['August 21, 2011']",['Jin Tanaka'],['Ryūji Yoshiike'],['Katsumi Ishizuka'],['Makoto Sonoda'],8.4,4,12.0,8.3,1337.0,9.4,288
512,"['August 28, 2011']",['Hirohiko Kamisaka'],['Miho Shiraishi'],['Eisaku Inoue'],['Yutaka Nakashima'],11.0,3,7.0,7.9,1248.0,9.4,295
513,"['September 4, 2011']",['Yoshiyuki Suga'],['Ryūji Yoshiike'],['Toshio Deguchi'],['Hiroyuki Satō'],9.8,6,12.0,7.4,1081.0,9.0,225
514,"['September 11, 2011']",['Jin Tanaka'],['Miho Shiraishi'],['Atsuko Kawamura'],['Aya Komaki'],10.0,3,3.0,7.2,1065.0,9.0,224
515,"['September 18, 2011']",['Tomohiro Nakayama'],['Miho Shiraishi'],"['Takeo Ide', 'Emiko Naga']",['Yoshihiro Ueda'],8.7,4,10.0,7.8,1119.0,9.4,289
516,"['September 25, 2011']",['Hirohiko Kamisaka'],['Miho Shiraishi'],['Yukiko Nakatani'],['Katsumi Tokoro'],9.0,4,11.0,9.2,3289.0,9.6,725
517,"['October 2, 2011']",['Hirohiko Kamisaka'],['Ryūji Yoshiike'],['Kazuya Hisada'],['Hiroaki Miyamoto'],11.1,2,2.0,9.2,3482.0,9.6,559
518,"['October 9, 2011']",['Yoshiyuki Suga'],['Miho Shiraishi'],['Masahiro Shimanuki'],['Naoyuki Itō'],10.2,3,6.0,8.2,1550.0,9.4,268
519,"['October 16, 2011']",['Tomohiro Nakayama'],['Ryūji Yoshiike'],['Kenji Yokoyama'],['Yutaka Nakashima'],10.1,4,12.0,7.9,1363.0,8.8,270
520,"['October 23, 2011']",['Jin Tanaka'],['Miho Shiraishi'],['Shigefumi Shingaki'],['Gō Koga'],12.6,2,11.0,7.8,1249.0,9.0,327
521,"['October 30, 2011']",['Hirohiko Kamisaka'],['Ryūji Yoshiike'],['Masayuki Takagi'],['Takashi Ōtsuka'],10.8,4,17.0,9.2,3416.0,9.6,468
522,"['November 6, 2011']",['Jin Tanaka'],['Miho Shiraishi'],['Toshio Deguchi'],['Hiroyuki Satō'],10.9,3,15.0,8.6,1939.0,9.6,484
523,"['November 13, 2011']",['Yoshiyuki Suga'],['Ryūji Yoshiike'],['Megumi Yamashita'],['Yoshihiro Ueda'],10.5,5,17.0,7.9,1439.0,9.2,323
524,"['November 20, 2011']",['Tomohiro Nakayama'],['Miho Shiraishi'],['Eisaku Inoue'],['Aya Komaki'],10.3,3,16.0,7.6,999.0,9.2,289
525,"['November 27, 2011']",['Tomohiro Nakayama'],['Ryūji Yoshiike'],['Katsumi Ishizuka'],['Katsumi Tokoro'],12.9,2,14.0,7.5,966.0,8.8,315
526,"['December 4, 2011']",['Yoshiyuki Suga'],['Miho Shiraishi'],['Atsuko Kawamura'],['Takahiro Imamura'],11.2,6,18.0,7.5,951.0,9.0,305
527,"['December 11, 2011']",['Hirohiko Kamisaka'],['Ryūji Yoshiike'],['Kenji Yokoyama'],['Yutaka Nakashima'],10.0,3,18.0,7.6,967.0,9.2,330
528,"['December 18, 2011']",['Jin Tanaka'],['Miho Shiraishi'],['Yukiko Nakatani'],['Naoyuki Itō'],9.5,4,16.0,7.3,979.0,8.8,311
529,"['December 25, 2011']",['Hirohiko Kamisaka'],['Ryūji Yoshiike'],['Masahiro Shimanuki'],['Yoshihiro Ueda'],10.5,3,13.0,7.3,1144.0,8.8,254
530,"['January 8, 2012']",['Yoshiyuki Suga'],['Miho Shiraishi'],['Shigefumi Shingaki'],['Ayako Hiraike'],8.2,5,15.0,7.3,955.0,8.8,334
531,"['January 15, 2012']",['Jin Tanaka'],"['Ryūji Yoshiike', 'Emiko Naga']",['Masayuki Takagi'],['Gō Koga'],9.9,4,16.0,7.1,949.0,8.8,302
532,"['January 22, 2012']",['Tomohiro Nakayama'],['Miho Shiraishi'],['Toshio Deguchi'],['Aya Komaki'],11.1,3,15.0,7.2,960.0,9.0,283
533,"['January 29, 2012']",['Hirohiko Kamisaka'],['Ryūji Yoshiike'],['Megumi Yamashita'],['Hiroyuki Satō'],10.6,4,7.0,7.3,937.0,9.0,263
534,"['February 5, 2012']",['Yoshiyuki Suga'],['Miho Shiraishi'],['Kenji Yokoyama'],['Takahiro Imamura'],10.2,5,16.0,7.5,931.0,8.8,265
535,"['February 12, 2012']",['Tomohiro Nakayama'],['Ryūji Yoshiike'],['Eisaku Inoue'],['Katsumi Tokoro'],10.1,5,15.0,7.2,931.0,9.0,263
536,"['February 19, 2012']",['Jin Tanaka'],['Miho Shiraishi'],['Atsuko Kawamura'],['Yoshihiro Ueda'],9.8,6,15.0,7.7,964.0,9.0,246
537,"['February 26, 2012']",['Yoshiyuki Suga'],['Ryūji Yoshiike'],['Kazuya Hisada'],['Yutaka Nakashima'],10.4,5,16.0,7.7,953.0,9.4,265
538,"['March 4, 2012']",['Hirohiko Kamisaka'],['Miho Shiraishi'],['Katsumi Ishizuka'],['Naoyuki Itō'],10.7,4,15.0,7.6,928.0,9.2,251
539,"['March 18, 2012']",['Tomohiro Nakayama'],['Ryūji Yoshiike'],['Takeo Ide'],['Aya Komaki'],8.4,5,14.0,7.6,940.0,9.0,238
540,"['March 25, 2012']",['Jin Tanaka'],['Miho Shiraishi'],['五十内裕輔'],['Hiroyuki Satō'],8.8,7,15.0,7.7,959.0,9.0,271
541,"['April 1, 2012']",['Tomohiro Nakayama'],['Ryūji Yoshiike'],['Masahiro Shimanuki'],['Yoshihiro Ueda'],9.6,3,16.0,8.3,1349.0,9.2,316
542,"['April 8, 2012']",['Isao Murayama'],['Masanobu Nomura'],"['Hisashi Kagaya', 'Kazuya Hisada', 'Naoki Tate', 'Kenji Yokoyama']","['Yutaka Nakashima', 'Tetsuya Endō']",10.0,3,0.0,5.4,826.0,7.0,183
543,"['April 15, 2012']",['Yoshiyuki Suga'],['Miho Shiraishi'],['Shigefumi Shingaki'],['Yoshihiro Ueda'],8.1,4,16.0,8.4,1455.0,9.0,275
544,"['April 22, 2012']",['Jin Tanaka'],['Ryūji Yoshiike'],['Toshio Deguchi'],['Takahiro Imamura'],9.0,4,15.0,7.6,957.0,8.8,224
545,"['April 29, 2012']",['Yoshiyuki Suga'],['Miho Shiraishi'],['Atsuko Kawamura'],['Naoyuki Itō'],7.9,5,17.0,7.3,970.0,8.4,243
546,"['May 6, 2012']",['Tomohiro Nakayama'],['Ryūji Yoshiike'],['Masayuki Takagi'],['Aya Komaki'],8.2,6,18.0,8.0,1038.0,9.2,292
547,"['May 13, 2012']",['Hirohiko Kamisaka'],['Miho Shiraishi'],['Takeo Ide'],['Tetsuya Endō'],8.3,6,17.0,7.7,933.0,9.0,245
548,"['May 20, 2012']",['Jin Tanaka'],['Ryūji Yoshiike'],['Megumi Yamashita'],['Yoshihiro Ueda'],8.4,6,16.0,7.5,921.0,9.0,260
549,"['May 27, 2012']",['Tomohiro Nakayama'],['Miho Shiraishi'],['Masahiro Shimanuki'],['Yutaka Nakashima'],8.8,6,12.0,7.5,922.0,8.8,215
550,"['June 3, 2012']",['Hirohiko Kamisaka'],['Ryūji Yoshiike'],['Kenji Yokoyama'],['Gō Koga'],8.8,6,19.0,6.9,958.0,8.2,341
551,"['June 10, 2012']",['Jin Tanaka'],['Miho Shiraishi'],['Katsumi Ishizuka'],['Tetsuya Endō'],8.7,3,17.0,7.0,924.0,8.4,259
552,"['June 17, 2012']",['Yoshiyuki Suga'],['Ryūji Yoshiike'],['Shigefumi Shingaki'],['Aya Komaki'],9.1,6,17.0,7.2,923.0,8.4,244
553,"['June 24, 2012']",['Hirohiko Kamisaka'],['Miho Shiraishi'],['Kazuya Hisada'],['Hiroaki Miyamoto'],9.4,4,17.0,8.3,1293.0,9.2,348
554,"['July 1, 2012']",['Yoshiyuki Suga'],['Ryūji Yoshiike'],['Toshio Deguchi'],['Yoshihiro Ueda'],10.7,3,15.0,9.0,2892.0,9.2,368
555,"['July 8, 2012']",['Tomohiro Nakayama'],['Miho Shiraishi'],['Atsuko Kawamura'],['Takahiro Imamura'],9.3,6,3.0,7.9,1032.0,9.0,299
556,"['July 15, 2012']",['Ryūji Yoshiike'],['Masayuki Takagi'],['Naoyuki Itō'],['Jin Tanaka'],8.9,6,7.0,7.6,936.0,9.2,279
557,"['July 29, 2012']",['Hirohiko Kamisaka'],['Miho Shiraishi'],['Masahiro Shimanuki'],['Yutaka Nakashima'],8.8,5,16.0,7.6,915.0,9.0,284
558,"['August 5, 2012']",['Tomohiro Nakayama'],['Ryūji Yoshiike'],['Kenji Yokoyama'],['Tetsuya Endō'],8.1,1,18.0,7.3,913.0,8.8,243
559,"['August 12, 2012']",['Yoshiyuki Suga'],['Miho Shiraishi'],['Megumi Yamashita'],['Gō Koga'],8.1,5,17.0,7.1,912.0,8.6,226
560,"['August 19, 2012']",['Jin Tanaka'],['Ryūji Yoshiike'],['Shigefumi Shingaki'],['Yoshihiro Ueda'],8.7,5,17.0,7.3,921.0,8.6,297
561,"['August 26, 2012']",['Tomohiro Nakayama'],['Miho Shiraishi'],['Katsumi Ishizuka'],['Aya Komaki'],7.7,5,17.0,7.3,910.0,8.6,238
562,"['September 2, 2012']",['Yoshiyuki Suga'],['Ryūji Yoshiike'],['Toshio Deguchi'],['Takahiro Imamura'],8.8,6,18.0,7.1,920.0,8.4,216
563,"['September 9, 2012']",['Jin Tanaka'],['Miho Shiraishi'],['Atsuko Kawamura'],['Naoyuki Itō'],9.5,5,15.0,6.9,952.0,8.2,233
564,"['September 16, 2012']",['Hirohiko Kamisaka'],['Ryūji Yoshiike'],['Masayuki Takagi'],['Tetsuya Endō'],7.5,6,20.0,7.2,920.0,8.2,258
565,"['September 23, 2012']",['Hirohiko Kamisaka'],['Miho Shiraishi'],['Kenji Yokoyama'],['Yutaka Nakashima'],9.3,3,8.0,7.7,1106.0,9.0,277
566,"['September 30, 2012']",['Yoshiyuki Suga'],['Ryūji Yoshiike'],['Megumi Yamashita'],['Hiroaki Miyamoto'],8.8,4,20.0,7.7,1048.0,9.0,278
567,"['October 7, 2012']",['Jin Tanaka'],['Miho Shiraishi'],['Naoki Murakami'],['Takahiro Imamura'],8.0,3,20.0,7.7,1063.0,9.0,267
568,"['October 14, 2012']",['Tomohiro Nakayama'],['Ryūji Yoshiike'],['Toshio Deguchi'],['Aya Komaki'],8.8,3,17.0,8.0,1238.0,9.2,316
569,"['October 21, 2012']",['Tomohiro Nakayama'],['Miho Shiraishi'],['Shigefumi Shingaki'],['Yoshihiro Ueda'],9.1,6,17.0,7.5,1019.0,8.6,285
570,"['October 28, 2012']",['Jin Tanaka'],['Ryūji Yoshiike'],['Yukiko Nakatani'],['Tetsuya Endō'],9.5,6,15.0,8.0,1103.0,9.0,290
571,"['November 4, 2012']",['Yoshiyuki Suga'],['Miho Shiraishi'],['Atsuko Kawamura'],['Tetsuya Endō'],6.7,6,16.0,8.0,1074.0,9.2,348
572,"['November 11, 2012']",['Tomohiro Nakayama'],['Ryūji Yoshiike'],['Katsumi Ishizuka'],['Ayako Hiraike'],9.6,5,15.0,7.6,920.0,9.2,254
573,"['November 18, 2012']",['Jin Tanaka'],['Miho Shiraishi'],['Kenji Yokoyama'],['Yutaka Nakashima'],10.2,5,17.0,7.5,925.0,9.0,306
574,"['November 25, 2012']",['Yoshiyuki Suga'],['Ryūji Yoshiike'],['Masayuki Takagi'],['Katsumi Tokoro'],9.2,6,18.0,7.5,916.0,9.0,362
575,"['December 2, 2012']",['Hirohiko Kamisaka'],['Miho Shiraishi'],"['Kazuya Hisada', 'Kazuyuki Igai', '渡辺奈月', 'Yūsuke Isōchi']",['Aya Komaki'],10.6,5,0.0,6.8,760.0,8.4,235
576,"['December 9, 2012']",['Hirohiko Kamisaka'],['Ryūji Yoshiike'],['Toshio Deguchi'],['Yoshihiro Ueda'],8.4,6,0.0,6.8,741.0,8.4,188
577,"['December 16, 2012']",['Hirohiko Kamisaka'],['Miho Shiraishi'],['Naoki Murakami'],['Takahiro Imamura'],9.4,3,0.0,6.7,733.0,8.2,185
578,"['December 23, 2012']",['Hirohiko Kamisaka'],['Ryūji Yoshiike'],['Megumi Yamashita'],['Tetsuya Endō'],8.9,3,0.0,6.6,760.0,7.8,230
579,"['January 6, 2013']",['Tomohiro Nakayama'],['Miho Shiraishi'],['Shigefumi Shingaki'],['Ayako Hiraike'],7.2,4,17.0,7.6,973.0,8.8,352
580,"['January 13, 2013']",['Jin Tanaka'],['Ryūji Yoshiike'],['Kenji Yokoyama'],['Yutaka Nakashima'],7.9,6,16.0,7.5,937.0,8.8,353
581,"['January 20, 2013']",['Yoshiyuki Suga'],['Miho Shiraishi'],['Masayuki Takagi'],['Hiroaki Miyamoto'],7.5,6,10.0,7.2,919.0,8.8,280
582,"['January 27, 2013']",['Tomohiro Nakayama'],['Ryūji Yoshiike'],['Atsuko Kawamura'],['Yoshihiro Ueda'],7.1,6,13.0,7.3,917.0,8.8,288
583,"['February 3, 2013']",['Yoshiyuki Suga'],['Miho Shiraishi'],['Katsumi Ishizuka'],['Aya Komaki'],9.0,6,13.0,7.2,906.0,8.6,255
584,"['February 10, 2013']",['Jin Tanaka'],['Ryūji Yoshiike'],['Toshio Deguchi'],['Tetsuya Endō'],9.3,4,2.0,7.5,891.0,8.8,288
585,"['February 17, 2013']",['Tomohiro Nakayama'],['Miho Shiraishi'],['Yukiko Nakatani'],['Takahiro Imamura'],9.0,6,16.0,7.8,977.0,9.2,305
586,"['March 3, 2013']",['Jin Tanaka'],['Ryūji Yoshiike'],['Naoki Murakami'],['Katsumi Tokoro'],9.1,6,17.0,7.9,968.0,8.8,297
587,"['March 17, 2013']",['Yoshiyuki Suga'],['Miho Shiraishi'],['Megumi Yamashita'],['Naoyuki Itō'],8.0,5,18.0,8.3,1157.0,9.2,295
588,"['March 24, 2013']",['Tomohiro Nakayama'],['Ryūji Yoshiike'],['Shigefumi Shingaki'],['Yoshihiro Ueda'],7.3,4,7.0,7.9,931.0,9.2,262
589,"['March 31, 2013']",['Hirohiko Kamisaka'],['Miho Shiraishi'],['Masayuki Takagi'],['Tetsuya Endō'],6.8,4,16.0,7.4,878.0,8.6,253
590,"['April 7, 2013']",['Isao Murayama'],['Shinichi Konno'],['Kenji Yokoyama'],['Yutaka Nakashima'],8.3,3,0.0,5.6,906.0,8.2,262
591,"['April 14, 2013']",['Yoshiyuki Suga'],['Ryūji Yoshiike'],['Yukiko Nakatani'],['Aya Komaki'],8.0,4,15.0,7.4,888.0,9.0,287
592,"['April 21, 2013']",['Jin Tanaka'],['Miho Shiraishi'],['Atsuko Kawamura'],['Takahiro Imamura'],8.3,4,15.0,7.2,875.0,8.6,246
593,"['April 28, 2013']",['Jin Tanaka'],['Ryūji Yoshiike'],['Toshio Deguchi'],['Yoshihiro Ueda'],7.2,6,17.0,7.7,878.0,9.2,289
594,"['May 5, 2013']",['Tomohiro Nakayama'],['Miho Shiraishi'],['Katsumi Ishizuka'],['Ayako Hiraike'],6.5,6,17.0,7.9,941.0,9.2,309
595,"['May 12, 2013']",['Yoshiyuki Suga'],['Ryūji Yoshiike'],['Masahiro Shimanuki'],['Tetsuya Endō'],7.6,6,15.0,7.5,872.0,9.0,279
596,"['May 19, 2013']",['Shōji Yonemura'],['Miho Shiraishi'],['Naoki Murakami'],['Takahiro Imamura'],8.7,3,15.0,7.4,866.0,8.8,274
597,"['May 26, 2013']",['Yoshiyuki Suga'],['Ryūji Yoshiike'],"['Yukiko Nakatani', 'Shingo Fujisaki']",['Aya Komaki'],8.6,6,15.0,8.0,915.0,9.2,268
598,"['June 2, 2013']",['Tomohiro Nakayama'],['Miho Shiraishi'],['Masayuki Takagi'],['Tetsuya Endō'],8.0,6,17.0,7.6,868.0,8.8,271
599,"['June 9, 2013']",['Jin Tanaka'],['Ryūji Yoshiike'],['Toshio Deguchi'],['Yoshihiro Ueda'],7.9,5,17.0,7.7,881.0,8.8,271
600,"['June 16, 2013']",['Shōji Yonemura'],['Miho Shiraishi'],['Kenji Yokoyama'],['Ayako Hiraike'],8.0,5,15.0,7.2,881.0,8.6,597
601,"['June 23, 2013']",['Tomohiro Nakayama'],['Ryūji Yoshiike'],['Shigefumi Shingaki'],['Takahiro Imamura'],7.5,5,17.0,7.2,868.0,8.2,308
602,"['June 30, 2013']",['Yoshiyuki Suga'],['Miho Shiraishi'],['Kazuya Hisada'],['Takashi Ōtsuka'],7.8,3,16.0,7.3,868.0,8.6,293
603,"['July 7, 2013']",['Jin Tanaka'],['Ryūji Yoshiike'],['Yūsuke Isōchi'],['Aya Komaki'],8.1,4,17.0,7.9,891.0,9.0,308
604,"['July 14, 2013']",['Jin Tanaka'],['Miho Shiraishi'],['Atsuko Kawamura'],['Tetsuya Endō'],7.2,6,17.0,7.6,861.0,8.8,287
605,"['July 21, 2013']",['Tomohiro Nakayama'],['Ryūji Yoshiike'],['Masayuki Takagi'],['Yoshihiro Ueda'],8.5,3,15.0,7.4,885.0,8.4,319
606,"['July 28, 2013']",['Shōji Yonemura'],['Miho Shiraishi'],['Masahiro Shimanuki'],['Takahiro Imamura'],7.7,5,17.0,7.5,867.0,8.6,269
607,"['August 11, 2013']",['Yoshiyuki Suga'],['Ryūji Yoshiike'],"['Megumi Yamashita', 'Kazuya Hisada']",['Takashi Ōtsuka'],7.3,5,17.0,8.1,958.0,9.0,309
608,"['August 18, 2013']",['Shōji Yonemura'],['Miho Shiraishi'],['Toshio Deguchi'],['Masahiro Hosoda'],7.0,4,17.0,7.7,886.0,8.8,264
609,"['August 25, 2013']",['Tomohiro Nakayama'],['Ryūji Yoshiike'],['Takeo Ide'],['Aya Komaki'],6.2,7,17.0,7.7,877.0,9.0,262
610,"['September 1, 2013']",['Jin Tanaka'],['Miho Shiraishi'],['Yukiko Nakatani'],['Yoshihiro Ueda'],7.7,6,17.0,7.4,877.0,8.6,282
611,"['September 8, 2013']",['Yoshiyuki Suga'],['Ryūji Yoshiike'],['Shigefumi Shingaki'],['Takahiro Imamura'],7.6,6,16.0,7.4,869.0,8.4,235
612,"['September 15, 2013']",['Jin Tanaka'],['Miho Shiraishi'],['Kenji Yokoyama'],['Ayako Hiraike'],8.6,4,17.0,7.6,979.0,8.8,263
613,"['September 22, 2013']",['Tomohiro Nakayama'],['Ryūji Yoshiike'],['Atsuko Kawamura'],['Yoshihiro Ueda'],8.8,4,17.0,8.9,2633.0,9.2,321
614,"['September 29, 2013']",['Shōji Yonemura'],['Miho Shiraishi'],['Masahiro Shimanuki'],['Aya Komaki'],7.7,4,17.0,8.1,1119.0,8.4,316
615,"['October 6, 2013']",['Hirohiko Kamisaka'],"['Ryūji Yoshiike', 'Miho Shiraishi']",['Yūsuke Isōchi'],['Tetsuya Endō'],6.7,4,17.0,7.9,1064.0,9.0,288
616,"['October 13, 2013']",['Yoshiyuki Suga'],['Miho Shiraishi'],['Masayuki Takagi'],['Takashi Ōtsuka'],8.2,4,18.0,9.2,3005.0,9.6,480
617,"['October 20, 2013']",['Shōji Yonemura'],['Ryūji Yoshiike'],['Toshio Deguchi'],['Masahiro Hosoda'],7.5,6,19.0,8.2,1125.0,9.0,283
618,"['October 27, 2013']",['Tomohiro Nakayama'],['Miho Shiraishi'],['Masahiro Kitazaki'],['Yoshihiro Ueda'],7.9,6,13.0,7.6,877.0,8.8,253
619,"['November 3, 2013']",['Hirohiko Kamisaka'],['Ryūji Yoshiike'],['Takeo Ide'],['Aya Komaki'],9.2,5,18.0,7.9,910.0,9.2,266
620,"['November 10, 2013']",['Jin Tanaka'],['Miho Shiraishi'],['Yukiko Nakatani'],['Ayako Hiraike'],8.8,5,15.0,8.0,974.0,8.8,297
621,"['November 17, 2013']",['Yoshiyuki Suga'],['Ryūji Yoshiike'],['Shigefumi Shingaki'],['Yoshihiro Ueda'],8.1,7,17.0,7.9,939.0,9.0,282
622,"['November 24, 2013']",['Shōji Yonemura'],['Miho Shiraishi'],['Kenji Yokoyama'],['Tetsuya Endō'],8.8,4,17.0,7.8,904.0,9.2,291
623,"['December 1, 2013']",['Tomohiro Nakayama'],['Ryūji Yoshiike'],['Masahiro Shimanuki'],['Takahiro Imamura'],8.2,3,17.0,7.7,890.0,8.6,298
624,"['December 8, 2013']",['Jin Tanaka'],['Miho Shiraishi'],['Atsuko Kawamura'],['Masahiro Hosoda'],9.2,6,12.0,8.4,1475.0,9.4,352
625,"['December 15, 2013']",['Yoshiyuki Suga'],['Ryūji Yoshiike'],['Yukiko Nakatani'],['Tetsuya Endō'],8.7,6,13.0,8.1,1227.0,8.6,367
626,"['December 22, 2013']",['Jin Tanaka'],['Miho Shiraishi'],['Masayuki Takagi'],['Takashi Ōtsuka'],9.4,4,1.0,6.7,734.0,8.0,260
627,"['January 5, 2014']",['Tomohiro Nakayama'],"['Ryūji Yoshiike', 'Miho Shiraishi']","['Megumi Yamashita', 'Sadahiko Sakamaki']",['Aya Komaki'],7.2,4,0.0,6.6,771.0,7.4,236
628,"['January 12, 2014']",['Jin Tanaka'],['Miho Shiraishi'],['Toshio Deguchi'],['Ayako Hiraike'],7.5,4,5.0,6.6,780.0,8.2,266
629,"['January 19, 2014']",['Hirohiko Kamisaka'],['Ryūji Yoshiike'],['Masahiro Kitazaki'],['Yoshihiro Ueda'],9.5,6,17.0,8.2,1344.0,9.0,403
630,"['January 26, 2014']",['Hirohiko Kamisaka'],['Miho Shiraishi'],['Takeo Ide'],['Hiroaki Miyamoto'],8.8,3,14.0,7.8,1152.0,8.6,387
631,"['February 2, 2014']",['Shōji Yonemura'],['Ryūji Yoshiike'],['Shigefumi Shingaki'],['Masahiro Hosoda'],8.3,6,13.0,8.0,1216.0,8.6,294
632,"['February 9, 2014']",['Yoshiyuki Suga'],['Miho Shiraishi'],['Kenji Yokoyama'],['Katsumi Tokoro'],8.2,6,15.0,7.7,1125.0,8.8,316
633,"['February 16, 2014']",['Shōji Yonemura'],['Ryūji Yoshiike'],['Masahiro Shimanuki'],['Tetsuya Endō'],8.1,6,12.0,7.7,1101.0,8.6,282
634,"['February 23, 2014']",['Tomohiro Nakayama'],['Miho Shiraishi'],['Atsuko Kawamura'],['Aya Komaki'],8.0,4,15.0,7.9,1144.0,9.0,314
635,"['March 2, 2014']",['Shōji Yonemura'],['Ryūji Yoshiike'],['Masahiro Kitazaki'],['Takahiro Imamura'],7.4,6,12.0,7.8,1141.0,8.6,308
636,"['March 16, 2014']",['Jin Tanaka'],['Miho Shiraishi'],['Masayuki Takagi'],['Yoshihiro Ueda'],6.8,6,8.0,7.8,1152.0,8.6,270
637,"['March 23, 2014']",['Hirohiko Kamisaka'],['Ryūji Yoshiike'],['Toshio Deguchi'],['Katsumi Tokoro'],8.1,4,19.0,7.8,1103.0,8.6,284
638,"['March 30, 2014']",['Yoshiyuki Suga'],['Miho Shiraishi'],"['Yukiko Nakatani', 'Shingo Fujisaki']",['Ayako Hiraike'],7.9,4,17.0,8.0,1175.0,9.0,282
639,"['April 6, 2014']",['Shōji Yonemura'],['Ryūji Yoshiike'],['Kenji Yokoyama'],['Takashi Ōtsuka'],7.7,4,10.0,7.7,1091.0,9.0,269
640,"['April 13, 2014']",['Tomohiro Nakayama'],['Miho Shiraishi'],['Shigefumi Shingaki'],['Yoshihiro Ueda'],9.7,5,13.0,7.4,951.0,8.6,318
641,"['April 20, 2014']",['Hirohiko Kamisaka'],['Ryūji Yoshiike'],['Asako Narasaki'],['Toshinori Fukuzawa'],8.0,6,9.0,7.5,992.0,8.8,277
642,"['April 27, 2014']",['Jin Tanaka'],['Miho Shiraishi'],['Masahiro Kitazaki'],['Masahiro Hosoda'],9.0,5,11.0,8.4,1639.0,9.0,333
643,"['May 4, 2014']",['Yoshiyuki Suga'],['Ryūji Yoshiike'],['Masahiro Shimanuki'],['Yoshihiro Ueda'],7.3,6,18.0,8.4,1661.0,9.0,307
644,"['May 11, 2014']",['Shōji Yonemura'],['Miho Shiraishi'],['Atsuko Kawamura'],['Tetsuya Endō'],7.4,4,17.0,7.9,1163.0,8.8,326
645,"['May 18, 2014']",['Jin Tanaka'],['Ryūji Yoshiike'],['Masayuki Takagi'],['Katsumi Tokoro'],7.5,6,17.0,7.6,959.0,8.6,274
646,"['May 25, 2014']",['Tomohiro Nakayama'],['Miho Shiraishi'],['Yūsuke Isōchi'],['Aya Komaki'],9.3,4,17.0,9.0,2830.0,9.2,478
647,"['June 1, 2014']",['Yoshiyuki Suga'],['Ryūji Yoshiike'],['Toshio Deguchi'],['Ayako Hiraike'],7.7,6,16.0,7.7,970.0,8.8,248
648,"['June 8, 2014']",['Tomohiro Nakayama'],['Miho Shiraishi'],['Shigefumi Shingaki'],['Tetsuya Endō'],8.2,6,17.0,7.6,945.0,8.2,252
649,"['June 15, 2014']",['Jin Tanaka'],['Ryūji Yoshiike'],['Masahiro Kitazaki'],['Yoshihiro Ueda'],7.4,6,18.0,8.4,1617.0,8.8,308
650,"['June 22, 2014']",['Shōji Yonemura'],['Miho Shiraishi'],['Masahiro Shimanuki'],['Masahiro Hosoda'],9.2,3,17.0,8.0,1169.0,9.0,449
651,"['June 29, 2014']",['Yoshiyuki Suga'],['Ryūji Yoshiike'],['Kenji Yokoyama'],['Toshinori Fukuzawa'],7.8,6,17.0,8.1,1196.0,8.8,318
652,"['July 6, 2014']",['Shōji Yonemura'],['Miho Shiraishi'],['Yūsuke Isōchi'],['Katsumi Tokoro'],7.3,4,11.0,7.6,943.0,8.6,261
653,"['July 13, 2014']",['Tomohiro Nakayama'],['Ryūji Yoshiike'],['Atsuko Kawamura'],['Tetsuya Endō'],7.9,5,10.0,7.4,937.0,8.2,277
654,"['July 20, 2014']",['Jin Tanaka'],['Miho Shiraishi'],['Asako Narasaki'],['Yoshihiro Ueda'],8.2,4,12.0,7.9,1120.0,8.8,291
655,"['August 3, 2014']",['Yoshiyuki Suga'],['Masayuki Takagi'],['Ryūji Yoshiike'],['Ayako Hiraike'],6.6,5,16.0,8.5,1690.0,9.0,286
656,"['August 10, 2014']",['Shōji Yonemura'],['Miho Shiraishi'],['Toshio Deguchi'],['Toshinori Fukuzawa'],8.1,6,11.0,7.7,1072.0,8.4,260
657,"['August 17, 2014']",['Hirohiko Kamisaka'],['Ryūji Yoshiike'],['Masahiro Kitazaki'],['Kōhei Kureta'],8.0,4,6.0,7.6,930.0,8.0,264
658,"['August 24, 2014']",['Tomohiro Nakayama'],['Miho Shiraishi'],['Shigefumi Shingaki'],['Katsumi Tokoro'],8.3,4,8.0,7.9,1121.0,8.6,274
659,"['August 31, 2014']",['Shōji Yonemura'],['Ryūji Yoshiike'],['Masahiro Shimanuki'],['Yoshihiro Ueda'],6.7,7,16.0,8.3,1363.0,8.8,290
660,"['September 7, 2014']",['Yoshiyuki Suga'],['Miho Shiraishi'],['Yūsuke Isōchi'],['Tetsuya Endō'],8.4,5,17.0,8.3,1386.0,8.6,280
661,"['September 14, 2014']",['Jin Tanaka'],['Ryūji Yoshiike'],['Kazuya Hisada'],['Satoshi Itō'],7.3,7,16.0,9.2,2844.0,9.4,371
662,"['September 21, 2014']",['Hirohiko Kamisaka'],['Miho Shiraishi'],['Kenji Yokoyama'],['Masahiro Hosoda'],8.7,5,17.0,9.2,2811.0,9.4,414
663,"['September 28, 2014']",['Tomohiro Nakayama'],['Ryūji Yoshiike'],['Asako Narasaki'],['Tetsuya Endō'],8.8,3,17.0,9.5,4721.0,9.6,549
664,"['October 5, 2014']",['Shōji Yonemura'],['Miho Shiraishi'],['Masayuki Takagi'],['Yoshihiro Ueda'],9.9,3,17.0,7.6,965.0,8.6,263
665,"['October 12, 2014']",['Yoshiyuki Suga'],['Ryūji Yoshiike'],['Toshio Deguchi'],['Katsumi Tokoro'],8.2,4,16.0,7.5,929.0,8.6,264
666,"['October 19, 2014']",['Jin Tanaka'],['Miho Shiraishi'],['Masahiro Kitazaki'],['Toshinori Fukuzawa'],8.1,6,17.0,7.7,1061.0,8.8,298
667,"['October 26, 2014']",['Shōji Yonemura'],['Ryūji Yoshiike'],['Atsuko Kawamura'],['Fumiharu Kamanaka'],8.4,6,17.0,7.9,1137.0,9.0,265
668,"['November 2, 2014']",['Tomohiro Nakayama'],['Miho Shiraishi'],['Shigefumi Shingaki'],['Tetsuya Endō'],7.3,7,13.0,7.8,1066.0,9.0,257
669,"['November 9, 2014']",['Yoshiyuki Suga'],['Ryūji Yoshiike'],['Kazuya Hisada'],['Yoshihiro Ueda'],9.3,5,2.0,7.6,1051.0,8.8,232
670,"['November 16, 2014']",['Hirohiko Kamisaka'],['Miho Shiraishi'],['Yūsuke Isōchi'],['Aya Komaki'],8.2,4,9.0,8.0,1170.0,9.0,296
671,"['November 23, 2014']",['Shōji Yonemura'],['Ryūji Yoshiike'],['Kenji Yokoyama'],['Masahiro Hosoda'],7.6,6,16.0,7.7,1049.0,8.8,237
672,"['November 30, 2014']",['Tomohiro Nakayama'],['Miho Shiraishi'],['Asako Narasaki'],['Katsumi Tokoro'],8.6,6,18.0,7.9,1087.0,8.8,248
673,"['December 7, 2014']",['Jin Tanaka'],['Ryūji Yoshiike'],['Toshio Deguchi'],['Tetsuya Endō'],9.3,6,16.0,7.7,1033.0,8.2,262
674,"['December 14, 2014']",['Hirohiko Kamisaka'],['Miho Shiraishi'],['Masayuki Takagi'],['Satoshi Itō'],8.4,4,12.0,8.0,1268.0,8.0,285
675,"['December 21, 2014']",['Yoshiyuki Suga'],['Ryūji Yoshiike'],['Masahiro Kitazaki'],['Yoshihiro Ueda'],8.7,4,11.0,8.4,1608.0,9.0,292
676,"['December 28, 2014']",['Yoshiyuki Suga'],['Miho Shiraishi'],['Shigefumi Shingaki'],['Tetsuya Endō'],7.8,5,11.0,8.7,1791.0,9.0,336
677,"['January 11, 2015']",,,,,8.6,6,14.0,9.3,3513.0,9.6,423
678,"['January 18, 2015']",,,,,9.0,4,12.0,9.4,3601.0,9.6,547
679,"['January 25, 2015']",,,,,8.6,4,8.0,8.5,1754.0,9.2,295
680,"['February 1, 2015']",['Tomohiro Nakayama'],['Miho Shiraishi'],['Kenji Yokoyama'],['Satoshi Itō'],9.4,6,2.0,8.7,1753.0,9.0,356
681,"['February 8, 2015']",['Yoshiyuki Suga'],['Ryūji Yoshiike'],['Toshio Deguchi'],['Katsumi Tokoro'],9.1,7,16.0,8.2,1270.0,8.8,326
682,"['February 15, 2015']",['Hirohiko Kamisaka'],['Miho Shiraishi'],['Masayuki Takagi'],['Yoshihiro Ueda'],9.7,6,7.0,7.7,983.0,8.6,263
683,"['March 1, 2015']",['Shōji Yonemura'],['Ryūji Yoshiike'],['Asako Narasaki'],['Toshinori Fukuzawa'],8.9,6,6.0,8.0,1196.0,9.2,342
684,"['March 15, 2015']",['Jin Tanaka'],['Miho Shiraishi'],['Masahiro Kitazaki'],['Ayako Hiraike'],8.3,6,11.0,7.8,1093.0,8.8,286
685,"['March 22, 2015']",['Tomohiro Nakayama'],['Ryūji Yoshiike'],['Atsuko Kawamura'],['Aya Komaki'],7.3,6,14.0,8.0,1189.0,9.0,305
686,"['March 29, 2015']",['Jin Tanaka'],['Miho Shiraishi'],['Shigefumi Shingaki'],['Tetsuya Endō'],8.4,4,13.0,7.9,1163.0,8.6,251
687,"['April 5, 2015']",['Tomohiro Nakayama'],['Ryūji Yoshiike'],['Kenji Yokoyama'],['Masahiro Hosoda'],9.4,3,11.0,8.6,1756.0,9.0,320
688,"['April 12, 2015']",['Atsuhiro Tomioka'],['Miho Shiraishi'],['Yūsuke Isōchi'],['Yoshihiro Ueda'],9.0,4,12.0,7.7,1087.0,8.6,239
689,"['April 19, 2015']",['Hirohiko Kamisaka'],['Ryūji Yoshiike'],['Masayuki Takagi'],['Satoshi Itō'],9.0,5,9.0,7.9,1128.0,8.6,260
690,"['April 26, 2015']",['Ryūji Yoshiike'],['Miho Shiraishi'],['Kazuya Hisada'],['Aya Komaki'],8.2,5,14.0,7.5,940.0,8.8,302
691,"['May 3, 2015']",['Tomohiro Nakayama'],['Ryūji Yoshiike'],['Toshio Deguchi'],['Makoto Sonoda'],7.0,6,11.0,7.5,938.0,8.2,264
692,"['May 10, 2015']",['Jin Tanaka'],['Miho Shiraishi'],['Atsuko Kawamura'],['Ayako Hiraike'],9.0,5,10.0,8.1,1448.0,8.6,257
693,"['May 17, 2015']",['Atsuhiro Tomioka'],['Ryūji Yoshiike'],['Masahiro Kitazaki'],['Aya Komaki'],8.6,4,11.0,7.3,952.0,8.2,289
694,"['May 24, 2015']",['Shōji Yonemura'],['Miho Shiraishi'],['Shigefumi Shingaki'],['Yoshihiro Ueda'],8.7,5,12.0,7.3,941.0,8.4,236
695,"['May 31, 2015']",['Tomohiro Nakayama'],['Ryūji Yoshiike'],['Asako Narasaki'],['Tetsuya Endō'],8.0,5,10.0,8.1,1178.0,8.8,318
696,"['June 7, 2015']",['Jin Tanaka'],['Miho Shiraishi'],['Kenji Yokoyama'],['Satoshi Itō'],8.6,5,9.0,8.5,1716.0,8.8,273
697,"['June 14, 2015']",['Atsuhiro Tomioka'],['Ryūji Yoshiike'],['Masahiro Shimanuki'],['Masahiro Hosoda'],8.9,4,10.0,9.1,2946.0,9.2,385
698,"['June 21, 2015']",['Shōji Yonemura'],['Miho Shiraishi'],"['Yūsuke Isōchi', 'Kazuyuki Igai']",['Tatsuya Nagamine'],8.8,2,15.0,9.3,3699.0,9.4,335
699,"['June 28, 2015']",['Tomohiro Nakayama'],['Ryūji Yoshiike'],['Takagi Masayuki'],['Aya Komaki'],9.1,4,11.0,9.2,2931.0,9.0,302
700,"['July 5, 2015']",['Jin Tanaka'],['Miho Shiraishi'],['Kazuya Hisada'],['Kentarō Fujita'],9.9,2,13.0,8.9,2726.0,8.6,599
701,"['July 12, 2015']",['Shōji Yonemura'],['Ryūji Yoshiike'],['Toshio Deguchi'],['Katsumi Tokoro'],7.0,5,15.0,9.3,3141.0,9.4,448
702,"['July 19, 2015']",['Atsuhiro Tomioka'],['Miho Shiraishi'],['Atsuko Kawamura'],['Yoshihiro Ueda'],8.1,2,15.0,9.2,3082.0,9.4,361
703,"['August 2, 2015']",['Hirohiko Kamisaka'],['Ryūji Yoshiike'],['Masahiro Kitazaki'],['Tetsuya Endō'],8.9,3,17.0,9.4,3595.0,9.4,339
704,"['August 9, 2015']",['Hirohiko Kamisaka'],['Miho Shiraishi'],['Shigefumi Shingaki'],['Masahiro Hosoda'],8.3,2,16.0,9.2,3117.0,9.4,293
705,"['August 16, 2015']",['Tomohiro Nakayama'],['Ryūji Yoshiike'],['Asako Narasaki'],['Satoshi Itō'],6.9,4,15.0,9.4,3668.0,9.4,328
706,"['August 23, 2015']",['Jin Tanaka'],['Miho Shiraishi'],['Kenji Yokoyama'],['Tatsuya Nagamine'],7.1,5,15.0,9.7,13928.0,9.6,531
707,"['August 30, 2015']",['Shōji Yonemura'],['Ryūji Yoshiike'],['Takagi Masayuki'],['Yoshihiro Ueda'],7.5,5,13.0,8.3,1680.0,8.0,316
708,"['September 6, 2015']",['Atsuhiro Tomioka'],['Miho Shiraishi'],['Kazuya Hisada'],['Kentarō Fujita'],9.2,3,14.0,9.1,2873.0,8.8,305
709,"['September 13, 2015']",['Jin Tanaka'],['Ryūji Yoshiike'],['Toshio Deguchi'],['Katsumi Tokoro'],8.1,5,14.0,7.8,1164.0,8.4,255
710,"['September 20, 2015']",['Tomohiro Nakayama'],['Miho Shiraishi'],['Atsuko Kawamura'],['Aya Komaki'],7.7,3,15.0,8.2,1262.0,9.0,409
711,"['September 27, 2015']",['Shōji Yonemura'],['Ryūji Yoshiike'],['Masahiro Kitazaki'],['Toshinori Fukuzawa'],7.8,3,10.0,7.8,1127.0,8.2,245
712,"['October 4, 2015']",['Jin Tanaka'],['Miho Shiraishi'],['Shigefumi Shingaki'],['Tetsuya Endō'],7.6,4,12.0,8.2,1571.0,8.8,274
713,"['October 11, 2015']",['Tomohiro Nakayama'],['Ryūji Yoshiike'],['Kenji Yokoyama'],['Masahiro Hosoda'],8.8,4,13.0,8.6,1851.0,9.0,281
714,"['October 18, 2015']",['Hirohiko Kamisaka'],['Miho Shiraishi'],['Asako Narasaki'],['Yoshihiro Ueda'],8.7,5,14.0,7.6,1097.0,8.0,258
715,"['October 25, 2015']",['Hirohiko Kamisaka'],['Ryūji Yoshiike'],['Shūichi Itō'],['Satoshi Itō'],8.4,5,15.0,9.1,3021.0,9.2,354
716,"['November 1, 2015']",['Shōji Yonemura'],['Miho Shiraishi'],['Kazuya Hisada'],['Aya Komaki'],8.1,6,14.0,8.8,2171.0,9.0,319
717,"['November 8, 2015']",['Jin Tanaka'],['Ryūji Yoshiike'],['Toshio Deguchi'],['Tatsuya Nagamine'],7.9,6,12.0,8.7,1904.0,8.8,249
718,"['November 15, 2015']",['Tomohiro Nakayama'],['Miho Shiraishi'],['Atsuko Kawamura'],['Kentarō Fujita'],9.8,2,11.0,8.3,1644.0,7.6,289
719,"['November 22, 2015']",['Shōji Yonemura'],['Ryūji Yoshiike'],['Masahiro Kitazaki'],['Katsumi Tokoro'],8.3,6,14.0,9.5,4643.0,9.4,348
720,"['November 29, 2015']",['Hirohiko Kamisaka'],['Miho Shiraishi'],['Kenji Yokoyama'],['Tetsuya Endō'],7.3,5,10.0,9.0,2728.0,8.6,319
721,"['December 6, 2015']",['Jin Tanaka'],['Ryūji Yoshiike'],['Shigefumi Shingaki'],['Yoshihiro Ueda'],8.0,6,13.0,9.1,2686.0,8.6,273
722,"['December 13, 2015']",['Tomohiro Nakayama'],['Miho Shiraishi'],['Shūichi Itō'],['Masahiro Hosoda'],8.6,6,13.0,9.3,2918.0,9.0,267
723,"['December 20, 2015']",['Shōji Yonemura'],['Ryūji Yoshiike'],['Asako Narasaki'],['Satoshi Itō'],8.4,4,12.0,9.5,5246.0,9.4,320
724,"['December 27, 2015']",['Hirohiko Kamisaka'],['Miho Shiraishi'],['Toshio Deguchi'],['Yasunori Koyama'],8.7,2,13.0,9.0,2686.0,9.0,283
725,"['January 10, 2016']",['Atsuhiro Tomioka'],['Ryūji Yoshiike'],['Atsuko Kawamura'],['Kentarō Fujita'],8.5,4,13.0,9.3,4299.0,9.2,400
726,"['January 17, 2016']",['Jin Tanaka'],['Miho Shiraishi'],['Kazuya Hisada'],['Toshinori Fukuzawa'],7.5,6,17.0,9.7,23249.0,9.4,569
727,"['January 24, 2016']",['Shōji Yonemura'],['Ryūji Yoshiike'],['Shigefumi Shingaki'],['Yoshihiro Ueda'],8.4,4,13.0,8.9,2315.0,8.8,301
728,"['January 31, 2016']",['Tomohiro Nakayama'],['Miho Shiraishi'],['Kenji Yokoyama'],['Katsumi Tokoro'],9.3,3,12.0,9.2,3257.0,9.0,282
729,"['February 14, 2016']",['Hirohiko Kamisaka'],['Ryūji Yoshiike'],['Shūichi Itō'],['Tetsuya Endō'],10.2,2,13.0,8.7,2012.0,8.6,259
730,"['February 21, 2016']",['Atsuhiro Tomioka'],['Miho Shiraishi'],"['Asako Narasaki', 'Isamu Takara']",['Masahiro Hosoda'],9.6,4,13.0,7.8,1142.0,8.4,285
731,"['February 28, 2016']",['Hirohiko Kamisaka'],['Ryūji Yoshiike'],['Yūsuke Isōchi'],['Yasunori Koyama'],9.3,3,11.0,7.7,985.0,7.6,273
732,"['March 6, 2016']",['Jin Tanaka'],['Miho Shiraishi'],['Atsuko Kawamura'],['Satoshi Itō'],8.0,5,13.0,8.1,1210.0,8.0,289
733,"['March 20, 2016']",['Shōji Yonemura'],['Ryūji Yoshiike'],['Kazuya Hisada'],['Toshinori Fukuzawa'],9.2,2,16.0,9.4,4127.0,9.2,422
734,"['March 27, 2016']",['Atsuhiro Tomioka'],['Miho Shiraishi'],['Takagi Masayuki'],['Yoshihiro Ueda'],8.2,2,15.0,7.7,1107.0,8.0,352
735,"['April 3, 2016']",['Tomohiro Nakayama'],['Ryūji Yoshiike'],['Kenji Yokoyama'],['Kentarō Fujita'],10.0,2,13.0,8.4,1661.0,9.0,359
736,"['April 10, 2016']",['Shōji Yonemura'],['Miho Shiraishi'],['Shigefumi Shingaki'],['Tetsuya Endō'],7.8,4,13.0,9.1,2778.0,9.2,364
737,"['April 17, 2016']",['Jin Tanaka'],['Ryūji Yoshiike'],['Toshio Deguchi'],['Katsumi Tokoro'],9.0,3,5.0,8.7,1918.0,9.0,318
738,"['April 24, 2016']",['Jin Tanaka'],['Miho Shiraishi'],['Shūichi Itō'],['Masahiro Hosoda'],9.1,5,9.0,9.1,2754.0,9.4,369
739,"['May 1, 2016']",['Atsuhiro Tomioka'],['Ryūji Yoshiike'],['Isamu Takara'],['Satoshi Itō'],8.7,2,13.0,9.2,3110.0,9.2,392
740,"['May 8, 2016']",['Tomohiro Nakayama'],['Miho Shiraishi'],['Atsuko Kawamura'],['Yoshihiro Ueda'],7.5,6,12.0,7.8,1121.0,8.6,296
741,"['May 15, 2016']",['Tomohiro Nakayama'],['Ryūji Yoshiike'],['Kenji Yokoyama'],['Kentarō Fujita'],8.8,5,12.0,7.7,1078.0,8.2,255
742,"['May 22, 2016']",['Shōji Yonemura'],['Miho Shiraishi'],['Takagi Masayuki'],['Katsumi Tokoro'],7.1,4,11.0,7.8,1047.0,8.4,266
743,"['May 29, 2016']",['Jin Tanaka'],['Ryūji Yoshiike'],['Toshio Deguchi'],['Yasunori Koyama'],6.5,5,13.0,9.1,2714.0,9.0,276
744,"['June 5, 2016']",['Atsuhiro Tomioka'],['Miho Shiraishi'],['Shigefumi Shingaki'],['Tetsuya Endō'],8.2,2,10.0,9.2,2960.0,9.4,350
745,"['June 12, 2016']",['Tomohiro Nakayama'],['Ryūji Yoshiike'],['Shūichi Itō'],['Yoshihiro Ueda'],8.6,2,15.0,9.1,2843.0,9.2,393
746,"['June 19, 2016']",['Shōji Yonemura'],['Miho Shiraishi'],['Isamu Takara'],['Masahiro Hosoda'],7.4,5,15.0,8.8,1959.0,9.0,463
747,"['June 26, 2016']",['Jin Tanaka'],['Ryūji Yoshiike'],['Atsuko Kawamura'],['Yoshihiro Ueda'],9.5,3,2.0,6.4,748.0,8.0,263
748,"['July 3, 2016']",['Jin Tanaka'],['Miho Shiraishi'],['Kenji Yokoyama'],['Satoshi Itō'],7.5,2,0.0,6.2,746.0,8.0,182
749,"['July 10, 2016']",['Shōji Yonemura'],['Ryūji Yoshiike'],['Takagi Masayuki'],['Kentarō Fujita'],8.5,4,0.0,6.3,729.0,7.6,187
750,"['July 17, 2016']",['Jin Tanaka'],['Miho Shiraishi'],['Toshio Deguchi'],['Yoshihiro Ueda'],8.0,2,0.0,6.3,726.0,8.0,379
751,"['July 31, 2016']",['Tomohiro Nakayama'],['Ryūji Yoshiike'],['Shigefumi Shingaki'],['Katsumi Tokoro'],7.9,5,2.0,7.1,834.0,8.0,366
752,"['August 7, 2016']",['Atsuhiro Tomioka'],['Miho Shiraishi'],['Yūsuke Isōchi'],['Tetsuya Endō'],7.4,4,13.0,7.6,856.0,8.8,327
753,"['August 21, 2016']",['Atsuhiro Tomioka'],['Ryūji Yoshiike'],['Shūichi Itō'],['Takashi Ōtsuka'],6.8,5,16.0,7.4,857.0,8.6,326
754,"['August 28, 2016']",['Atsuhiro Tomioka'],['Miho Shiraishi'],['Isamu Takara'],['Yasunori Koyama'],7.0,5,15.0,7.5,835.0,9.0,269
755,"['September 4, 2016']",['Tomohiro Nakayama'],['Ryūji Yoshiike'],['Atsuko Kawamura'],['Masahiro Hosoda'],7.6,4,15.0,7.5,875.0,9.0,321
756,"['September 11, 2016']",['Shōji Yonemura'],['Miho Shiraishi'],['Kenji Yokoyama'],['Satoshi Itō'],8.8,4,13.0,7.5,842.0,8.6,297
757,"['September 25, 2016']",['Atsuhiro Tomioka'],['Ryūji Yoshiike'],['Takagi Masayuki'],['Yoshihiro Ueda'],7.0,3,11.0,7.5,837.0,8.6,271
758,"['October 2, 2016']",['Tomohiro Nakayama'],['Miho Shiraishi'],['Yūsuke Isōchi'],['Kentarō Fujita'],6.6,4,12.0,7.4,841.0,8.4,252
759,"['October 9, 2016']",['Shōji Yonemura'],['Ryūji Yoshiike'],['Toshio Deguchi'],['Katsumi Tokoro'],6.9,3,11.0,7.7,1003.0,8.6,255
760,"['October 16, 2016']",['Jin Tanaka'],['Miho Shiraishi'],['Shigefumi Shingaki'],['Tetsuya Endō'],6.2,7,14.0,7.7,999.0,8.8,298
761,"['October 23, 2016']",['Atsuhiro Tomioka'],['Ryūji Yoshiike'],"['Midori Matsuda', 'Kazuya Hisada']",['Yoshihiro Ueda'],6.6,5,13.0,7.6,896.0,8.6,254
762,"['October 30, 2016']",['Tomohiro Nakayama'],['Miho Shiraishi'],['Shūichi Itō'],['Kentarō Fujita'],6.6,6,10.0,7.9,1076.0,9.0,227
763,"['November 6, 2016']",['Shōji Yonemura'],['Ryūji Yoshiike'],['Isamu Takara'],['Satoshi Itō'],6.4,6,15.0,8.4,1608.0,9.0,259
764,"['November 13, 2016']",['Jin Tanaka'],['Miho Shiraishi'],['Atsuko Kawamura'],['Yasunori Koyama'],6.8,3,14.0,8.6,1750.0,9.2,266
765,"['November 20, 2016']",['Atsuhiro Tomioka'],['Ryūji Yoshiike'],['Toshio Deguchi'],['Tatsuya Nagamine'],7.1,6,2.0,7.3,894.0,8.6,284
766,"['November 27, 2016']",['Tomohiro Nakayama'],['Miho Shiraishi'],['Kenji Yokoyama'],['Masahiro Hosoda'],7.3,5,15.0,7.6,1024.0,8.8,238
767,"['December 4, 2016']",['Shōji Yonemura'],['Ryūji Yoshiike'],['Keiichi Ichikawa'],['Toshinori Fukuzawa'],8.2,4,15.0,9.2,2904.0,9.6,440
768,"['December 11, 2016']",['Jin Tanaka'],['Miho Shiraishi'],['Masayuki Takagi'],['Yoshihiro Ueda'],6.5,7,11.0,7.8,1093.0,8.8,238
769,"['December 18, 2016']",['Tomohiro Nakayama'],['Ryūji Yoshiike'],['Shigefumi Shingaki'],['Katsumi Tokoro'],7.1,4,9.0,8.7,1958.0,9.2,321
770,"['December 25, 2016']",['Tomohiro Nakayama'],['Miho Shiraishi'],['Shūichi Itō'],['Kentarō Fujita'],6.1,4,10.0,9.1,2709.0,9.2,335
771,"['January 8, 2017']",['Atsuhiro Tomioka'],"['Ryūji Yoshiike', 'Miho Shiraishi']",['Midori Matsuda'],['Satoshi Itō'],7.5,3,11.0,8.2,1023.0,9.0,294
772,"['January 15, 2017']",['Shōji Yonemura'],['Miho Shiraishi'],['Yūsuke Isōchi'],['Yasunori Koyama'],7.3,6,11.0,8.0,950.0,9.2,276
773,"['January 22, 2017']",['Jin Tanaka'],['Ryūji Yoshiike'],['Isamu Takara'],['Yoshihiro Ueda'],8.2,5,10.0,7.9,914.0,8.8,247
774,"['January 29, 2017']",['Atsuhiro Tomioka'],['Miho Shiraishi'],['Kenji Yokoyama'],['Takashi Ōtsuka'],7.1,6,12.0,8.1,1030.0,8.4,285
775,"['February 5, 2017']",['Hirohiko Kamisaka'],['Ryūji Yoshiike'],['Toshio Deguchi'],['Masahiro Hosoda'],7.1,6,0.0,7.2,835.0,8.4,237
776,"['February 12, 2017']",['Tomohiro Nakayama'],['Miho Shiraishi'],['Masayuki Takagi'],['Yasunori Koyama'],6.1,6,15.0,7.5,839.0,9.0,250
777,"['February 19, 2017']",['Shōji Yonemura'],['Ryūji Yoshiike'],['Shigefumi Shingaki'],['Katsumi Tokoro'],7.3,5,6.0,7.0,917.0,8.4,266
778,"['February 26, 2017']",['Shōji Yonemura'],['Miho Shiraishi'],['Shūichi Itō'],['Yoshihiro Ueda'],7.3,5,23.0,7.1,884.0,8.6,242
779,"['March 5, 2017']",['Jin Tanaka'],['Ryūji Yoshiike'],['Yūsuke Isōchi'],['Kentarō Fujita'],6.8,5,12.0,7.7,858.0,8.8,273
780,"['March 19, 2017']",['Hirohiko Kamisaka'],['Miho Shiraishi'],['Kenji Yokoyama'],['Satoshi Itō'],5.7,5,0.0,6.8,748.0,8.2,239
781,"['March 26, 2017']",['Tomohiro Nakayama'],['Ryūji Yoshiike'],"['Midori Matsuda', 'Shūichi Itō']",['Yoshihiro Ueda'],6.6,3,0.0,6.7,754.0,8.2,180
782,"['April 2, 2017']",['Jin Tanaka'],['Miho Shiraishi'],"['Isamu Takara', 'Kazuya Hisada']",['Satoshi Itō'],6.5,5,0.0,7.0,746.0,8.2,211
783,"['April 9, 2017']",['Tomohiro Nakayama'],['Ryūji Yoshiike'],['Toshio Deguchi'],['Yasunori Koyama'],7.9,4,10.0,7.6,1078.0,8.6,290
784,"['April 16, 2017']",['Shōji Yonemura'],['Miho Shiraishi'],['Masayuki Takagi'],['Kentarō Fujita'],5.9,6,10.0,7.6,1077.0,8.6,263
785,"['April 23, 2017']",['Jin Tanaka'],['Ryūji Yoshiike'],['Yūsuke Isōchi'],['Yusuke Suzuki'],7.2,4,10.0,8.4,1843.0,9.0,281
786,"['April 30, 2017']",['Tomohiro Nakayama'],['Miho Shiraishi'],['Kenji Yokoyama'],['Toshinori Fukuzawa'],6.6,5,14.0,7.9,1152.0,9.4,330
787,"['May 7, 2017']",['Shōji Yonemura'],['Ryūji Yoshiike'],['Shigefumi Shingaki'],['Katsumi Tokoro'],6.8,3,11.0,7.7,1072.0,8.8,244
788,"['May 14, 2017']",['Atsuhiro Tomioka'],['Miho Shiraishi'],['Shūichi Itō'],['Yoshihiro Ueda'],7.0,5,10.0,7.4,1026.0,8.2,243
789,"['May 21, 2017']",['Shōji Yonemura'],['Ryūji Yoshiike'],['Isamu Takara'],['Yasunori Koyama'],7.6,3,8.0,7.8,1073.0,8.8,261
790,"['May 28, 2017']",['Atsuhiro Tomioka'],['Miho Shiraishi'],['Toshio Deguchi'],['Miho Hirayama'],6.2,5,15.0,7.7,1065.0,8.8,260
791,"['June 4, 2017']",['Tomohiro Nakayama'],['Ryūji Yoshiike'],['Yūsuke Isōchi'],['Kentarō Fujita'],6.2,5,12.0,7.2,918.0,8.0,242
792,"['June 11, 2017']",['Shōji Yonemura'],['Miho Shiraishi'],['Masayuki Takagi'],['Yoshihiro Ueda'],5.8,7,11.0,7.3,904.0,8.6,244
793,"['June 18, 2017']",['Jin Tanaka'],['Ryūji Yoshiike'],['Kimitaka Itō'],['Katsumi Tokoro'],7.0,4,13.0,8.2,1144.0,9.2,267
794,"['June 25, 2017']",['Atsuhiro Tomioka'],['Miho Shiraishi'],['Kenji Yokoyama'],['Yusuke Suzuki'],6.1,5,10.0,7.9,1120.0,8.8,233
795,"['July 2, 2017']",['Tomohiro Nakayama'],['Ryūji Yoshiike'],['Shigefumi Shingaki'],['Yasunori Koyama'],6.2,5,13.0,7.5,1033.0,8.6,238
796,"['July 9, 2017']",['Shōji Yonemura'],['Miho Shiraishi'],['Shūichi Itō'],['Satoshi Itō'],6.6,4,14.0,7.6,1023.0,8.6,242
797,"['July 16, 2017']",['Jin Tanaka'],['Ryūji Yoshiike'],['Isamu Takara'],['Kentarō Fujita'],6.2,3,13.0,7.7,1065.0,8.6,230
798,"['July 23, 2017']",['Tomohiro Nakayama'],['Miho Shiraishi'],['Toshio Deguchi'],['Yoshihiro Ueda'],6.7,3,11.0,8.2,1539.0,8.4,247
799,"['July 30, 2017']",['Shōji Yonemura'],['Ryūji Yoshiike'],['Masayuki Takagi'],['Katsumi Tokoro'],6.1,5,11.0,8.5,1833.0,9.0,260
800,"['August 6, 2017']",['Atsuhiro Tomioka'],['Miho Shiraishi'],['Kimitaka Itō'],['Yusuke Suzuki'],5.8,5,11.0,8.6,1808.0,8.6,599
801,"['August 13, 2017']",['Jin Tanaka'],['Ryūji Yoshiike'],['Shigefumi Shingaki'],['Yasunori Koyama'],5.9,2,7.0,8.3,1614.0,8.4,303
802,"['August 20, 2017']",['Tomohiro Nakayama'],['Miho Shiraishi'],['Isamu Takara'],['Kentarō Fujita'],6.9,5,7.0,8.8,2396.0,8.8,258
803,"['August 27, 2017']",['Shōji Yonemura'],['Ryūji Yoshiike'],['Kazuya Hisada'],['Yoshihiro Ueda'],4.8,6,9.0,9.2,2901.0,9.0,254
804,"['September 3, 2017']",['Tomohiro Nakayama'],['Miho Shiraishi'],['Shūichi Itō'],['Satoshi Itō'],6.7,4,12.0,9.5,5068.0,9.2,314
805,"['September 17, 2017']",['Atsuhiro Tomioka'],['Ryūji Yoshiike'],['Masahiro Kitazaki'],['Katsumi Tokoro'],7.6,5,9.0,8.9,2620.0,9.0,254
806,"['September 24, 2017']",['Jin Tanaka'],['Miho Shiraishi'],"['Yūsuke Isōchi', 'Shingo Fujisaki']",['Miho Hirayama'],6.0,4,14.0,9.1,3035.0,9.0,263
807,"['October 1, 2017']",['Shōji Yonemura'],['Ryūji Yoshiike'],['Kenji Yokoyama'],['Takashi Ōtsuka'],4.7,3,2.0,8.3,2247.0,7.0,337
808,"['October 1, 2017']",['Shōji Yonemura'],['Miho Shiraishi'],"['Kenji Yokoyama', 'Noboru Koizumi']",['Takashi Ōtsuka'],4.7,3,17.0,9.7,44939.0,9.4,836
809,"['October 15, 2017']",['Tomohiro Nakayama'],['Ryūji Yoshiike'],['Toshio Deguchi'],['Yusuke Suzuki'],6.0,6,9.0,9.0,2953.0,8.6,273
810,"['October 22, 2017']",['Jin Tanaka'],['Miho Shiraishi'],"['Shigefumi Shingaki', 'Kazuya Hisada']",['Kentarō Fujita'],5.6,6,5.0,9.1,2771.0,9.0,310
811,"['October 29, 2017']",['Atsuhiro Tomioka'],['Ryūji Yoshiike'],['Shūichi Itō'],['Yasunori Koyama'],6.0,5,9.0,8.9,2610.0,8.6,260
812,"['November 5, 2017']",['Shōji Yonemura'],['Miho Shiraishi'],['Masayuki Takagi'],['Yoshihiro Ueda'],6.1,6,13.0,8.8,2495.0,8.8,231
813,"['November 12, 2017']",['Tomohiro Nakayama'],['Ryūji Yoshiike'],"['Kimitaka Itō', 'Eisaku Inoue']",['Katsumi Tokoro'],6.6,6,11.0,8.5,1876.0,9.0,234
814,"['November 19, 2017']",['Jin Tanaka'],['Miho Shiraishi'],['Yūsuke Isōchi'],['Satoshi Itō'],6.4,6,13.0,8.5,1861.0,8.8,230
815,"['November 26, 2017']",['Shōji Yonemura'],['Ryūji Yoshiike'],['Masahiro Kitazaki'],['Yusuke Suzuki'],6.4,6,6.0,8.9,2531.0,8.8,260
816,"['December 3, 2017']",['Atsuhiro Tomioka'],['Miho Shiraishi'],['Noboru Koizumi'],['Masahiro Hosoda'],5.9,6,1.0,9.0,2708.0,9.2,287
817,"['December 10, 2017']",['Shōji Yonemura'],['Ryūji Yoshiike'],['Midori Matsuda'],['Miho Hirayama'],6.7,4,6.0,9.6,6168.0,9.6,477
818,"['December 17, 2017']",['Tomohiro Nakayama'],['Miho Shiraishi'],"['Kenji Yokoyama', 'Fukumoto Yasuko']",['Kentarō Fujita'],6.2,4,9.0,9.2,2899.0,9.2,266
819,"['December 24, 2017']",['Jin Tanaka'],['Ryūji Yoshiike'],['Shigefumi Shingaki'],['Yoshihiro Ueda'],5.0,4,11.0,9.2,2924.0,9.2,275
820,"['January 7, 2018']",['Shōji Yonemura'],['Miho Shiraishi'],['Shingo Fujisaki'],['Yasunori Koyama'],5.6,4,10.0,8.9,2670.0,8.8,292
821,"['January 14, 2018']",['Tomohiro Nakayama'],['Ryūji Yoshiike'],['Shūichi Itō'],['Yusuke Suzuki'],5.7,6,8.0,8.5,1945.0,8.8,225
822,"['January 21, 2018']",['Jin Tanaka'],['Miho Shiraishi'],['Masahiro Kitazaki'],['Kentarō Fujita'],6.4,6,13.0,7.9,1351.0,8.8,245
823,"['January 28, 2018']",['Atsuhiro Tomioka'],['Ryūji Yoshiike'],['Masayuki Takagi'],['Hiroyuki Satō'],7.1,6,10.0,8.3,1689.0,8.6,240
824,"['February 4, 2018']",['Shōji Yonemura'],['Miho Shiraishi'],"['Kazuya Hisada', 'Toshio Deguchi']",['Aya Komaki'],6.1,7,9.0,8.8,2059.0,9.0,294
825,"['February 11, 2018']",['Shōji Yonemura'],['Ryūji Yoshiike'],['Kenji Yokoyama'],['Satoshi Itō'],5.6,6,9.0,9.5,4673.0,9.4,465
826,"['February 18, 2018']",['Tomohiro Nakayama'],['Miho Shiraishi'],['Toshio Deguchi'],['Katsumi Tokoro'],6.4,6,13.0,8.9,2517.0,9.0,309
827,"['March 4, 2018']",['Kisa Miura'],['Ryūji Yoshiike'],['Shigefumi Shingaki'],['Yoshihiro Ueda'],5.5,6,13.0,7.9,1298.0,8.8,269
828,"['March 18, 2018']",['Jin Tanaka'],['Miho Shiraishi'],['Masahiro Kitazaki'],['Masahiro Hosoda'],5.0,3,14.0,8.5,1786.0,8.8,272
829,"['March 25, 2018']",['Shōji Yonemura'],['Ryūji Yoshiike'],['Shūichi Itō'],['Yasunori Koyama'],6.6,4,10.0,7.9,1206.0,9.0,246
830,"['April 1, 2018']",['Tomohiro Nakayama'],['Miho Shiraishi'],['Yūsuke Isōchi'],['Aya Komaki'],5.1,5,10.0,8.7,2030.0,8.8,354
831,"['April 8, 2018']",['Kisa Miura'],"['Ryūji Yoshiike', 'Yū Saitō']","['Kenji Yokoyama', 'Fukumoto Yasuko']",['Yusuke Suzuki'],5.9,5,15.0,7.9,1210.0,9.0,273
832,"['April 15, 2018']",['Jin Tanaka'],['Miho Shiraishi'],['Masayuki Takagi'],['Yoshihiro Ueda'],6.5,5,15.0,9.2,2902.0,9.4,316
833,"['April 22, 2018']",['Tomohiro Nakayama'],['Ryūji Yoshiike'],['Shigefumi Shingaki'],['Hiroyuki Satō'],6.6,6,16.0,9.5,4948.0,9.6,365
834,"['April 29, 2018']",['Shōji Yonemura'],['Miho Shiraishi'],['Masahiro Kitazaki'],['Satoshi Itō'],5.1,6,15.0,9.1,2686.0,9.0,280
835,"['May 6, 2018']",['Kisa Miura'],"['Ryūji Yoshiike', 'Yū Saitō']",['Shūichi Itō'],['Katsumi Tokoro'],5.3,4,15.0,9.1,2628.0,9.0,291
836,"['May 13, 2018']",['Atsuhiro Tomioka'],['Miho Shiraishi'],['Toshio Deguchi'],['Yutaka Nakashima'],6.3,6,15.0,8.0,1278.0,8.8,257
837,"['May 20, 2018']",['Jin Tanaka'],['Ryūji Yoshiike'],"['Kenji Yokoyama', 'Fukumoto Yasuko']",['Masahiro Hosoda'],4.8,6,15.0,8.8,2400.0,8.8,277
838,"['May 27, 2018']",['Tomohiro Nakayama'],['Miho Shiraishi'],['Masayuki Takagi'],['Yoshihiro Ueda'],6.0,6,13.0,8.1,1241.0,9.0,233
839,"['June 3, 2018']",['Shōji Yonemura'],"['Yū Saitō', 'Ryūji Yoshiike']","['Masahiro Shimanuki', 'Keiichi Ichikawa']",['Aya Komaki'],5.5,6,15.0,8.4,1718.0,9.2,181
840,"['June 10, 2018']",['Atsuhiro Tomioka'],['Miho Shiraishi'],['Shigefumi Shingaki'],['Yutaka Nakashima'],6.2,6,13.0,7.9,1163.0,9.0,203
841,"['June 17, 2018']",['Kisa Miura'],['Ryūji Yoshiike'],['Masahiro Kitazaki'],['Kōhei Kureta'],5.4,7,12.0,8.6,1810.0,9.0,185
842,"['June 24, 2018']",['Jin Tanaka'],['Miho Shiraishi'],"['Toshio Deguchi', 'Eisaku Inoue']",['Yusuke Suzuki'],5.6,6,11.0,8.6,1811.0,9.2,176
843,"['July 1, 2018']",['Tomohiro Nakayama'],['Yū Saitō'],"['Shūichi Itō', 'Kimitaka Itō']",['Takahiro Imamura'],5.0,6,14.0,7.8,1138.0,8.8,165
844,"['July 8, 2018']",['Shōji Yonemura'],['Miho Shiraishi'],"['Kenji Yokoyama', 'Fukumoto Yasuko']",['Satoshi Itō'],5.3,5,13.0,7.7,1093.0,9.0,170
845,"['July 15, 2018']",['Atsuhiro Tomioka'],['Ryūji Yoshiike'],['Masayuki Takagi'],['Yoshihiro Ueda'],5.1,4,14.0,7.8,1131.0,9.0,195
846,"['July 22, 2018']",['Jin Tanaka'],['Miho Shiraishi'],['Masahiro Shimanuki'],['Yutaka Nakashima'],5.4,6,12.0,7.8,1124.0,8.8,181
847,"['July 29, 2018']",['Kisa Miura'],['Yū Saitō'],['Shigefumi Shingaki'],['Masahiro Hosoda'],5.4,6,13.0,7.8,1131.0,8.8,179
848,"['August 5, 2018']",['Tomohiro Nakayama'],['Miho Shiraishi'],"['Kimitaka Itō', 'Eisaku Inoue']",['Hiroyuki Satō'],5.4,6,12.0,7.8,1162.0,8.6,185
849,"['August 12, 2018']",['Shōji Yonemura'],['Ryūji Yoshiike'],['Shūichi Itō'],['Katsumi Tokoro'],5.2,4,9.0,9.4,3928.0,9.4,341
850,"['August 19, 2018']",['Atsuhiro Tomioka'],['Miho Shiraishi'],['Masayuki Takagi'],['Ryōta Nakamura'],6.1,6,13.0,9.3,3744.0,9.0,415
851,"['August 26, 2018']",['Jin Tanaka'],['Yū Saitō'],['Toshio Deguchi'],['Kōhei Kureta'],4.3,7,13.0,8.9,2589.0,9.0,283
852,"['September 2, 2018']",['Shōji Yonemura'],['Miho Shiraishi'],"['Kenji Yokoyama', 'Fukumoto Yasuko']",['Aya Komaki'],5.0,7,12.0,9.0,2731.0,9.0,260
853,"['September 16, 2018']",['Kisa Miura'],['Ryūji Yoshiike'],['Shigefumi Shingaki'],['Yoshihiro Ueda'],5.0,6,12.0,8.5,1897.0,8.8,233
854,"['September 23, 2018']",['Tomohiro Nakayama'],['Miho Shiraishi'],['Masahiro Shimanuki'],['Satoshi Itō'],4.4,4,12.0,8.8,2450.0,8.6,234
855,"['September 30, 2018']",['Atsuhiro Tomioka'],['Yū Saitō'],"['Kimitaka Itō', 'Eisaku Inoue']",['Yusuke Suzuki'],4.5,5,12.0,8.6,1903.0,8.8,244
856,"['October 7, 2018']",['Jin Tanaka'],['Miho Shiraishi'],['Masahiro Kitazaki'],['Toshinori Fukuzawa'],5.0,4,12.0,9.3,3530.0,9.2,341
857,"['October 14, 2018']",['Shōji Yonemura'],['Ryūji Yoshiike'],['Shūichi Itō'],['Yasunori Koyama'],5.5,5,13.0,9.0,2698.0,9.0,259
858,"['October 21, 2018']",['Kisa Miura'],['Miho Shiraishi'],"['Kenji Yokoyama', 'Fukumoto Yasuko']",['Takahiro Imamura'],5.3,6,9.0,7.9,1299.0,8.8,254
859,"['October 28, 2018']",['Tomohiro Nakayama'],['Yū Saitō'],['Toshio Deguchi'],['Yusuke Suzuki'],5.8,5,12.0,7.5,979.0,8.4,215
860,"['November 4, 2018']",['Atsuhiro Tomioka'],['Miho Shiraishi'],['Yūsuke Isōchi'],['Aya Komaki'],6.6,6,13.0,7.9,1111.0,8.8,273
861,"['November 11, 2018']",['Jin Tanaka'],['Ryūji Yoshiike'],['Shigefumi Shingaki'],['Katsumi Tokoro'],5.0,6,11.0,7.7,1003.0,8.8,227
862,"['November 18, 2018']",['Shōji Yonemura'],['Miho Shiraishi'],"['Masahiro Shimanuki', 'Midori Matsuda']",['Hiroyuki Satō'],5.6,6,4.0,9.1,2974.0,9.2,306
863,"['November 25, 2018']",['Kisa Miura'],['Yū Saitō'],['Masayuki Takagi'],['Yoshihiro Ueda'],4.9,6,13.0,8.2,1214.0,8.8,241
864,"['December 9, 2018']",['Tomohiro Nakayama'],['Miho Shiraishi'],['Masahiro Kitazaki'],['Yutaka Nakashima'],4.9,6,14.0,9.0,2684.0,9.2,240
865,"['December 16, 2018']",['Jin Tanaka'],['Ryūji Yoshiike'],"['Kenji Yokoyama', 'Fukumoto Yasuko']",['Yusuke Suzuki'],4.9,6,11.0,8.6,1848.0,9.0,227
866,"['December 23, 2018']",['Shōji Yonemura'],['Miho Shiraishi'],['Toshio Deguchi'],['Yoshihiro Ueda'],5.7,3,12.0,8.1,1335.0,8.8,230
867,"['January 6, 2019']",['Kisa Miura'],['Yū Saitō'],"['Kimitaka Itō', 'Eisaku Inoue']",['Masahiro Hosoda'],4.7,4,14.0,8.6,2016.0,8.6,262
868,"['January 13, 2019']",['Tomohiro Nakayama'],['Miho Shiraishi'],['Shūichi Itō'],['Aya Komaki'],5.0,4,12.0,9.5,5050.0,9.4,349
869,"['January 20, 2019']",['Jin Tanaka'],['Ryūji Yoshiike'],"['Kazuya Hisada', 'Yūsuke Isōchi']",['Katsumi Tokoro'],6.0,6,5.0,9.3,3579.0,9.2,301
870,"['January 27, 2019']",['Shōji Yonemura'],['Miho Shiraishi'],['Masahiro Shimanuki'],['Kōhei Kureta'],5.2,7,15.0,9.7,21685.0,9.6,653
871,"['February 3, 2019']",['Tomohiro Nakayama'],['Yū Saitō'],['Shigefumi Shingaki'],['Yutaka Nakashima'],5.6,4,16.0,9.5,10068.0,9.0,366
872,"['February 10, 2019']",['Jin Tanaka'],['Miho Shiraishi'],['Masahiro Kitazaki'],['Yoshihiro Ueda'],4.5,7,15.0,8.9,2665.0,9.0,275
873,"['February 17, 2019']",['Shōji Yonemura'],['Ryūji Yoshiike'],['Kenji Yokoyama'],['Satoshi Itō'],4.7,6,15.0,9.0,2843.0,9.0,266
874,"['February 24, 2019']",['Tomohiro Nakayama'],['Miho Shiraishi'],['Masayuki Takagi'],['Yoshihiro Ueda'],5.5,6,15.0,8.6,1944.0,8.8,252
875,"['March 3, 2019']",['Jin Tanaka'],['Yū Saitō'],['Toshio Deguchi'],['Aya Komaki'],5.7,5,16.0,8.6,1967.0,8.8,300
876,"['March 17, 2019']",['Tomohiro Nakayama'],['Miho Shiraishi'],['Shūichi Itō'],['Masahiro Hosoda'],5.4,6,15.0,8.9,2688.0,9.0,282
877,"['March 24, 2019']",['Shōji Yonemura'],['Ryūji Yoshiike'],['Yūsuke Isōchi'],['Toshinori Fukuzawa'],5.0,4,16.0,9.4,4736.0,9.4,551
878,"['March 31, 2019']",['Shōji Yonemura'],['Miho Shiraishi'],"['Kimitaka Itō', 'Eisaku Inoue']",['Yutaka Nakashima'],5.3,4,23.0,8.7,2217.0,8.4,412
879,"['April 7, 2019']",['Jin Tanaka'],['Yū Saitō'],['Shigefumi Shingaki'],['Yoshihiro Ueda'],5.7,6,3.0,7.7,1013.0,8.6,326
880,"['April 14, 2019']",['Tomohiro Nakayama'],['Miho Shiraishi'],['Masahiro Kitazaki'],['Hiroyuki Satō'],5.9,4,13.0,7.7,1008.0,8.8,348
881,"['April 21, 2019']",['Atsuhiro Tomioka'],['Ryūji Yoshiike'],['Kazuya Hisada'],['Yusuke Suzuki'],5.2,7,2.0,6.3,1148.0,6.8,278
882,"['April 28, 2019']",['Atsuhiro Tomioka'],['Miho Shiraishi'],['Toshio Deguchi'],['Satoshi Itō'],5.1,6,2.0,6.5,1039.0,7.6,250
883,"['May 5, 2019']",['Shōji Yonemura'],['Yū Saitō'],['Shūichi Itō'],['Katsumi Tokoro'],4.1,4,6.0,6.6,1021.0,8.0,241
884,"['May 12, 2019']",['Tomohiro Nakayama'],['Miho Shiraishi'],"['Kimitaka Itō', 'Eisaku Inoue']",['Yutaka Nakashima'],4.5,6,8.0,6.7,1040.0,8.0,257
885,"['May 19, 2019']",['Jin Tanaka'],['Ryūji Yoshiike'],"['Kazuya Hisada', 'Masahiro Shimanuki']",['Yoshihiro Ueda'],5.0,6,15.0,7.4,1175.0,8.2,279
886,"['May 26, 2019']",['Atsuhiro Tomioka'],['Miho Shiraishi'],['Kenji Yokoyama'],['Masahiro Hosoda'],5.1,4,9.0,7.3,1050.0,8.8,246
887,"['June 2, 2019']",['Shōji Yonemura'],['Yū Saitō'],['Masahiro Kitazaki'],['Yutaka Nakashima'],5.4,6,4.0,8.2,1740.0,8.2,255
888,"['June 9, 2019']",['Tomohiro Nakayama'],['Miho Shiraishi'],['Shigefumi Shingaki'],['Katsumi Tokoro'],5.6,6,7.0,7.7,1061.0,8.8,283
889,"['June 16, 2019']",['Jin Tanaka'],['Ryūji Yoshiike'],['Toshio Deguchi'],['Yoshihiro Ueda'],5.4,6,7.0,7.6,1087.0,8.0,322
890,"['June 23, 2019']",['Atsuhiro Tomioka'],['Yū Saitō'],"['Kenji Yokoyama', 'Toshio Deguchi']",['Yusuke Suzuki'],6.5,6,5.0,7.3,1087.0,8.6,340
891,"['June 30, 2019']",['Tomohiro Nakayama'],['Miho Shiraishi'],['Kazuya Hisada'],['Toshinori Fukuzawa'],6.3,4,12.0,8.6,2248.0,9.0,452
892,"['July 7, 2019']",['Shōji Yonemura'],"['Sadaaki Honma', 'Toshinori Iino']",['Midori Matsuda'],['Tatsuya Nagamine'],5.2 (Original)5.3 (Rerun),5 (Both),11.0,9.3,4886.0,9.6,820
893,"['July 14, 2019']",['Atsuhiro Tomioka'],"['Sadaaki Honma', 'Midori Tanaka']",['Shūichi Itō'],['Kōhei Kureta'],5.3 (Original)4.1 (Rerun),4 (Original)7 (Rerun),9.0,8.9,2992.0,9.2,395
894,"['July 21, 2019']",['Jin Tanaka'],"['Sadaaki Honma', 'Guo Wei Huang']","['Yūsuke Isōchi', 'Yukiko Nakatani']",['Aya Komaki'],6.0 (Original)4.4 (Rerun),5 (Original)6 (Rerun),11.0,9.1,3099.0,9.4,400
895,"['July 28, 2019']",['Atsuhiro Tomioka'],['Ryūji Yoshiike'],['Masahiro Kitazaki'],['Yutaka Nakashima'],4.7 (Original)4.4 (Rerun),5 (Original)6 (Rerun),0.0,5.8,935.0,7.4,283
896,"['August 4, 2019']",['Atsuhiro Tomioka'],['Miho Shiraishi'],['Shigefumi Shingaki'],['Hiroyuki Satō'],4.2 (Both),6 (Original)5 (Rerun),0.0,5.7,945.0,7.4,238
897,"['August 11, 2019']",['Tomohiro Nakayama'],['Toshinori Iino'],"['Eisaku Inoue', 'Kimitaka Itō']",['Satoshi Itō'],5.2 (Original)4.6 (Rerun),6 (Original)5 (Rerun),11.0,8.8,2673.0,9.2,343
898,"['August 18, 2019']",['Shinzō Fujita'],"['Natsuko Tosugi', 'Yū Saitō']",['Masahiro Shimanuki'],['Yasunori Koyama'],4.2 (Original)3.7 (Rerun),4 (Original)7 (Rerun),9.0,8.6,2072.0,8.2,327
899,"['August 25, 2019']",['Akiko Inoue'],['Toshinori Iino'],['Toshio Deguchi'],['Yusuke Suzuki'],4.6 (Original)3.6 (Rerun),6 (Original)9 (Rerun),8.0,9.1,3268.0,9.0,327
900,"['September 1, 2019']",['Shōji Yonemura'],['Guo Wei Huang'],['Kenji Yokoyama'],['Tasuku Shimaya'],6.2 (Original)4.1 (Rerun),6 (Original)5 (Rerun),11.0,8.6,2020.0,8.6,761
901,"['September 8, 2019']",['Jin Tanaka'],"['Guo Wei Huang', 'Midori Tanaka']",['Kazuya Hisada'],['Satoshi Itō'],5.6,5,9.0,7.6,1234.0,8.4,382
902,"['September 15, 2019']",['Tomohiro Nakayama'],['Yū Saitō'],['Masahiro Kitazaki'],['Katsumi Tokoro'],4.7,5,12.0,7.5,1204.0,8.2,352
903,"['September 22, 2019']",['Ryo Yamazaki'],['Sadaaki Honma'],['Shūichi Itō'],['Yusuke Suzuki'],5.4,3,9.0,7.1,1164.0,8.0,342
904,"['September 29, 2019']",['Shinzō Fujita'],"['Midori Tanaka', 'Tongnian Chen']",['Masayuki Takagi'],['Masahiro Hosoda'],5.7,3,7.0,7.0,1118.0,7.4,331
905,"['October 6, 2019']",['Akiko Inoue'],['Guo Wei Huang'],['Masahiro Shimanuki'],['Tasuku Shimaya'],5.0,4,11.0,8.5,1958.0,8.6,348
906,"['October 13, 2019']",['Shōji Yonemura'],['Toshinori Iino'],['Shigefumi Shingaki'],['Yasunori Koyama'],6.5,2,9.0,8.6,1948.0,8.6,300
907,"['October 20, 2019']",['Shōji Yonemura'],['Ryūji Yoshiike'],"['Kimitaka Itō', 'Eisaku Inoue']",['Kōhei Kureta'],4.6,4,0.0,6.0,948.0,8.0,319
908,"['October 27, 2019']",['Jin Tanaka'],['Guo Wei Huang'],['Toshio Deguchi'],['Yutaka Nakashima'],5.3,4,8.0,8.5,1995.0,8.8,301
909,"['November 10, 2019']",['Tomohiro Nakayama'],['Midori Tanaka'],['Kenji Yokoyama'],['Aya Komaki'],4.8,7,11.0,9.0,2834.0,9.0,344
910,"['November 17, 2019']",['Shinzō Fujita'],['Midori Tanaka'],['Kazuya Hisada'],['Satoshi Itō'],5.4,4,10.0,8.9,2733.0,8.8,385
911,"['November 24, 2019']",['Ryo Yamazaki'],['Midori Tanaka'],['Masahiro Kitazaki'],['Daisuke Nakajima'],5.1,4,11.0,8.2,1727.0,9.0,312
912,"['December 1, 2019']",['Akiko Inoue'],['Guo Wei Huang'],['Masayuki Takagi'],['Masahiro Hosoda'],3.9,7,12.0,9.2,3789.0,9.0,372
913,"['December 8, 2019']",['Tomohiro Nakayama'],"['Guo Wei Huang', 'Tongnian Chen']",['Eisaku Inoue'],['Yusuke Suzuki'],4.8,5,13.0,9.3,3740.0,9.0,365
914,"['December 15, 2019']",['Shinzō Fujita'],['Midori Tanaka'],"['Masahiro Shimanuki', 'Kimitaka Itō']",['Yasunori Koyama'],4.5,5,11.0,9.6,9942.0,9.0,529
915,"['December 22, 2019']",['Ryo Yamazaki'],['Guo Wei Huang'],['Shigefumi Shingaki'],['Katsumi Tokoro'],4.9,5,7.0,9.6,8226.0,9.0,505
916,"['January 5, 2020']",['Shōji Yonemura'],['Tongnian Chen'],['Shūichi Itō'],['Yutaka Nakashima'],4.6,4,10.0,8.9,2905.0,9.2,437
917,"['January 12, 2020']",['Jin Tanaka'],['Guo Wei Huang'],['Kenji Yokoyama'],['Aya Komaki'],4.2,5,10.0,9.0,3303.0,9.0,411
918,"['January 19, 2020']",['Akiko Inoue'],['Yurino Doi'],['Kazuya Hisada'],['Masahiro Hosoda'],3.6,5,11.0,8.0,1665.0,8.6,296
919,"['January 26, 2020']",['Atsuhiro Tomioka'],['Guo Wei Huang'],"['Yūki Minagawa', 'Yūsuke Isōchi', 'Yukiko Nakatani']",['Satoshi Itō'],4.2,6,9.0,8.2,1686.0,9.0,315
920,"['February 2, 2020']",['Shinzō Fujita'],['Midori Tanaka'],"['Keita Saitō', 'Toshio Deguchi']",['Yutaka Nakashima'],4.2,6,12.0,7.5,1347.0,8.4,351
921,"['February 9, 2020']",['Tomohiro Nakayama'],['Toshinori Iino'],['Masahiro Kitazaki'],['Yasunori Koyama'],4.9,4,15.0,6.9,1368.0,8.2,327
922,"['February 16, 2020']",['Ryo Yamazaki'],['Sadaaki Honma'],['Masayuki Takagi'],['Yusuke Suzuki'],4.8,4,10.0,8.0,1813.0,8.8,320
923,"['February 23, 2020']",['Shōji Yonemura'],['Midori Tanaka'],['Masahiro Shimanuki'],['Katsumi Tokoro'],4.7,4,11.0,8.1,1778.0,8.8,298
924,"['March 15, 2020']",['Jin Tanaka'],['Guo Wei Huang'],"['Eisaku Inoue', 'Kimitaka Itō']",['Tasuku Shimaya'],5.0,6,10.0,8.9,2953.0,8.8,306
925,"['March 22, 2020']",['Akiko Inoue'],['Midori Tanaka'],['Kenji Yokoyama'],['Nanami Michibata'],3.8,6,11.0,9.0,3065.0,9.2,399
926,"['March 29, 2020']",['Shinzō Fujita'],['Yurino Doi'],['Shūichi Itō'],['Ryōsuke Tanaka'],5.0,7,10.0,7.7,1316.0,8.8,306
927,"['April 5, 2020']",['Atsuhiro Tomioka'],"['Minoru Ōnishi', 'Sadaaki Honma']","['Shigefumi Shingaki', 'Keiichi Ichikawa']",['Satoshi Itō'],5.3,5,10.0,7.5,1167.0,8.6,288
928,"['April 12, 2020']",['Tomohiro Nakayama'],"['Minoru Ōnishi', 'Sadaaki Honma']",['Kazuya Hisada'],['Katsumi Tokoro'],5.1,6,12.0,7.5,1155.0,8.8,324
929,"['April 19, 2020']",['Ryo Yamazaki'],['Tongnian Chen'],"['Eisaku Inoue', 'Kimitaka Itō']",['Yasunori Koyama'],4.7,6,12.0,7.4,1150.0,8.6,292
930,"['June 28, 2020']",['Shōji Yonemura'],['Guo Wei Huang'],"['Masahiro Shimanuki', 'Shūichi Itō']",['Yusuke Suzuki'],4.4,5,9.0,7.6,1223.0,8.2,401
931,"['July 5, 2020']",['Akiko Inoue'],['Midori Tanaka'],['Yūsuke Isōchi'],['Yutaka Nakashima'],3.9,6,11.0,7.5,1160.0,8.6,289
932,"['July 12, 2020']",['Jin Tanaka'],['Yurino Doi'],['Masayuki Takagi'],['Masahiro Hosoda'],4.5,5,10.0,7.9,1356.0,8.8,311
933,"['July 19, 2020']",['Shinzō Fujita'],['Tongnian Chen'],"['Toshio Deguchi', 'Midori Matsuda']",['Aya Komaki'],4.2,4,11.0,8.9,3031.0,9.0,310
934,"['July 26, 2020']",['Tomohiro Nakayama'],['Guo Wei Huang'],"['Midori Matsuda', 'Keita Saitō']",['Tatsuya Nagamine'],4.2,7,10.0,9.4,4703.0,9.2,395
935,"['August 2, 2020']",['Ryo Yamazaki'],['Midori Tanaka'],['Kenji Yokoyama'],['Kenichi Takeshita'],3.9,5,9.0,8.1,1438.0,9.0,374
936,"['August 9, 2020']",['Shōji Yonemura'],['Yurino Doi'],['Shigefumi Shingaki'],['Tasuku Shimaya'],4.3,4,8.0,7.9,1353.0,9.0,313
937,"['August 16, 2020']",['Akiko Inoue'],['Tongnian Chen'],['Kazuya Hisada'],['Satoshi Itō'],4.9,4,12.0,7.7,1301.0,9.0,284
938,"['August 23, 2020']",['Shinzō Fujita'],['Guo Wei Huang'],['Shūichi Itō'],['Yasunori Koyama'],4.4,5,10.0,7.6,1172.0,9.0,291
939,"['August 30, 2020']",['Jin Tanaka'],['Midori Tanaka'],['Masahiro Shimanuki'],['Yusuke Suzuki'],4.4,4,12.0,8.8,2684.0,8.8,289
940,"['September 6, 2020']",['Tomohiro Nakayama'],['Toshinori Iino'],"['Eisaku Inoue', 'Kimitaka Itō']",['Yutaka Nakashima'],4.4,5,9.0,9.4,4669.0,9.4,454
941,"['September 13, 2020']",['Ryo Yamazaki'],['Yurino Doi'],['Masayuki Takagi'],['Katsumi Tokoro'],4.3,5,13.0,9.2,3162.0,9.0,384
942,"['September 20, 2020']",['Shōji Yonemura'],['Tongnian Chen'],"['Toshio Deguchi', 'Keita Saitō']",['Kōhei Kureta'],4.7,5,11.0,8.9,2830.0,9.0,325
943,"['September 27, 2020']",['Akiko Inoue'],['Guo Wei Huang'],['Shigefumi Shingaki'],['Tasuku Shimaya'],4.4,4,11.0,8.6,2059.0,9.0,305
944,"['October 4, 2020']",['Shinzō Fujita'],['Midori Tanaka'],['Kenji Yokoyama'],['Masahiro Hosoda'],4.6,5,7.0,7.8,1382.0,8.8,302
945,"['October 11, 2020']",['Jin Tanaka'],['Toshinori Iino'],['Kazuya Hisada'],['Yusuke Suzuki'],5.0,7,15.0,8.6,2159.0,9.0,359
946,"['October 18, 2020']",['Tomohiro Nakayama'],['Yurino Doi'],['Yong-Ce Tu'],['Yutaka Nakashima'],4.5,8,11.0,7.7,1344.0,8.6,317
947,"['October 25, 2020']",['Ryo Yamazaki'],['Tongnian Chen'],['Ippei Masui'],['Chihiro Kumano'],4.4,6,12.0,7.6,1328.0,8.6,282
948,"['November 1, 2020']",['Shōji Yonemura'],['Guo Wei Huang'],['Shūichi Itō'],['Yutaka Nakashima'],4.3,5,11.0,7.7,1361.0,8.6,290
949,"['November 8, 2020']",['Atsuhiro Tomioka'],['Midori Tanaka'],"['Kimitaka Itō', 'Toshio Deguchi']",['Kenichi Takeshita'],4.6,5,12.0,9.1,3182.0,9.0,339
950,"['November 15, 2020']",['Akiko Inoue'],['Toshinori Iino'],['Masahiro Shimanuki'],['Yasunori Koyama'],4.8,4,11.0,8.9,2980.0,9.0,513
951,"['November 22, 2020']",['Shinzō Fujita'],['Yurino Doi'],['Masayuki Takagi'],['Satoshi Itō'],4.3,5,9.0,8.2,1956.0,9.0,308
952,"['November 29, 2020']",['Jin Tanaka'],['Tongnian Chen'],['Shigefumi Shingaki'],['Katsumi Tokoro'],3.9,6,11.0,8.7,2267.0,9.0,350
953,"['December 6, 2020']",['Tomohiro Nakayama'],['Guo Wei Huang'],['Keita Saitō'],['Ryōsuke Tanaka'],4.4,5,13.0,8.6,2354.0,8.8,301
954,"['December 13, 2020']",['Tomohiro Nakayama'],['Midori Tanaka'],['Kazuya Hisada'],['Kōhei Kureta'],4.4,6,14.0,8.5,2237.0,8.8,312
955,"['December 20, 2020']",['Shōji Yonemura'],['Toshinori Iino'],['Kenji Yokoyama'],['Tasuku Shimaya'],4.3,7,13.0,8.2,2124.0,9.2,311
956,"['December 27, 2020']",['Akiko Inoue'],['Yurino Doi'],"['Midori Matsuda', 'Toshio Deguchi']",['Nanami Michibata'],4.1,5,15.0,9.0,3478.0,9.2,444
957,"['January 10, 2021']",['Shinzō Fujita'],['Tongnian Chen'],"['Eisaku Inoue', 'Kimitaka Itō']",['Megumi Ishitani'],4.3,6,15.0,9.6,13445.0,9.8,939
958,"['January 17, 2021']",['Jin Tanaka'],['Guo Wei Huang'],"['Song Hyeonju', 'Han Eunmi', 'Ippei Masui']",['Hikaru Takeuchi'],4.4,5,16.0,9.6,10343.0,9.4,491
959,"['January 24, 2021']",['Tomohiro Nakayama'],['Midori Tanaka'],['Shūichi Itō'],['Yusuke Suzuki'],4.7,5,20.0,9.0,5194.0,9.0,380
960,"['January 31, 2021']",['Shōji Yonemura'],['Toshinori Iino'],['Masayuki Takagi'],['Aya Komaki'],4.5,5,22.0,8.9,5472.0,8.8,461
961,"['February 7, 2021']",['Ryo Yamazaki'],['Yurino Doi'],['Yūsuke Isōchi'],['Toshinori Fukuzawa'],4.5,6,20.0,8.9,5010.0,9.2,394
962,"['February 14, 2021']",['Atsuhiro Tomioka'],['Tongnian Chen'],['Masahiro Shimanuki'],['Yasunori Koyama'],4.4,4,18.0,9.2,5557.0,9.2,380
963,"['February 21, 2021']",['Akiko Inoue'],['Guo Wei Huang'],"['Shigefumi Shingaki', 'Yong-Ce Tu']",['Satoshi Itō'],4.4,5,11.0,9.4,6914.0,9.4,416
964,"['February 28, 2021']",['Shinzō Fujita'],['Midori Tanaka'],"['Toshio Deguchi', 'Keita Saitō']",['Yutaka Nakashima'],4.0,7,10.0,9.2,5322.0,9.4,390
965,"['March 7, 2021']",['Jin Tanaka'],['Toshinori Iino'],['Kazuya Hisada'],['Kenichi Takeshita'],4.3,5,13.0,9.6,14469.0,9.4,557
966,"['March 21, 2021']",['Tomohiro Nakayama'],['Yurino Doi'],"['Eisaku Inoue', 'Kimitaka Itō', 'Yong-Ce Tu']",['Tasuku Shimaya'],4.5,3,9.0,9.5,8250.0,9.4,466
967,"['March 28, 2021']",['Shōji Yonemura'],['Tongnian Chen'],['Kenji Yokoyama'],['Masahiro Hosoda'],4.3,4,9.0,9.5,7774.0,9.4,520
968,"['April 4, 2021']",['Ryo Yamazaki'],['Guo Wei Huang'],['Shūichi Itō'],['Katsumi Tokoro'],3.8,4,8.0,9.6,32147.0,9.8,908
969,"['April 11, 2021']",['Atsuhiro Tomioka'],['Midori Tanaka'],"['Ippei Masui', 'Han Eunmi', 'Lee Yeseung', 'Kim Juno', 'Masahiro Kitazaki']",['Takaaki Ishiyama'],4.3,5,12.0,9.4,6876.0,9.4,463
970,"['April 18, 2021']",['Akiko Inoue'],['Toshinori Iino'],['Masayuki Takagi'],['Yusuke Suzuki'],4.1,5,11.0,9.1,4831.0,8.8,474
971,"['April 25, 2021']",['Shinzō Fujita'],['Yurino Doi'],['Masahiro Shimanuki'],['Yasunori Koyama'],4.2,4,11.0,9.2,4814.0,9.0,388
972,"['May 2, 2021']",['Jin Tanaka'],['Tongnian Chen'],['Yong-Ce Tu'],['Ryōsuke Tanaka'],3.8,6,12.0,9.5,8609.0,9.6,502
973,"['May 9, 2021']",['Tomohiro Nakayama'],['Guo Wei Huang'],['Shigefumi Shingaki'],['Satoshi Itō'],3.7,5,11.0,9.4,5923.0,9.0,405
974,"['May 16, 2021']",['Shōji Yonemura'],['Midori Tanaka'],"['Keita Saitō', 'Toshio Deguchi']",['Yutaka Nakashima'],4.0,4,14.0,9.7,14853.0,9.4,565
975,"['May 23, 2021']",['Ryo Yamazaki'],['Toshinori Iino'],['Kazuya Hisada'],['Katsumi Tokoro'],3.9,5,12.0,9.4,5670.0,9.2,469
976,"['May 30, 2021']",['Atsuhiro Tomioka'],['Yurino Doi'],"['Eisaku Inoue', 'Kimitaka Itō']",['Tasuku Shimaya'],4.1,4,10.0,9.2,4851.0,9.2,445
977,"['June 6, 2021']",['Akiko Inoue'],['Tongnian Chen'],['Kenji Yokoyama'],['Masahiro Hosoda'],4.3,4,10.0,9.5,7061.0,9.4,541
978,"['June 13, 2021']",['Shinzō Fujita'],['Toshinori Iino'],"['Shūichi Itō', 'Midori Matsuda']",['Kōhei Kureta'],3.8,5,8.0,9.5,7473.0,9.4,688
979,"['June 20, 2021']",['Jin Tanaka'],['Yurino Doi'],"['Shinichi Suzuki', 'Song Hyeonju', 'Lee Yeseung', 'Kim Yujin']",['Toshihiro Maeya'],4.5,4,10.0,9.0,4465.0,8.8,396
980,"['June 27, 2021']",['Tomohiro Nakayama'],['Midori Tanaka'],"['Masayuki Takagi', 'Eisaku Inoue']",['Kenichi Takeshita'],3.5,5,11.0,9.1,4253.0,9.2,562
981,"['July 4, 2021']",['Shōji Yonemura'],['Tongnian Chen'],"['Masahiro Shimanuki', 'Shigenori Taniguchi']",['Yusuke Suzuki'],3.9,3,5.0,9.1,4583.0,9.0,460
982,"['July 11, 2021']",['Ryo Yamazaki'],['Guo Wei Huang'],"['Yong-Ce Tu', 'Keita Saitō', 'Masahiro Kitazaki']",['Megumi Ishitani'],4.2,4,9.0,9.6,18671.0,9.8,1203
983,"['July 18, 2021']",['Atsuhiro Tomioka'],['Midori Tanaka'],"['Toshio Deguchi', 'Shingo Fujisaki']",['Nanami Michibata'],3.7,4,10.0,8.4,3105.0,8.8,453
984,"['July 25, 2021']",['Shōji Yonemura'],['Toshinori Iino'],['Shigefumi Shingaki'],['Yasunori Koyama'],3.1,6,7.0,7.5,2549.0,8.4,493
985,"['August 1, 2021']",['Shinzō Fujita'],['Tongnian Chen'],['Kazuya Hisada'],['Katsumi Tokoro'],3.8,4,9.0,7.8,2348.0,8.4,422
986,"['August 8, 2021']",['Jin Tanaka'],['Yurino Doi'],"['Majiro', 'Shaolei Li', 'Lee Shaolei', 'Feng Cheng Hu']",['Shigeyasu Yamauchi'],4.3,4,10.0,7.6,2215.0,7.8,472
987,"['August 15, 2021']",['Tomohiro Nakayama'],['Guo Wei Huang'],['Kenji Yokoyama'],['Yutaka Nakashima'],4.5,5,11.0,8.0,2465.0,8.6,377
988,"['August 22, 2021']",['Shōji Yonemura'],['Midori Tanaka'],['Shūichi Itō'],['Tasuku Shimaya'],4.1,4,7.0,8.8,3480.0,9.0,415
989,"['August 29, 2021']",['Ryo Yamazaki'],['Toshinori Iino'],['Kimitaka Itō'],['Kōhei Kureta'],4.4,5,3.0,8.2,2501.0,8.8,395
990,"['September 5, 2021']",['Atsuhiro Tomioka'],['Tongnian Chen'],"['Masahiro Kitazaki', 'Yong-Ce Tu']",['Tatsuya Nagamine'],4.3,7,10.0,8.9,3557.0,8.8,537
991,"['September 12, 2021']",['Akiko Inoue'],['Yurino Doi'],"['Toshio Deguchi', 'Keita Saitō']",['Yusuke Suzuki'],4.3,7,7.0,7.9,2418.0,8.4,402
992,"['September 19, 2021']",['Shinzō Fujita'],['Guo Wei Huang'],['Shinichi Suzuki'],['Toshihiro Maeya'],4.1,7,11.0,8.9,3624.0,9.2,487
993,"['September 26, 2021']",['Jin Tanaka'],['Midori Tanaka'],['Masayuki Takagi'],['Masahiro Hosoda'],4.2,5,10.0,7.8,2291.0,8.6,378
994,"['October 3, 2021']",['Tomohiro Nakayama'],['Momoko Fujikura'],['Masahiro Shimanuki'],['Yasunori Koyama'],3.5,5,9.0,9.0,4144.0,9.0,493
995,"['October 10, 2021']",['Shōji Yonemura'],['Tongnian Chen'],['Shigefumi Shingaki'],['Satoshi Itō'],4.1,5,12.0,9.6,8361.0,9.6,788
996,"['October 24, 2021']",['Ryo Yamazaki'],['Yurino Doi'],['Kazuya Hisada'],['Yutaka Nakashima'],4.1,6,11.0,9.2,4164.0,9.0,468
997,"['October 31, 2021']",['Akiko Inoue'],['Guo Wei Huang'],['Kenji Yokoyama'],['Katsumi Tokoro'],3.9,7,7.0,8.9,3755.0,8.6,418
998,"['November 7, 2021']",['Shinzō Fujita'],['Momoko Fujikura'],['Shūichi Itō'],['Kenichi Takeshita'],3.9,6,9.0,8.9,3735.0,9.0,447
999,"['November 14, 2021']",['Jin Tanaka'],['Midori Tanaka'],"['Kimitaka Itō', 'Toshio Deguchi']",['Yusuke Suzuki'],3.9,6,9.0,8.2,2676.0,8.6,571
1000,"['November 21, 2021']",['Shōji Yonemura'],['Tongnian Chen'],"['Yong-Ce Tu', 'Midori Matsuda', 'Keiichi Ichikawa']",['Kōhei Kureta'],4.2,5,8.0,9.5,8128.0,9.0,3514
1001,"['November 28, 2021']",['Tomohiro Nakayama'],['Yurino Doi'],"['Keita Saitō', 'Masahiro Kitazaki']",['Tasuku Shimaya'],3.3,7,11.0,8.9,4174.0,8.8,826
1002,"['December 5, 2021']",['Ryo Yamazaki'],['Momoko Fujikura'],['Shinichi Suzuki'],['Toshihiro Maeya'],3.9,6,10.0,7.7,2654.0,8.4,560
1003,"['December 12, 2021']",['Atsuhiro Tomioka'],['Guo Wei Huang'],['Masayuki Takagi'],['Nanami Michibata'],3.6,7,6.0,8.3,3420.0,8.6,537
1004,"['December 19, 2021']",['Akiko Inoue'],['Tongnian Chen'],['Masahiro Shimanuki'],['Yasunori Koyama'],3.7,7,13.0,8.8,4875.0,9.2,756
1005,"['January 9, 2022']",['Shinzō Fujita'],['Yurino Doi'],['Shigefumi Shingaki'],['Shō Inuzuka'],3.4,7,7.0,6.7,6301.0,8.6,598
1006,"['January 16, 2022']",['Jin Tanaka'],['Midori Tanaka'],['Kazuya Hisada'],['Ryōsuke Tanaka'],4.0,7,10.0,6.8,5254.0,8.4,574
1007,"['January 23, 2022']",['Tomohiro Nakayama'],['Momoko Fujikura'],['Kenji Yokoyama'],['Katsumi Tokoro'],4.0,6,8.0,6.6,4031.0,8.0,538
1008,"['January 30, 2022']",['Shōji Yonemura'],['Guo Wei Huang'],['Shūichi Itō'],['Tasuku Shimaya'],3.5,7,1.0,7.3,3565.0,8.6,566
1009,"['February 6, 2022']",['Ryo Yamazaki'],['Yurino Doi'],"['Kimitaka Itō', 'Toshio Deguchi']",['Yusuke Suzuki'],4.0,6,11.0,7.1,3142.0,8.2,493
1010,"['February 13, 2022']",['Akiko Inoue'],['Tongnian Chen'],"['Midori Matsuda', 'Kazuya Hisada', 'Shigenori Taniguchi']",['Kōhei Kureta'],3.9,6,9.0,8.1,2888.0,8.8,695
1011,"['February 20, 2022']",['Shinzō Fujita'],['Midori Tanaka'],"['Keita Saitō', 'Masahiro Kitazaki']",['Masahiro Hosoda'],4.0,4,4.0,7.7,2470.0,8.6,542
1012,"['February 27, 2022']",['Jin Tanaka'],['Toshinori Iino'],['Shinichi Suzuki'],['Toshihiro Maeya'],3.6,7,9.0,7.6,2408.0,8.4,543
1013,"['March 6, 2022']",['Tomohiro Nakayama'],['Guo Wei Huang'],['Masayuki Takagi'],['Ryōta Nakamura'],4.2,5,10.0,8.9,3926.0,9.0,643
1014,"['April 17, 2022']",['Shōji Yonemura'],"['Midori Tanaka', 'Dhavee Morato']",['Masahiro Shimanuki'],['Katsumi Tokoro'],2.9,7,10.0,8.4,3315.0,8.8,696
1015,"['April 24, 2022']",['Ryo Yamazaki'],['Tongnian Chen'],"['Keisuke Mori', 'Kimitaka Itō', 'Takashi Kojima', 'Takumi Yamamoto']",['Megumi Ishitani'],3.4,6,14.0,9.7,88003.0,9.6,4482
1016,"['May 8, 2022']",['Atsuhiro Tomioka'],['Yurino Doi'],['Shigefumi Shingaki'],['Yasunori Koyama'],3.2,8,11.0,9.3,6535.0,8.8,889
1017,"['May 15, 2022']",['Akiko Inoue'],['Toshinori Iino'],['Yong-Ce Tu'],"['Kōhei Kureta', 'Nanami Michibata']",3.4,4,19.0,9.6,22492.0,9.6,1489
1018,"['May 22, 2022']",['Shinzō Fujita'],['Guo Wei Huang'],['Kenji Yokoyama'],['Kenichi Takeshita'],3.3,5,15.0,9.0,4625.0,8.4,845
1019,"['May 29, 2022']",['Jin Tanaka'],['Midori Tanaka'],"['Keita Saitō', 'Toshio Deguchi']",['Ryōsuke Tanaka'],3.5,5,11.0,7.7,2091.0,8.4,692
1020,"['June 5, 2022']",['Tomohiro Nakayama'],['Tongnian Chen'],['Kazuya Hisada'],['Tasuku Shimaya'],3.1,6,12.0,7.6,2182.0,8.6,873
1021,"['June 12, 2022']",['Atsuhiro Tomioka'],['Guo Wei Huang'],['Shūichi Itō'],['Masahiro Hosoda'],3.5,5,11.0,7.7,2097.0,8.6,640
1022,"['June 19, 2022']",['Ryo Yamazaki'],['Toshinori Iino'],['Masayuki Takagi'],['Yusuke Suzuki'],3.1,5,11.0,7.8,1843.0,8.6,653
1023,"['July 3, 2022']",['Atsuhiro Tomioka'],"['Midori Tanaka', 'Dhavee Morato']",['Shinichi Suzuki'],['Toshihiro Maeya'],3.1,4,11.0,7.5,1760.0,8.4,649
1024,"['July 10, 2022']",['Akiko Inoue'],['Yurino Doi'],['Masahiro Shimanuki'],['Shō Inuzuka'],3.5,4,6.0,7.7,1850.0,8.6,735
1025,"['July 17, 2022']",['Shinzō Fujita'],['Eiji Hamano'],['Shigefumi Shingaki'],['Katsumi Tokoro'],3.1,5,12.0,9.0,3983.0,8.8,985
1026,"['July 24, 2022']",['Jin Tanaka'],['Tongnian Chen'],"['Masahiro Kitazaki', 'Kimitaka Itō', 'Yong-Ce Tu', 'Toshio Deguchi']",['Ryōta Nakamura'],3.2,5,3.0,9.5,6569.0,9.4,986
1027,"['July 31, 2022']",['Tomohiro Nakayama'],['Momoko Fujikura'],"['Midori Matsuda', 'Keita Saitō']",['Tatsuya Nagamine'],3.4,6,10.0,9.6,7389.0,9.0,836
1028,"['August 7, 2022']",['Shōji Yonemura'],['Guo Wei Huang'],['Kazuya Hisada'],['Yasunori Koyama'],3.4,5,6.0,9.7,11020.0,9.4,1551
1029,"['August 14, 2022']",['Akiko Inoue'],['Takafumi Mizuno'],"['Shaolei Li', 'Takuya Imakado', 'Huan Ge', 'STUDIO MASSKET']",['Shigeyasu Yamauchi'],3.5,5,0.0,7.0,1707.0,7.8,1149
1030,"['August 21, 2022']",['Ryo Yamazaki'],['Takafumi Mizuno'],['Kenji Yokoyama'],['Katsumi Tokoro'],3.9,4,0.0,7.5,1616.0,8.4,1649
1031,"['September 4, 2022']",['Ryo Yamazaki'],"['Midori Tanaka', 'Erwin Sadia']",['Shūichi Itō'],['Satoshi Itō'],3.8,4,2.0,7.8,1794.0,8.6,1791
1032,"['September 11, 2022']",['Atsuhiro Tomioka'],"['Toshinori Iino', 'Dino Santos']",['Masayuki Takagi'],['Tasuku Shimaya'],3.3,6,5.0,7.6,1725.0,8.6,1579
1033,"['September 18, 2022']",['Akiko Inoue'],"['Yurino Doi', 'Dhavee Morato']","['Masahiro Kitazaki', 'Kimitaka Itō', 'Yong-Ce Tu']",['Ryōsuke Tanaka'],3.7,4,8.0,9.6,8830.0,9.4,2128
1034,"['September 25, 2022']",['Shinzō Fujita'],"['Tongnian Chen', 'Erwin Sadia']","['Masahiko Inuzuka', 'Satohiko Sano']",['Satohiko Sano'],3.4,4,10.0,7.7,1685.0,8.6,1460
1035,"['October 2, 2022']",['Jin Tanaka'],['Momoko Fujikura'],['Masahiro Shimanuki'],['Shō Inuzuka'],3.8,5,11.0,7.7,1690.0,8.4,1725
1036,"['October 16, 2022']",['Tomohiro Nakayama'],"['Midori Tanaka', 'Dino Santos']",['Shigefumi Shingaki'],['Yusuke Suzuki'],3.4,5,11.0,9.0,3757.0,8.8,1370
1037,"['October 23, 2022']",['Shōji Yonemura'],"['Yurino Doi', 'Dhavee Morato']","['Keita Saitō', 'Toshio Deguchi']",['Masahiro Hosoda'],3.4,6,10.0,7.3,1626.0,8.4,1181
1038,"['October 30, 2022']",['Ryo Yamazaki'],"['Toshinori Iino', 'Tongnian Chen', 'Erwin Sadia']",['Kazuya Hisada'],['Nanami Michibata'],3.7,4,10.0,8.3,2119.0,8.8,1273
1039,"['November 6, 2022']",['Atsuhiro Tomioka'],"['Nagisa Nishida', 'Dino Santos']",['Kenji Yokoyama'],['Kenichi Takeshita'],3.6,5,11.0,7.7,1773.0,8.6,1111
1040,"['November 13, 2022']",['Akiko Inoue'],['Takafumi Mizuno'],['Shūichi Itō'],['Katsumi Tokoro'],3.7,4,14.0,8.4,2061.0,9.0,1441
1041,"['November 20, 2022']",['Shinzō Fujita'],"['Toshinori Iino', 'Dhavee Morato']",['Masayuki Takagi'],['Tasuku Shimaya'],3.5,5,9.0,7.2,1648.0,8.4,1078
1042,"['November 27, 2022']",['Jin Tanaka'],"['Tongnian Chen', 'Erwin Sadia']","['Shaolei Li', 'Takuya Imakado', 'Mami Kotoku', 'Zhenlei Cheng', 'STUDIO MASSKET']",['Shigeyasu Yamauchi'],3.5,5,9.0,7.1,1754.0,8.0,1093
1043,"['December 4, 2022']",['Tomohiro Nakayama'],['Momoko Fujikura'],['Masahiro Kitazaki'],['Shō Matsui'],3.2,6,11.0,8.1,1948.0,8.6,1081
1044,"['December 11, 2022']",['Shōji Yonemura'],['Takafumi Mizuno'],"['Masahiro Shimanuki', 'Ziwei He']",['Yasunori Koyama'],3.6,7,12.0,9.4,5008.0,9.2,1347
1045,"['December 18, 2022']",['Atsuhiro Tomioka'],"['Midori Tanaka', 'Jun Golez']",['Shigefumi Shingaki'],['Yūji Tokuno'],3.9,4,12.0,9.1,3768.0,8.8,1504
1046,"['January 8, 2023']",['Shinzō Fujita'],"['Toshinori Iino', 'Dino Santos']","['Keita Saitō', 'Toshio Deguchi']",['Shō Inuzuka'],3.4,7,11.0,9.4,8987.0,9.2,1417
1047,"['January 15, 2023']",['Jin Tanaka'],"['Nagisa Nishida', 'Dhavee Morato']",['Kazuya Hisada'],['Yutaka Nakashima'],3.8,4,11.0,7.8,3930.0,8.6,1129
1048,"['January 22, 2023']",['Tomohiro Nakayama'],"['Yurino Doi', 'Erwin Sadia']",['Kenji Yokoyama'],['Ryōsuke Tanaka'],3.5,4,11.0,9.1,6463.0,9.0,1257
1049,"['January 29, 2023']",['Shōji Yonemura'],"['Tongnian Chen', 'Jun Golez']",['Shūichi Itō'],['Yusuke Suzuki'],3.7,6,13.0,9.4,8809.0,9.4,1556
1050,"['February 5, 2023']",['Ryo Yamazaki'],"['Toshinori Iino', 'Dino Santos']",['Masayuki Takagi'],['Masahiro Hosoda'],3.8,5,11.0,8.2,3700.0,8.6,1497
1051,"['February 12, 2023']",['Atsuhiro Tomioka'],"['Midori Tanaka', 'Dhavee Morato']","['Masahiro Kitazaki', 'Yong-Ce Tu(Assistant)']",['Wataru Matsumi'],3.9,4,11.0,9.2,6598.0,9.2,1422
1052,"['February 19, 2023']",['Akiko Inoue'],"['Yurino Doi', 'Erwin Sadia']",['Masahiro Shimanuki'],['Tasuku Shimaya'],3.4,5,11.0,8.1,3360.0,8.6,1157
1053,"['February 26, 2023']",['Shinzō Fujita'],"['Tongnian Chen', 'Dino Santos']",['Shigefumi Shingaki'],['Katsumi Tokoro'],3.5,7,5.0,8.0,3953.0,8.8,1388
1054,"['March 19, 2023']",['Jin Tanaka'],"['Toshinori Iino', 'Jun Golez']","['Keita Saitō', 'Toshio Deguchi']","['Yūji Tokuno', 'Yasunori Koyama']",3.3,7,12.0,8.9,3806.0,8.8,1176
1055,"['March 26, 2023']",['Tomohiro Nakayama'],"['Midori Tanaka', 'Erwin Sadia']",['Kazuya Hisada'],['Hazuki Omoya'],3.4,5,11.0,7.4,3115.0,8.4,1196
1056,"['April 2, 2023']",['Shōji Yonemura'],"['Nagisa Nishida', 'Dino Santos']","['Masahiro Kitazaki', 'Kimitaka Itō']",['Shō Matsui'],3.3,6,7.0,8.8,3795.0,8.8,1197
1057,"['April 9, 2023']",['Ryo Yamazaki'],['Dhavee Morato'],['Kenji Yokoyama'],['Nanami Michibata'],3.2,10,11.0,8.6,3777.0,9.0,1161
1058,"['April 16, 2023']",['Atsuhiro Tomioka'],['Tongnian Chen'],['Shūichi Itō'],['Shō Inuzuka'],3.1,8,3.0,7.6,3129.0,8.4,1040
1059,"['April 23, 2023']",['Akiko Inoue'],"['Toshinori Iino', 'Dino Santos']",['Masayuki Takagi'],['Yusuke Suzuki'],3.4,6,11.0,8.3,3929.0,8.6,1029
1060,"['April 30, 2023']",['Shinzō Fujita'],"['Yurino Doi', 'Erwin Sadia']","['Masahiro Shimanuki', 'Midori Matsuda']",['Tasuku Shimaya'],3.6,6,8.0,9.2,7749.0,9.2,1458
1061,"['May 7, 2023']",['Jin Tanaka'],['Nagisa Nishida'],"['Shigefumi Shingaki', 'Yong-Ce Tu']",['Ryōta Nakamura'],3.5,6,3.0,9.6,32536.0,9.4,2199
1062,"['May 21, 2023']",['Tomohiro Nakayama'],['Dhavee Morato'],"['Keita Saitō', 'Midori Matsuda', 'Katsumi Ishizuka']",['Ryōsuke Tanaka'],3.7,4,15.0,9.7,102327.0,9.4,3310
1063,"['May 28, 2023']",['Shōji Yonemura'],"['Tongnian Chen', 'Jason dela Cruz']",['Toshio Deguchi'],['Masahiro Hosoda'],3.2,5,13.0,8.2,5118.0,8.6,1187
1064,"['June 4, 2023']",['Ryo Yamazaki'],['Momoko Fujikura'],['Kazuya Hisada'],['Katsumi Tokoro'],2.7,8,15.0,8.8,5341.0,8.8,1175
1065,"['June 11, 2023']",['Atsuhiro Tomioka'],"['Midori Tanaka', 'Elton Ongjoco']","['Shigefumi Shingaki', 'Kimitaka Itō']",['Hazuki Omoya'],3.2,7,15.0,8.4,4820.0,8.8,1230
1066,"['June 25, 2023']",['Akiko Inoue'],['Nagisa Nishida'],"['Masahiro Kitazaki', 'Henry Thurlow(Assistant)', 'Kimitaka Itō(Assistant)']",['Henry Thurlow[note 1]'],3.2,5,16.0,9.6,17655.0,9.4,1637
1067,"['July 2, 2023']",['Shinzō Fujita'],['Dhavee Morato'],['Kenji Yokoyama'],['Kenichi Takeshita'],3.5,3,13.0,9.3,11634.0,9.2,1327
1068,"['July 9, 2023']",['Jin Tanaka'],['Momoko Fujikura'],"['Masahiro Shimanuki', 'Toshio Deguchi']",['Shō Matsui'],2.9,7,1.0,8.9,9600.0,9.0,1195
1069,"['July 16, 2023']",['Tomohiro Nakayama'],['Tongnian Chen'],['Masayuki Takagi'],['Shō Inuzuka'],3.1,4,16.0,9.3,13594.0,9.2,1744
1070,"['July 30, 2023']",['Ryo Yamazaki'],"['Midori Tanaka', 'Jason dela Cruz']",['Shūichi Itō'],['Yusuke Suzuki'],3.5,5,15.0,9.3,24901.0,9.4,2725
1071,"['August 6, 2023']",['Atsuhiro Tomioka'],['Nagisa Nishida'],"['Midori Matsuda', 'Keita Saitō']",['Tatsuya Nagamine'],3.9,4,15.0,9.2,75263.0,9.0,6868
1072,"['August 13, 2023']",['Akiko Inoue'],['Dhavee Morato'],"['Nobuyuki Iwai', 'Keisuke Mori', 'Kimitaka Itō', 'Shigefumi Shingaki', 'Yong-Ce Tu(Assistant)', 'Ryō Ōnishi(Assistant)', 'Bahi JD(Assistant)', 'Akihiro Ota(Assistant)', 'Masayuki Sato(Assistant)']",['Tasuku Shimaya'],3.5,4,17.0,9.4,33377.0,9.0,2985
1073,"['August 20, 2023']",['Shinzō Fujita'],['Tongnian Chen'],['Mamoru Yokota'],['Katsumi Tokoro'],3.5,4,13.0,7.9,13556.0,7.8,1884
1074,"['September 3, 2023']",['Jin Tanaka'],"['Yurino Doi', 'Uli Samañiego']","['Kazuya Hisada', 'Hone Hone', 'Shū Sugita']",['Nanami Michibata'],3.5,5,16.0,9.5,58074.0,9.0,2307
1075,"['September 10, 2023']",['Tomohiro Nakayama'],['Momoko Fujikura'],"['Yong-Ce Tu', 'Masahiro Kitazaki']",['Yasunori Koyama'],3.5,5,15.0,9.0,18012.0,8.2,1827
1076,"['September 17, 2023']",['Shōji Yonemura'],['Nagisa Nishida'],"['Yong-Ce Tu', 'Ziwei He']",['Satoshi Itō'],3.1,5,15.0,9.5,24637.0,9.0,2051
1077,"['September 24, 2023']",['Ryo Yamazaki'],['Dhavee Morato'],"['Toshio Deguchi', 'Masahiro Shimanuki']",['Hazuki Omoya'],3.8,4,15.0,8.6,6015.0,9.0,1404
1078,"['October 1, 2023']",['Atsuhiro Tomioka'],['Tongnian Chen'],['Kenji Yokoyama'],['Toshinori Fukuzawa'],3.2,7,15.0,8.7,4462.0,9.2,1487
1079,"['October 15, 2023']",['Akiko Inoue'],['Dino Santos'],['Masayuki Takagi'],['Yusuke Suzuki'],3.3,5,15.0,8.4,3873.0,9.0,1214
1080,"['October 22, 2023']",['Shinzō Fujita'],['Midori Tanaka'],"['Shūichi Itō', 'Toshio Deguchi', 'Katsumi Ishizuka(Assistant)', 'Kenji Yokoyama(Assistant)']",['Ryōta Nakamura'],3.5,4,14.0,8.9,5018.0,9.2,1475
1081,"['October 29, 2023']",['Jin Tanaka'],['Momoko Fujikura'],['Shigefumi Shingaki'],['Shō Matsui'],3.6,6,18.0,9.0,6071.0,9.2,1338
1082,"['November 5, 2023']",['Tomohiro Nakayama'],['Dhavee Morato'],"['Keita Saitō', 'Kimitaka Itō']",['Shō Inuzuka'],3.5,5,16.0,8.4,5909.0,9.0,1212
1083,"['November 12, 2023']",['Shōji Yonemura'],['Tongnian Chen'],['Kazuya Hisada'],['Katsumi Tokoro'],3.3,8,15.0,8.0,3560.0,8.8,1052
1084,"['November 19, 2023']",['Shōji Yonemura'],['Dino Santos'],['Masahiro Kitazaki'],['Kenichi Takeshita'],3.5,7,0.0,7.9,3396.0,8.8,1033
1085,"['November 26, 2023']",['Ryo Yamazaki'],['Nagisa Nishida'],['Mamoru Yokota'],['Toshinori Fukuzawa'],3.4,7,15.0,8.5,3582.0,8.8,1300
1086,"['December 3, 2023']",['Atsuhiro Tomioka'],['Momoko Fujikura'],['Masahiro Shimanuki'],['Tasuku Shimaya'],3.2,9,13.0,9.1,4713.0,9.2,1170
1087,"['December 10, 2023']",['Akiko Inoue'],['Dhavee Morato'],"['Yong-Ce Tu', 'Toshio Deguchi']",['Hazuki Omoya'],3.2,7 (Tied with Crayon Shin,11.0,9.3,5467.0,9.0,1055
1088,"['December 17, 2023']",['Shinzō Fujita'],['Tongnian Chen'],['Kenji Yokoyama'],['Tatsuya Nagamine'],3.2,8,10.0,9.2,6043.0,9.0,1451
1089,"['January 7, 2024']",['Jin Tanaka'],"['Guo Wei Huang', 'Dino Santos']","['Ziwei He', 'Keisuke Mori', 'Shūichi Itō', 'Midori Matsuda']",['Nozomu Shishido'],3.3,8,8.0,9.6,35874.0,9.4,1933
1090,"['January 14, 2024']",['Tomohiro Nakayama'],['Momoko Fujikura'],['Masayuki Takagi'],['Yusuke Suzuki'],3.7,8,11.0,8.4,5035.0,9.0,1270
1091,"['January 21, 2024']",['Shōji Yonemura'],"['Midori Tanaka', 'Nagisa Nishida']","['Keita Saitō', 'Kimitaka Itō']",['Shō Matsui'],3.2,7 (Tied with Crayon Shin,13.0,8.2,4061.0,9.0,1065
1092,"['January 28, 2024']",['Ryo Yamazaki'],['Dhavee Morato'],['Shigefumi Shingaki'],['Katsumi Tokoro'],3.5,5,8.0,8.4,3974.0,9.0,1116
1093,"['February 11, 2024']",['Atsuhiro Tomioka'],['Tongnian Chen'],"['Kazuya Hisada', 'Katsumi Ishizuka']",['Shō Inuzuka'],2.9,7,18.0,9.6,18491.0,9.4,1195
1094,"['February 18, 2024']",['Akiko Inoue'],['Dino Santos'],['Masahiro Kitazaki'],['Yasuhiro Tanabe'],3.1,10,11.0,8.0,3633.0,8.8,920
1095,"['February 25, 2024']",['Shinzō Fujita'],['Momoko Fujikura'],"['Toshio Deguchi', 'RA CRAFT', 'Grand Guerrilla']",['Eri Hyun'],3.0,8 (Tied with Let's Go! Anpanman) *,11.0,8.0,3475.0,8.8,923
1096,"['March 3, 2024']",['Jin Tanaka'],"['Natsuki Takeda', 'Nagisa Nishida']",['Masahiro Shimanuki'],['Tasuku Shimaya'],3.2,7,7.0,8.9,4354.0,9.2,1060
1097,"['March 17, 2024']",['Tomohiro Nakayama'],['Dhavee Morato'],['Kenji Yokoyama'],['Hazuki Omoya'],3.1,6,12.0,8.7,3645.0,9.0,903
1098,"['March 24, 2024']",['Shōji Yonemura'],['Tongnian Chen'],['Shūichi Itō'],['Toshinori Fukuzawa'],3.1,5,13.0,8.4,3157.0,8.8,825
1099,"['March 31, 2024']",['Ryo Yamazaki'],['Dino Santos'],['Masayuki Takagi'],['Kenichi Takeshita'],2.9,5 (Tied with Doraemon) *,6.0,8.5,3344.0,9.0,949
1100,"['April 7, 2024']",['Atsuhiro Tomioka'],['Midori Tanaka'],"['Keita Saitō', 'Kimitaka Itō', 'Hiroyasu Oda', 'Shin Kashiwaguma(Assistant)', 'Akihiro Ota(Assistant)', 'Kaito Tomioka(Assistant)']",['Nozomu Shishido'],3.0,7,12.0,9.7,34172.0,9.4,2633
1101,"['April 21, 2024']",['Akiko Inoue'],"['Nagisa Nishida', 'Natsuki Takeda']","['Yong-Ce Tu', 'Ziwei He', 'Masayuki Sato(Assistant)']",['Wataru Matsumi'],,,12.0,9.6,18845.0,9.0,1227
1102,"['April 28, 2024']",['Shinzō Fujita'],['Dhavee Morato'],['Shigefumi Shingaki'],['Yusuke Suzuki'],2.6,7,10.0,8.1,2858.0,8.8,929
1103,"['May 5, 2024']",['Jin Tanaka'],['Jiao Mou'],['Kazuya Hisada'],['Katsumi Tokoro'],2.6,10,12.0,8.5,3264.0,8.8,928
1104,"['May 12, 2024']",['Tomohiro Nakayama'],['Dino Santos'],['Masahiro Kitazaki'],['Shō Matsui'],2.7,8 (Tied with Crayon Shin,9.0,8.8,3230.0,9.0,921
1105,"['May 19, 2024']",['Shōji Yonemura'],['Momoko Fujikura'],"['Toshio Deguchi', 'RA CRAFT', 'Grand Guerrilla', 'Naotoshi Shida(Assistant)']",['Hazuki Omoya'],2.9,7,11.0,8.3,2881.0,9.0,864
1106,"['May 26, 2024']",['Ryo Yamazaki'],"['Natsuki Takeda', 'Nagisa Nishida']",['Eisaku Inoue'],['Eri Hyun'],2.8,6,10.0,7.8,3271.0,8.8,828
1107,"['June 2, 2024']",['Akiko Inoue'],['Dhavee Morato'],['Kenji Yokoyama'],['Tasuku Shimaya'],2.7,6,11.0,7.4,3023.0,8.4,807
1108,"['June 9, 2024']",['Shinzō Fujita'],['Jiao Mou'],"['Masahiro Shimanuki', 'Shin Kashiwaguma(Assistant)', 'Hiroto Saitō(Assistant)']",['Atsuki Yamai'],2.8,7 (Tied with Pretty Cure) *,7.0,7.6,3097.0,8.6,891
1109,"['June 23, 2024']",['Jin Tanaka'],['Dino Santos'],"['Masayuki Takagi', 'Eisaku Inoue(Assistant)']",['Nanami Michibata'],3.5,5,5.0,9.2,7936.0,9.0,898
1110,"['June 30, 2024']",['Tomohiro Nakayama'],['Tongnian Chen'],"['Shūichi Itō', 'Nobuyuki Iwai']",['Katsumi Tokoro'],2.7,8,13.0,8.1,3110.0,8.6,884
1111,"['July 7, 2024']",['Shōji Yonemura'],['Dhavee Morato'],"['Keita Saitō', 'Kimitaka Itō', 'Keisuke Mori', 'Kenji Yokoyama(Assistant)', 'Neru Takuyama(Assistant)']",['Toshinori Fukuzawa'],2.9,4 (Tied with Crayon Shin,13.0,8.4,2866.0,8.8,946
1112,"['July 14, 2024']",['Ryo Yamazaki'],"['Natsuki Takeda', 'Nagisa Nishida']","['Yong-Ce Tu', 'Ziwei He', 'Masayuki Sato(Assistant)', 'Akihiro Ota(Assistant)']",['Wataru Matsumi'],3.1,4,13.0,9.7,33541.0,9.6,1523
1113,"['July 28, 2024']",['Atsuhiro Tomioka'],['Jiao Mou'],"['Shigefumi Shingaki', 'Toshio Deguchi', 'Masahiro Kitazaki(Assistant)']",['Yusuke Suzuki'],2.7,5,9.0,8.3,3284.0,8.8,879
1114,"['August 4, 2024']",['Akiko Inoue'],['Dino Santos'],"['Kazuya Hisada', 'Hone Hone']",['Hazuki Omoya'],2.7,6 (Tied with That Time I Got Reincarnated as a Slime) *,12.0,9.7,22976.0,9.4,1109
1115,"['August 11, 2024']",['Shinzō Fujita'],['Momoko Fujikura'],"['Masahiro Kitazaki', 'Hiroyasu Oda', 'Hone Hone', 'RA CRAFT', 'Grand Guerrilla', 'Ririka Fukatani', 'Chiharu Akakura', 'Evereux{Assistant}', 'Shin Kashiwaguma{Assistant}', 'Hiroto Saitō{Assistant}']",['Nozomu Shishido'],2.7,4,9.0,9.7,17136.0,9.4,1130
1116,"['August 18, 2024']",['Jin Tanaka'],"['Natsuki Takeda', 'Yuko Doi', 'Eiji Hamano']",['Eisaku Inoue'],['Eri Hyun'],2.9,5,13.0,8.3,2962.0,8.8,947
1117,"['September 1, 2024']",['Tomohiro Nakayama'],['Dhavee Morato'],['Kenji Yokoyama'],['Tasuku Shimaya'],2.8,7,13.0,8.1,2734.0,8.6,835
1118,"['September 8, 2024']",['Shōji Yonemura'],['Jiao Mou'],['Masayuki Takagi'],['Kenichi Takeshita'],2.5,9,14.0,9.0,4586.0,9.0,842
1119,"['September 15, 2024']",['Atsuhiro Tomioka'],['Dino Santos'],"['Ziwei He', 'Masahiro Shimanuki']",['Yasuhiro Tanabe'],2.5,9,15.0,9.5,8993.0,9.2,864
1120,"['September 22, 2024']",['Atsuhiro Tomioka'],"['Natsuki Takeda', 'Eiji Hamano', 'Yuko Doi']","['Shūichi Itō', 'Toshio Deguchi']",['Katsumi Tokoro'],2.8,6 (Tied with My Hero Academia and Doraemon) *,12.0,8.7,3888.0,9.0,1063
1121,"['October 6, 2024']",['Akiko Inoue'],['Dhavee Morato'],"['Masahiro Kitazaki', 'Yong-Ce Tu']",['Shō Matsui'],2.5,8,13.0,9.5,15526.0,9.0,1017
1122,"['October 13, 2024']",['Shinzō Fujita'],['Jiao Mou'],"['Kazuya Hisada', 'Keita Saitō', 'Katsumi Ishizuka', 'Hiroyasu Oda', 'Chiharu Akakura', 'Akihiro Ota(Assistant)', 'Ririka Fukatani(Assistant)', '']",['Yasunori Koyama'],2.5,10,16.0,9.7,17562.0,9.4,2827
1123,"['April 5, 2025']",['Shōji Yonemura'],"['Dhavee Morato', 'Guo Wei Huang']",['Kenji Yokoyama'],['Satoshi Itō'],3.9,5,15.0,9.0,6835.0,9.0,1144
1124,"['April 6, 2025']",['Jin Tanaka'],['Dino Santos'],['Eisaku Inoue'],['Aimi Yamauchi'],3.7,6,15.0,8.6,6013.0,9.0,1072
1125,"['April 13, 2025']",['Tomohiro Nakayama'],['Dhavee Morato'],"['Masayuki Takagi', 'Katsumi Ishizuka']",['Yasushi Tomoda'],3.1,7,16.0,9.5,8420.0,9.4,1112
1126,"['April 20, 2025']",['Atsuhiro Tomioka'],['Dino Santos'],"['Toshio Deguchi', 'Masahiro Kitazaki']",['Hazuki Omoya'],2.8,6,15.0,9.0,6305.0,9.0,920
1127,"['April 27, 2025']",['Akiko Inoue'],['Dhavee Morato'],"['Yong-Ce Tu', 'Ziwei He', 'Akihiro Ota(Assistant)', 'Liu Zhiguang(Assistant)']",['Wataru Matsumi'],2.9,6,13.0,9.6,10532.0,9.2,974
1128,"['May 4, 2025']",['Shinzō Fujita'],['Dino Santos'],['Shin Kashiwaguma'],['Nozomu Shishido'],3.2,6,16.0,9.7,12241.0,9.4,1101
1129,"['May 18, 2025']",,['Momoko Fujikura'],"['Keita Saitō', 'Kimitaka Itō', 'Fujī Rina', 'Ririka Fukatani', 'Katsumi Ishizuka', 'Neru Takuyama']",['Tasuku Shimaya'],2.9,5,13.0,9.6,9007.0,9.2,750
1130,"['May 25, 2025']",['Jin Tanaka'],['Dhavee Morato'],"['Kazuya Hisada', 'Keisuke Mori(Training)']",['Eri Hyun'],2.7,7 (Tied with The Dinner Table Detective) *,15.0,9.6,9045.0,9.4,928
1131,"['June 1, 2025']",['Tomohiro Nakayama'],['Dino Santos'],['Masahiro Kitazaki'],['Katsumi Tokoro'],2.9,7,11.0,9.1,5596.0,9.0,768
1132,"['June 8, 2025']",['Ryo Yamazaki'],['Miho Kawakami'],"['Shigefumi Shingaki', 'Shūichi Itō']",['Shō Inuzuka'],,,13.0,9.4,5636.0,9.2,745
1133,"['June 15, 2025']",['Atsuhiro Tomioka'],"['Dhavee Morato', 'Yuko Doi']",['Eisaku Inoue'],['Toshinori Fukuzawa'],2.7,8 (Tied with Crayon Shin,15.0,9.2,5248.0,9.2,809
1134,"['June 29, 2025']",['Akiko Inoue'],['Momoko Fujikura'],"['Takagi Masayuki', 'Toshio Deguchi']",['Hazuki Omoya'],2.8,8,15.0,9.2,5243.0,9.2,747
1135,"['July 6, 2025']",,"['Dino Santos', 'Midori Tanaka']",['Kenji Yokoyama'],"['Shō Matsui', 'Wataru Matsumi']",3.7,7,14.0,9.3,6212.0,9.2,766
1136,"['July 13, 2025']",['Shōji Yonemura'],['Dhavee Morato'],"['Hiroto Saitō', 'Kimitaka Itō', 'Masayuki Sato', 'Keisuke Mori(Training)', '']",['Yasunori Koyama'],2.7,5,15.0,9.8,45713.0,9.6,2094
1137,"['July 27, 2025']",['Jin Tanaka'],['Dhavee Morato'],"['Yong-Ce Tu', 'Ziwei He', 'Keisuke Mori(Training)']",['Wataru Matsumi'],2.7,5,17.0,9.7,17774.0,9.4,1212
1138,"['August 3, 2025']",['Tomohiro Nakayama'],['Momoko Fujikura'],['Masahiro Kitazaki'],['Tomohiro Higashi'],2.6,5,9.0,8.0,6530.0,8.2,845
1139,"['August 10, 2025']",['Ryo Yamazaki'],['Tomomi Iwase'],['Kazuya Hisada'],['Yusuke Suzuki'],2.6,7 (Tied with Doraemon) *,11.0,8.3,5014.0,8.8,736
1140,"['August 17, 2025']",['Atsuhiro Tomioka'],"['Dino Santos', 'Erwin Sadia', 'Uli Samañiego', 'Yuko Doi']","['Nobuyuki Iwai', 'Keita Saitō']",['Yasuhiro Tanabe'],2.3,7 (Tied with Yaiba: Samurai Legend) *,15.0,8.9,6310.0,8.8,979
1141,"['August 24, 2025']",['Akiko Inoue'],['Ryūta Hayashi'],"['Shigefumi Shingaki', 'Shūichi Itō', 'Liu Zhiguang']",['Eri Hyun'],2.7,4 (Tied with You and Idol Pretty Cure) *,15.0,8.6,4975.0,8.8,819
1142,"['September 7, 2025']",['Shinzō Fujita'],['Dhavee Morato'],['Eisaku Inoue'],['Atsuki Yamai'],2.8,5,12.0,9.0,4969.0,9.0,732
1143,"['September 14, 2025']",['Shōji Yonemura'],['Momoko Fujikura'],"['Toshio Deguchi', 'Yuki Yoshida']",['Hazuki Omoya'],2.3,8,13.0,8.9,4949.0,8.8,777
1144,"['September 21, 2025']",['Jin Tanaka'],['Tomomi Iwase'],"['Shin Kashiwaguma', 'Katsumi Ishizuka', 'Yong-Ce Tu']",['Toshinori Fukuzawa'],2.6,5 (Tied with You and Idol Pretty Cure) *,15.0,9.7,19406.0,9.4,1155
1145,"['September 28, 2025']",['Tomohiro Nakayama'],"['Dino Santos', 'Erwin Sadia', 'Uli Samañiego', 'Yuko Doi']",['Masayuki Takagi'],['Kenichi Takeshita'],2.6,5,16.0,8.8,4587.0,8.8,987
1146,"['October 19, 2025']",['Ryo Yamazaki'],['Dhavee Morato'],['Kenji Yokoyama'],['Shō Inuzuka'],2.8,"6 (Tied with ""Spy x Family"" and ""You and Idol Pretty Cure"") *",15.0,8.7,3412.0,9.0,677
1147,"['October 26, 2025']",['Atsuhiro Tomioka'],['Momoko Fujikura'],['Masahiro Kitazaki'],['Katsumi Tokoro'],3.1,7,16.0,8.0,3150.0,8.6,642
1148,"['November 2, 2025']",['Akiko Inoue'],"['Tomomi Iwase', 'Midori Tanaka']",['Kazuya Hisada'],['Yusuke Suzuki'],2.8,6,16.0,8.6,3099.0,9.0,645
1149,"['November 9, 2025']",['Shinzō Fujita'],"['Dino Santos', 'Yuko Doi']","['Hiroto Saitō', 'Yuki Yoshida']",['Shō Matsui'],3.4,4,22.0,9.3,3722.0,9.2,692
1150,"['November 16, 2025']",['Shōji Yonemura'],['Dhavee Morato'],"['Eisaku Inoue', 'Keita Saitō', 'Kimitaka Itō']",['Tomohiro Higashi'],2.8,5,16.0,8.6,3350.0,9.0,779
1151,"['November 30, 2025']",['Jin Tanaka'],"['Momoko Fujikura', 'Emiko Naga']","['Masahiro Shimanuki', 'Liu Zhiguang']",['Eri Hyun'],2.8,7 (Tied with Crayon Shin,21.0,9.6,7478.0,9.4,835
1152,"['December 7, 2025']",['Tomohiro Nakayama'],['Tomomi Iwase'],"['Yong-Ce Tu', 'Ziwei He']",['Nozomu Shishido'],2.8,8,26.0,9.7,6722.0,9.4,824
1153,"['December 14, 2025']",['Ryo Yamazaki'],"['Dino Santos', 'Yuko Doi']","['Toshio Deguchi', 'Runze Wang']",['Hazuki Omoya'],2.8,8,17.0,9.8,9416.0,9.6,940
1154,"['December 21, 2025']",['Atsuhiro Tomioka'],['Dhavee Morato'],"['Masahiro Kitazaki', 'Shigefumi Shingaki']",['Satoshi Itō'],2.4,9 (Tied with Oshiri Tantei) *,20.0,9.0,2639.0,9.2,747
1155,"['December 28, 2025']",['Shōji Yonemura'],['Emiko Naga'],['Shūichi Itō'],"['Atsuki Yamai', 'Yasunori Koyama']",2.6,7,21.0,9.4,3447.0,9.4,2394
